,high_price,low_price,open_price,total_traded_quantity,turnover,label
0,"1,775.25","1,725.10","1,767.85","4,33,169","7,535.79","1,734.60"
1,"1,809.00","1,747.00","1,800.00","21,31,367","37,946.44","1,759.50"
2,"1,776.90","1,725.05","1,761.00","10,21,434","17,882.84","1,747.40"
3,"1,769.65","1,698.80","1,701.00","7,87,831","13,630.79","1,755.10"
4,"1,721.35","1,690.00","1,707.25","4,36,829","7,453.92","1,703.55"
5,"1,710.00","1,635.00","1,700.00","7,15,522","12,085.56","1,705.95"
6,"1,656.90","1,626.20","1,632.90","3,40,155","5,604.26","1,650.80"
7,"1,635.00","1,615.25","1,615.25","58,983",959.11,"1,628.10"
8,"1,627.85","1,604.00","1,610.80","6,37,713","10,318.84","1,609.35"
9,"1,621.45","1,588.00","1,597.65","2,82,561","4,550.90","1,611.65"
10,"1,599.00","1,572.05","1,581.20","3,39,033","5,363.73","1,594.45"
11,"1,605.65","1,570.00","1,591.60","1,93,433","3,062.68","1,580.65"
12,"1,590.70","1,566.95","1,569.90","4,41,205","6,973.95","1,587.60"
13,"1,579.00","1,555.45","1,573.25","2,71,195","4,247.62","1,568.05"
14,"1,611.90","1,572.10","1,591.65","4,73,658","7,530.45","1,579.95"
15,"1,591.90","1,541.25","1,573.00","6,93,964","10,878.89","1,580.05"
16,"1,643.00","1,570.10","1,641.00","3,57,014","5,679.18","1,578.55"
17,"1,655.95","1,626.40","1,653.90","1,71,707","2,815.27","1,636.70"
18,"1,674.15","1,646.00","1,660.00","5,75,938","9,554.19","1,651.00"
19,"1,661.00","1,638.05","1,647.65","2,46,110","4,069.96","1,657.70"
20,"1,656.60","1,630.30","1,644.80","2,00,634","3,305.68","1,652.65"
21,"1,657.00","1,633.00","1,644.00","1,88,158","3,097.98","1,641.60"
22,"1,647.45","1,601.00","1,610.00","3,37,111","5,483.30","1,638.60"
23,"1,615.00","1,586.60","1,595.00","1,78,088","2,854.97","1,612.10"
24,"1,619.00","1,584.50","1,613.00","3,08,239","4,919.75","1,597.90"
25,"1,641.85","1,608.05","1,617.00","4,93,750","8,045.26","1,615.80"
26,"1,624.50","1,605.00","1,613.10","2,08,917","3,374.92","1,608.50"
27,"1,625.00","1,600.10","1,617.00","1,85,520","2,987.39","1,618.75"
28,"1,624.00","1,604.90","1,620.00","1,36,028","2,199.45","1,619.05"
29,"1,620.00","1,600.00","1,606.00","2,43,646","3,925.65","1,612.15"
30,"1,654.65","1,597.20","1,648.80","2,12,244","3,433.38","1,607.00"
31,"1,658.00","1,632.10","1,641.00","2,69,501","4,431.52","1,645.70"
32,"1,671.95","1,639.00","1,662.25","1,85,523","3,070.49","1,643.00"
33,"1,664.30","1,631.65","1,632.20","4,15,312","6,860.54","1,658.10"
34,"1,657.00","1,628.55","1,636.00","3,72,747","6,115.66","1,637.05"
35,"1,641.75","1,595.05","1,623.80","3,00,631","4,894.53","1,635.15"
36,"1,654.00","1,617.45","1,633.10","2,77,804","4,543.55","1,624.40"
37,"1,638.90","1,605.25","1,615.00","1,92,687","3,135.73","1,632.35"
38,"1,633.00","1,571.40","1,580.00","5,47,632","8,817.30","1,619.70"
39,"1,639.90","1,575.00","1,627.20","3,83,499","6,129.22","1,582.95"
40,"1,647.00","1,603.55","1,635.00","3,39,377","5,526.48","1,627.50"
41,"1,692.95","1,616.30","1,692.95","3,09,082","5,061.39","1,626.85"
42,"1,704.50","1,666.00","1,676.00","2,40,074","4,044.68","1,675.40"
43,"1,690.70","1,664.50","1,683.90","1,89,887","3,188.74","1,670.40"
44,"1,729.50","1,690.10","1,729.50","3,51,398","5,991.74","1,694.05"
45,"1,740.00","1,683.10","1,683.10","6,46,805","11,172.56","1,729.65"
46,"1,710.00","1,677.20","1,682.20","2,18,344","3,696.43","1,681.90"
47,"1,699.95","1,656.20","1,691.90","2,79,447","4,664.80","1,679.85"
48,"1,722.95","1,681.00","1,698.00","2,52,482","4,295.92","1,689.30"
49,"1,711.30","1,673.60","1,705.00","3,20,293","5,412.03","1,690.35"
50,"1,728.85","1,696.50","1,701.00","5,63,503","9,627.56","1,701.20"
51,"1,756.70","1,685.10","1,685.10","14,32,166","24,788.80","1,711.25"
52,"1,669.95","1,611.30","1,624.05","5,86,030","9,621.45","1,660.15"
53,"1,632.00","1,603.95","1,613.90","3,73,695","6,030.97","1,624.05"
54,"1,620.00","1,586.25","1,586.25","2,67,323","4,304.41","1,608.55"
55,"1,625.00","1,570.00","1,625.00","3,57,316","5,669.96","1,593.05"
56,"1,635.00","1,606.05","1,626.65","3,73,117","6,053.16","1,626.55"
57,"1,644.85","1,589.05","1,603.00","4,81,629","7,780.40","1,636.00"
58,"1,626.80","1,591.10","1,607.30","5,26,758","8,482.30","1,601.60"
59,"1,613.90","1,587.65","1,610.05","5,39,573","8,647.64","1,607.30"
60,"1,615.60","1,513.55","1,518.00","20,98,030","33,264.65","1,607.00"
61,"1,511.55","1,486.00","1,509.45","3,00,211","4,492.98","1,495.45"
62,"1,522.00","1,504.90","1,511.00","2,79,143","4,224.69","1,511.05"
63,"1,517.90","1,485.45","1,495.80","4,57,047","6,857.32","1,511.35"
64,"1,519.45","1,482.10","1,504.85","3,56,304","5,358.52","1,492.85"
65,"1,514.75","1,475.00","1,493.40","5,59,903","8,390.13","1,503.20"
66,"1,512.00","1,487.25","1,490.00","5,67,719","8,538.32","1,494.15"
67,"1,507.75","1,476.00","1,482.35","3,20,691","4,790.06","1,494.55"
68,"1,493.55","1,458.05","1,468.00","2,31,632","3,434.21","1,489.90"
69,"1,478.00","1,465.55","1,471.50","1,61,606","2,378.34","1,473.80"
70,"1,489.50","1,461.45","1,480.00","1,86,840","2,763.84","1,468.10"
71,"1,494.95","1,458.55","1,463.25","2,86,721","4,237.99","1,489.75"
72,"1,477.00","1,453.15","1,462.35","2,82,291","4,136.27","1,470.20"
73,"1,476.40","1,455.50","1,470.00","4,41,124","6,469.36","1,461.95"
74,"1,450.00","1,422.10","1,422.10","4,25,733","6,143.34","1,446.05"
75,"1,430.50","1,412.50","1,424.40","4,05,551","5,762.71","1,418.95"
76,"1,435.10","1,417.00","1,419.00","3,14,236","4,485.90","1,423.35"
77,"1,423.70","1,396.80","1,396.80","3,00,560","4,253.19","1,417.20"
78,"1,403.00","1,390.85","1,396.45","3,62,440","5,064.99","1,396.80"
79,"1,410.00","1,393.10","1,400.40","1,99,030","2,788.14","1,396.45"
80,"1,404.70","1,380.40","1,389.00","1,95,943","2,731.85","1,400.75"
81,"1,411.80","1,383.85","1,408.90","1,57,023","2,189.75","1,386.40"
82,"1,421.20","1,406.05","1,411.00","1,65,807","2,346.01","1,413.05"
83,"1,417.45","1,405.50","1,417.45","2,26,054","3,190.11","1,408.70"
84,"1,427.90","1,403.30","1,425.50","2,48,632","3,513.69","1,411.50"
85,"1,431.00","1,419.00","1,428.90","2,84,330","4,047.02","1,422.00"
86,"1,431.45","1,418.00","1,426.00","2,30,384","3,281.41","1,420.40"
87,"1,429.95","1,408.55","1,425.00","5,68,073","8,042.16","1,415.40"
88,"1,415.00","1,395.95","1,407.00","2,79,160","3,927.12","1,400.00"
89,"1,424.40","1,386.70","1,387.45","5,83,817","8,227.38","1,401.95"
90,"1,409.00","1,386.30","1,391.65","6,37,044","8,916.72","1,397.95"
91,"1,395.00","1,383.00","1,395.00","2,90,023","4,025.42","1,387.35"
92,"1,407.40","1,388.55","1,398.00","1,51,011","2,108.14","1,393.45"
93,"1,416.90","1,390.90","1,405.00","2,39,017","3,346.27","1,393.70"
94,"1,438.85","1,401.65","1,417.65","4,12,473","5,871.00","1,407.85"
95,"1,422.00","1,406.45","1,416.00","3,38,182","4,781.49","1,408.95"
96,"1,423.95","1,402.70","1,422.65","5,54,038","7,814.15","1,411.50"
97,"1,443.45","1,410.80","1,443.45","2,41,883","3,431.17","1,417.50"
98,"1,453.90","1,427.95","1,448.90","3,83,587","5,525.92","1,438.10"
99,"1,477.00","1,443.40","1,470.00","2,37,273","3,471.33","1,447.60"
100,"1,474.50","1,448.20","1,452.50","2,18,786","3,202.00","1,467.45"
101,"1,477.90","1,455.55","1,467.30","1,51,885","2,227.42","1,460.65"
102,"1,474.60","1,452.10","1,460.00","1,37,686","2,013.94","1,465.70"
103,"1,459.60","1,435.35","1,447.70","1,66,282","2,413.74","1,455.85"
104,"1,477.10","1,435.10","1,466.20","2,66,161","3,880.29","1,442.90"
105,"1,487.00","1,461.90","1,485.00","2,29,223","3,367.61","1,465.55"
106,"1,502.30","1,462.10","1,492.00","2,32,611","3,452.86","1,487.55"
107,"1,496.95","1,474.50","1,487.45","1,52,607","2,267.61","1,486.95"
108,"1,512.05","1,477.60","1,497.15","3,73,250","5,580.21","1,485.50"
109,"1,504.00","1,456.90","1,456.90","6,49,755","9,687.59","1,497.10"
110,"1,483.70","1,445.40","1,483.70","2,90,474","4,234.24","1,456.20"
111,"1,502.75","1,402.00","1,412.10","12,76,805","18,726.75","1,480.15"
112,"1,439.35","1,408.05","1,430.00","6,45,997","9,171.63","1,423.90"
113,"1,470.00","1,423.10","1,470.00","3,05,773","4,402.01","1,431.85"
114,"1,476.15","1,412.50","1,416.00","3,99,235","5,792.95","1,468.55"
115,"1,434.90","1,406.25","1,415.25","1,86,852","2,653.31","1,413.50"
116,"1,440.00","1,412.00","1,428.80","2,15,574","3,071.20","1,428.40"
117,"1,440.00","1,413.00","1,420.00","6,17,354","8,833.86","1,430.65"
118,"1,413.00","1,352.60","1,361.50","7,43,286","10,291.43","1,399.40"
119,"1,362.00","1,337.10","1,339.00","8,34,505","11,253.65","1,358.60"
120,"1,343.60","1,326.15","1,326.15","2,05,914","2,749.49","1,334.70"
121,"1,365.00","1,315.00","1,357.90","3,80,376","5,112.42","1,326.45"
122,"1,367.95","1,342.35","1,351.00","5,61,898","7,619.78","1,361.05"
123,"1,353.80","1,331.00","1,337.75","5,03,533","6,779.55","1,349.70"
124,"1,339.90","1,315.00","1,333.00","2,08,483","2,763.22","1,328.90"
125,"1,339.90","1,325.00","1,331.00","1,07,466","1,432.07","1,331.00"
126,"1,350.00","1,327.70","1,344.80","1,01,419","1,350.88","1,329.50"
127,"1,361.00","1,332.35","1,357.00","2,82,105","3,792.86","1,341.60"
128,"1,354.00","1,320.00","1,325.00","3,99,543","5,361.98","1,348.70"
129,"1,337.35","1,314.05","1,332.00","1,66,426","2,197.70","1,319.60"
130,"1,343.70","1,316.50","1,343.70","1,35,067","1,791.16","1,327.85"
131,"1,349.10","1,330.00","1,338.00","2,47,931","3,324.06","1,333.90"
132,"1,339.00","1,320.10","1,330.50","3,62,924","4,827.66","1,332.85"
133,"1,351.00","1,315.15","1,347.70","2,04,877","2,720.53","1,319.40"
134,"1,359.90","1,336.65","1,359.90","1,67,153","2,248.78","1,343.55"
135,"1,357.45","1,339.00","1,340.00","1,94,806","2,629.33","1,351.90"
136,"1,336.00","1,310.00","1,311.20","1,62,248","2,151.53","1,331.05"
137,"1,314.70","1,293.40","1,295.00","2,83,456","3,699.05","1,309.95"
138,"1,305.00","1,283.30","1,283.30","2,76,849","3,588.33","1,294.80"
139,"1,297.00","1,279.30","1,284.00","1,23,749","1,598.17","1,294.80"
140,"1,295.00","1,278.40","1,293.65","1,28,460","1,654.16","1,284.10"
141,"1,305.00","1,285.50","1,296.05","1,67,352","2,166.84","1,296.30"
142,"1,305.10","1,285.20","1,298.80","1,95,979","2,529.89","1,294.40"
143,"1,314.10","1,295.00","1,300.05","1,89,869","2,477.62","1,300.00"
144,"1,299.00","1,272.00","1,274.80","1,28,333","1,653.66","1,295.15"
145,"1,296.75","1,269.55","1,294.15","3,20,880","4,117.70","1,277.70"
146,"1,318.50","1,283.05","1,316.80","3,59,428","4,663.43","1,294.15"
147,"1,328.10","1,304.85","1,306.00","2,40,587","3,166.91","1,314.95"
148,"1,343.00","1,310.10","1,340.05","2,44,083","3,223.18","1,313.45"
149,"1,349.90","1,328.20","1,348.70","1,60,886","2,151.42","1,339.75"
150,"1,375.75","1,341.15","1,372.50","1,74,756","2,369.42","1,345.90"
151,"1,385.00","1,355.55","1,362.25","2,13,389","2,927.94","1,379.15"
152,"1,371.40","1,351.00","1,352.20","1,89,040","2,574.70","1,358.65"
153,"1,360.90","1,347.45","1,352.25","3,17,740","4,292.12","1,350.00"
154,"1,357.40","1,340.00","1,341.25","1,50,509","2,028.69","1,350.55"
155,"1,347.25","1,318.80","1,332.35","1,89,012","2,517.21","1,340.00"
156,"1,338.00","1,317.90","1,333.80","1,89,494","2,512.07","1,325.70"
157,"1,354.90","1,327.00","1,349.10","2,31,448","3,093.20","1,338.00"
158,"1,354.75","1,323.20","1,325.00","3,58,245","4,809.63","1,342.40"
159,"1,339.80","1,306.55","1,321.10","2,15,852","2,862.27","1,320.00"
160,"1,326.90","1,304.90","1,312.90","2,62,470","3,457.50","1,317.70"
161,"1,331.00","1,298.75","1,331.00","3,28,988","4,310.48","1,309.40"
162,"1,335.00","1,281.10","1,302.00","3,88,251","5,112.37","1,325.15"
163,"1,316.90","1,276.70","1,306.00","2,67,500","3,465.16","1,302.75"
164,"1,297.00","1,256.55","1,282.00","2,74,371","3,514.41","1,293.00"
165,"1,316.40","1,265.15","1,315.00","3,95,665","5,089.10","1,272.25"
166,"1,318.45","1,291.00","1,306.00","2,04,142","2,664.00","1,309.70"
167,"1,338.90","1,295.00","1,338.90","2,79,526","3,669.29","1,301.40"
168,"1,375.00","1,307.85","1,349.00","4,12,210","5,495.37","1,338.85"
169,"1,431.95","1,328.50","1,396.10","11,36,295","15,643.35","1,334.55"
170,"1,448.90","1,391.45","1,448.90","2,81,691","3,955.67","1,400.45"
171,"1,497.00","1,450.05","1,470.00","3,79,958","5,623.16","1,456.80"
172,"1,467.00","1,358.00","1,451.15","5,70,189","8,169.17","1,455.20"
173,"1,512.00","1,489.55","1,491.90","2,05,365","3,082.60","1,507.90"
174,"1,517.00","1,483.25","1,499.20","2,52,525","3,779.42","1,487.65"
175,"1,526.35","1,474.10","1,511.70","3,62,809","5,426.77","1,490.05"
176,"1,521.45","1,487.65","1,488.25","3,56,296","5,377.55","1,510.10"
177,"1,512.00","1,483.00","1,483.00","1,92,484","2,881.31","1,488.15"
178,"1,528.70","1,499.00","1,514.70","2,27,928","3,447.59","1,503.85"
179,"1,527.45","1,515.00","1,519.70","36,562",556.08,"1,517.75"
180,"1,532.00","1,508.60","1,526.65","1,43,281","2,174.03","1,516.70"
181,"1,545.60","1,514.10","1,540.00","4,54,542","6,930.78","1,525.00"
182,"1,549.00","1,535.00","1,546.35","1,82,378","2,815.07","1,543.00"
183,"1,568.00","1,547.60","1,568.00","2,10,532","3,270.90","1,551.65"
184,"1,586.70","1,551.25","1,560.20","3,37,777","5,287.42","1,565.90"
185,"1,614.00","1,541.85","1,612.00","16,07,644","25,160.14","1,566.15"
186,"1,627.80","1,604.80","1,620.00","1,45,915","2,355.15","1,609.45"
187,"1,627.00","1,606.40","1,619.80","1,58,539","2,562.05","1,610.55"
188,"1,618.00","1,590.50","1,607.00","2,95,645","4,754.05","1,616.00"
189,"1,644.90","1,598.20","1,641.00","3,26,387","5,275.52","1,604.70"
190,"1,651.00","1,630.05","1,636.00","1,82,239","2,990.03","1,640.25"
191,"1,660.00","1,622.45","1,660.00","2,16,022","3,547.54","1,632.05"
192,"1,674.00","1,623.80","1,628.80","4,20,386","6,993.62","1,668.50"
193,"1,630.70","1,608.50","1,628.90","2,62,250","4,242.41","1,625.40"
194,"1,653.00","1,619.20","1,642.00","2,52,352","4,109.07","1,629.75"
195,"1,647.90","1,622.50","1,640.00","2,64,589","4,322.97","1,638.00"
196,"1,643.40","1,622.00","1,633.70","3,54,672","5,796.69","1,637.10"
197,"1,639.00","1,605.00","1,615.00","1,51,874","2,467.14","1,631.95"
198,"1,611.85","1,576.25","1,576.25","1,55,560","2,483.46","1,599.85"
199,"1,627.40","1,577.35","1,620.00","7,18,082","11,492.70","1,588.40"
200,"1,623.00","1,603.00","1,605.00","1,23,374","1,990.85","1,616.15"
201,"1,624.00","1,604.00","1,612.30","1,48,821","2,400.92","1,608.40"
202,"1,618.50","1,593.40","1,608.20","2,44,376","3,918.80","1,610.95"
203,"1,672.00","1,610.70","1,672.00","2,68,908","4,393.08","1,617.00"
204,"1,671.00","1,640.00","1,644.00","3,14,131","5,199.73","1,666.05"
205,"1,645.75","1,625.05","1,631.50","2,05,138","3,354.11","1,629.25"
206,"1,656.30","1,625.50","1,652.00","2,76,332","4,534.86","1,632.30"
207,"1,658.00","1,632.15","1,636.00","2,56,936","4,224.47","1,652.75"
208,"1,639.90","1,613.40","1,625.00","2,50,388","4,075.73","1,626.30"
209,"1,623.85","1,592.70","1,615.05","2,26,222","3,633.84","1,611.20"
210,"1,626.90","1,582.65","1,584.00","2,82,022","4,514.71","1,620.00"
211,"1,640.00","1,570.25","1,640.00","2,56,445","4,089.65","1,582.40"
212,"1,693.00","1,651.20","1,693.00","2,87,571","4,773.01","1,653.35"
213,"1,715.00","1,683.55","1,687.20","2,61,065","4,435.33","1,692.75"
214,"1,706.80","1,682.10","1,701.00","2,46,479","4,186.29","1,696.35"
215,"1,708.25","1,673.50","1,685.00","2,83,811","4,809.77","1,698.85"
216,"1,696.00","1,665.40","1,690.30","2,33,411","3,908.54","1,669.55"
217,"1,699.00","1,668.00","1,668.00","4,60,835","7,770.70","1,687.55"
218,"1,725.00","1,688.60","1,688.60","6,12,017","10,485.61","1,709.80"
219,"1,695.00","1,640.05","1,640.50","2,93,777","4,924.15","1,688.60"
220,"1,641.85","1,623.45","1,638.00","1,18,427","1,933.02","1,634.95"
221,"1,663.40","1,622.75","1,648.20","1,32,820","2,182.85","1,638.20"
222,"1,666.10","1,641.10","1,651.00","1,92,518","3,186.00","1,645.80"
223,"1,658.70","1,640.00","1,643.00","1,33,853","2,206.19","1,647.40"
224,"1,681.80","1,630.00","1,654.00","3,08,683","5,106.89","1,654.65"
225,"1,696.00","1,655.00","1,692.65","1,98,770","3,314.56","1,660.95"
226,"1,708.05","1,682.00","1,690.00","3,43,996","5,825.61","1,691.20"
227,"1,699.95","1,677.60","1,682.50","4,13,415","7,006.97","1,692.70"
228,"1,684.70","1,641.80","1,662.70","2,96,849","4,930.77","1,675.00"
229,"1,676.95","1,653.60","1,654.30","3,50,960","5,839.88","1,663.85"
230,"1,660.00","1,621.95","1,625.05","3,36,621","5,545.77","1,652.50"
231,"1,647.55","1,584.00","1,620.00","3,78,875","6,124.43","1,618.40"
232,"1,688.00","1,611.10","1,688.00","2,12,343","3,490.99","1,618.90"
233,"1,723.95","1,674.90","1,715.00","2,92,930","4,958.17","1,685.95"
234,"1,736.40","1,708.80","1,725.90","3,02,847","5,221.75","1,715.15"
235,"1,724.45","1,667.30","1,678.00","3,49,126","5,963.06","1,721.05"
236,"1,684.90","1,657.15","1,679.90","1,31,610","2,195.14","1,666.25"
237,"1,684.80","1,661.00","1,672.70","1,18,390","1,981.33","1,668.80"
238,"1,688.80","1,659.60","1,678.00","1,58,612","2,656.82","1,670.75"
239,"1,703.50","1,674.00","1,695.55","1,64,006","2,772.27","1,688.85"
240,"1,717.95","1,665.60","1,681.95","2,90,569","4,929.63","1,688.70"
241,"1,690.65","1,659.50","1,676.00","4,08,192","6,828.46","1,685.10"
242,"1,699.95","1,657.40","1,699.95","3,60,859","6,056.56","1,665.15"
243,"1,709.95","1,660.95","1,685.00","8,56,261","14,471.98","1,675.55"
244,"1,693.75","1,668.35","1,678.95","2,96,454","4,984.21","1,675.65"
245,"1,702.85","1,675.15","1,700.00","3,21,797","5,429.62","1,681.55"
246,"1,718.00","1,643.00","1,645.00","8,83,761","14,996.49","1,708.20"
247,"1,640.00","1,607.55","1,612.10","3,40,427","5,538.22","1,631.80"
248,"1,611.90","1,579.55","1,595.30","2,92,358","4,672.85","1,602.55"
249,"1,619.00","1,590.20","1,619.00","1,82,531","2,928.42","1,595.50"
250,"1,644.30","1,608.15","1,628.30","2,02,637","3,286.03","1,613.00"
251,"1,629.00","1,609.40","1,617.90","1,51,787","2,462.28","1,626.20"
252,"1,625.30","1,611.00","1,616.50","2,04,473","3,305.80","1,617.20"
253,"1,629.95","1,607.80","1,616.20","1,44,382","2,338.87","1,620.10"
254,"1,623.85","1,606.05","1,608.10","1,33,805","2,164.10","1,616.80"
255,"1,610.05","1,592.30","1,610.00","2,00,172","3,202.99","1,597.65"
256,"1,609.75","1,569.05","1,585.70","2,99,181","4,762.45","1,604.70"
257,"1,614.60","1,585.00","1,612.70","2,44,811","3,911.78","1,589.30"
258,"1,625.95","1,600.25","1,618.00","1,50,330","2,426.64","1,605.60"
259,"1,626.05","1,611.75","1,618.35","1,89,854","3,076.78","1,617.40"
260,"1,624.95","1,595.15","1,601.50","4,34,696","6,993.17","1,616.05"
261,"1,617.00","1,591.65","1,617.00","5,66,696","9,089.13","1,598.95"
262,"1,610.35","1,585.00","1,608.20","2,20,564","3,517.58","1,598.40"
263,"1,614.00","1,564.85","1,567.00","4,36,913","6,992.78","1,601.00"
264,"1,575.95","1,522.00","1,550.00","4,54,077","7,000.38","1,568.10"
265,"1,579.70","1,566.00","1,571.00","2,03,556","3,201.86","1,571.60"
266,"1,575.00","1,558.55","1,565.00","2,62,079","4,106.97","1,571.05"
267,"1,576.85","1,553.50","1,573.00","1,32,191","2,062.78","1,559.00"
268,"1,574.05","1,538.40","1,538.40","1,89,189","2,941.03","1,570.15"
269,"1,559.40","1,544.60","1,555.00","1,59,057","2,468.97","1,555.40"
270,"1,571.40","1,535.55","1,559.90","2,46,458","3,824.77","1,544.95"
271,"1,564.65","1,538.05","1,542.05","1,69,282","2,628.27","1,560.15"
272,"1,552.85","1,536.20","1,550.00","1,23,826","1,909.36","1,539.95"
273,"1,551.80","1,537.00","1,548.00","3,85,737","5,958.40","1,546.80"
274,"1,559.95","1,530.00","1,530.00","6,83,588","10,576.45","1,555.65"
275,"1,555.00","1,528.00","1,547.50","4,25,292","6,575.42","1,533.00"
276,"1,550.00","1,532.15","1,545.00","3,69,780","5,700.03","1,546.75"
277,"1,555.90","1,526.15","1,526.15","3,50,868","5,413.03","1,540.45"
278,"1,544.50","1,532.00","1,542.00","4,06,775","6,256.31","1,534.70"
279,"1,564.00","1,533.60","1,553.50","7,65,137","11,816.03","1,540.00"
280,"1,558.00","1,537.10","1,552.40","2,04,883","3,163.46","1,546.30"
281,"1,559.95","1,528.00","1,535.00","7,41,826","11,439.49","1,552.40"
282,"1,546.50","1,521.50","1,535.05","4,47,261","6,877.26","1,529.05"
283,"1,546.00","1,525.05","1,530.00","6,09,125","9,376.20","1,537.15"
284,"1,533.30","1,502.00","1,509.00","4,33,423","6,574.16","1,522.95"
285,"1,508.00","1,474.75","1,485.00","3,16,361","4,734.52","1,504.05"
286,"1,489.40","1,452.75","1,456.00","4,06,129","5,977.66","1,475.05"
287,"1,450.00","1,412.60","1,418.05","2,19,384","3,153.61","1,446.15"
288,"1,428.00","1,390.00","1,393.25","3,21,582","4,555.33","1,418.00"
289,"1,418.85","1,390.15","1,415.00","1,32,709","1,864.80","1,393.45"
290,"1,438.00","1,403.00","1,435.00","1,23,694","1,758.16","1,409.85"
291,"1,442.50","1,428.50","1,442.50","1,42,481","2,043.19","1,434.05"
292,"1,468.00","1,440.05","1,468.00","1,36,278","1,979.38","1,449.40"
293,"1,462.00","1,442.60","1,452.30","95,257","1,384.15","1,458.20"
294,"1,462.95","1,441.00","1,451.10","1,91,465","2,781.14","1,457.10"
295,"1,475.00","1,456.10","1,460.00","1,27,214","1,865.65","1,462.40"
296,"1,472.40","1,441.50","1,457.00","3,11,712","4,557.02","1,467.25"
297,"1,465.95","1,425.50","1,438.00","2,57,547","3,739.21","1,463.35"
298,"1,451.90","1,428.40","1,432.50","1,82,897","2,638.81","1,439.75"
299,"1,445.00","1,388.30","1,389.00","2,94,483","4,164.91","1,425.45"
300,"1,407.80","1,379.30","1,395.80","2,16,481","3,012.24","1,394.85"
301,"1,420.00","1,398.20","1,414.00","1,91,198","2,693.86","1,403.70"
302,"1,445.00","1,413.70","1,430.00","2,18,099","3,123.26","1,420.15"
303,"1,446.45","1,416.15","1,442.00","2,05,976","2,931.26","1,420.55"
304,"1,459.00","1,428.90","1,450.80","2,83,005","4,092.07","1,443.15"
305,"1,451.00","1,408.00","1,422.10","8,05,376","11,528.18","1,437.85"
306,"1,445.60","1,419.00","1,428.85","1,39,836","2,008.11","1,429.55"
307,"1,434.80","1,421.20","1,430.00","1,83,762","2,622.41","1,426.90"
308,"1,429.60","1,406.00","1,424.00","1,64,659","2,331.96","1,422.90"
309,"1,432.50","1,410.75","1,430.00","2,77,158","3,933.59","1,414.15"
310,"1,482.50","1,428.00","1,482.50","1,82,428","2,646.06","1,433.30"
311,"1,481.50","1,460.25","1,468.10","3,00,310","4,414.36","1,467.65"
312,"1,469.00","1,437.20","1,465.10","2,91,018","4,233.06","1,464.15"
313,"1,475.00","1,450.75","1,451.35","3,57,950","5,256.73","1,469.95"
314,"1,452.50","1,430.05","1,448.90","2,27,452","3,282.83","1,448.70"
315,"1,449.95","1,425.50","1,447.50","1,82,766","2,633.60","1,447.15"
316,"1,448.85","1,411.90","1,414.00","3,85,804","5,558.99","1,441.85"
317,"1,434.00","1,411.20","1,425.00","1,88,755","2,688.28","1,417.55"
318,"1,433.50","1,392.00","1,395.00","3,95,582","5,631.57","1,427.70"
319,"1,415.00","1,387.00","1,405.00","2,45,684","3,442.94","1,390.75"
320,"1,424.25","1,397.00","1,409.95","3,04,032","4,296.90","1,412.10"
321,"1,417.00","1,371.25","1,371.25","3,53,030","4,937.08","1,413.80"
322,"1,395.00","1,362.20","1,395.00","5,93,818","8,194.28","1,381.90"
323,"1,392.00","1,371.10","1,373.00","2,83,716","3,927.35","1,385.70"
324,"1,388.00","1,353.10","1,367.05","3,06,696","4,191.06","1,366.05"
325,"1,392.00","1,355.20","1,372.65","3,61,296","4,980.13","1,377.55"
326,"1,400.00","1,358.10","1,368.00","3,48,767","4,798.05","1,372.65"
327,"1,374.00","1,352.00","1,374.00","2,74,082","3,730.70","1,365.50"
328,"1,378.00","1,338.00","1,344.35","6,42,636","8,791.12","1,374.35"
329,"1,340.30","1,280.00","1,280.10","9,37,576","12,375.23","1,337.20"
330,"1,284.30","1,243.90","1,243.90","6,61,507","8,398.47","1,273.70"
331,"1,247.50","1,228.05","1,240.40","1,33,474","1,652.05","1,236.15"
332,"1,244.85","1,231.30","1,236.00","2,52,747","3,131.52","1,240.10"
333,"1,239.00","1,230.00","1,231.30","1,99,944","2,467.73","1,235.80"
334,"1,238.00","1,218.00","1,225.00","2,27,408","2,796.16","1,226.75"
335,"1,250.00","1,226.10","1,248.00","1,57,799","1,951.78","1,230.35"
336,"1,249.70","1,233.25","1,237.30","3,04,618","3,782.54","1,243.75"
337,"1,254.95","1,231.10","1,239.10","1,51,748","1,889.33","1,241.15"
338,"1,256.00","1,232.00","1,255.00","1,89,317","2,353.71","1,239.35"
339,"1,259.80","1,233.00","1,245.70","2,26,023","2,821.58","1,254.15"
340,"1,259.80","1,233.90","1,240.00","1,40,876","1,751.81","1,243.25"
341,"1,243.35","1,195.00","1,199.00","1,50,747","1,836.43","1,232.90"
342,"1,206.90","1,174.00","1,189.00","1,99,068","2,376.07","1,193.90"
343,"1,210.35","1,182.15","1,210.30","2,24,281","2,669.49","1,190.90"
344,"1,234.80","1,196.00","1,231.40","2,08,252","2,519.49","1,199.85"
345,"1,245.25","1,225.80","1,239.00","1,22,545","1,515.12","1,233.15"
346,"1,282.00","1,240.65","1,271.10","1,37,883","1,738.15","1,243.90"
347,"1,287.30","1,267.65","1,274.50","1,22,556","1,565.60","1,281.50"
348,"1,280.90","1,248.40","1,259.80","1,60,509","2,028.19","1,278.00"
349,"1,265.65","1,231.60","1,235.00","1,94,704","2,436.81","1,262.35"
350,"1,233.50","1,204.00","1,222.80","1,65,080","2,013.02","1,226.05"
351,"1,273.10","1,225.00","1,265.00","1,44,749","1,811.93","1,227.80"
352,"1,268.70","1,228.35","1,230.00","1,30,804","1,645.75","1,256.55"
353,"1,242.65","1,199.10","1,234.20","2,12,041","2,590.11","1,221.05"
354,"1,264.70","1,225.50","1,250.00","2,31,566","2,872.15","1,234.00"
355,"1,278.25","1,250.05","1,270.00","2,56,864","3,239.71","1,265.85"
356,"1,292.85","1,270.00","1,271.00","1,48,674","1,905.80","1,279.10"
357,"1,309.75","1,270.15","1,271.00","2,18,591","2,824.67","1,280.60"
358,"1,286.00","1,259.05","1,267.05","2,31,340","2,943.69","1,271.40"
359,"1,277.40","1,253.20","1,255.25","2,05,905","2,612.04","1,270.40"
360,"1,279.00","1,241.45","1,244.00","1,91,044","2,409.00","1,248.95"
361,"1,283.00","1,253.05","1,266.80","2,04,605","2,598.63","1,261.35"
362,"1,278.90","1,240.30","1,245.00","2,10,958","2,674.48","1,271.85"
363,"1,253.50","1,216.05","1,220.10","2,54,442","3,158.50","1,240.05"
364,"1,234.90","1,208.00","1,232.40","1,34,504","1,644.43","1,214.95"
365,"1,250.00","1,228.00","1,249.00","1,12,892","1,396.17","1,230.35"
366,"1,263.50","1,241.05","1,250.00","1,24,527","1,559.10","1,245.00"
367,"1,256.65","1,230.05","1,239.95","1,23,254","1,536.70","1,241.00"
368,"1,236.95","1,211.25","1,225.00","2,09,284","2,562.84","1,228.45"
369,"1,229.00","1,205.00","1,218.90","1,56,349","1,895.68","1,212.25"
370,"1,246.00","1,222.50","1,230.00","1,76,622","2,184.50","1,235.30"
371,"1,241.00","1,212.30","1,232.50","1,56,641","1,920.33","1,224.25"
372,"1,275.00","1,223.25","1,275.00","1,41,382","1,768.11","1,229.60"
373,"1,277.70","1,259.10","1,270.00","1,24,027","1,573.24","1,269.05"
374,"1,294.00","1,266.50","1,290.00","1,66,569","2,129.72","1,281.95"
375,"1,301.00","1,275.00","1,295.25","1,05,930","1,359.49","1,280.40"
376,"1,303.00","1,272.20","1,287.80","1,42,693","1,836.61","1,297.55"
377,"1,308.40","1,275.00","1,302.90","1,61,727","2,082.75","1,295.80"
378,"1,318.50","1,293.00","1,317.75","3,01,061","3,922.68","1,300.50"
379,"1,348.00","1,317.75","1,348.00","3,16,220","4,199.67","1,320.35"
380,"1,355.50","1,338.80","1,345.00","1,26,300","1,698.48","1,341.30"
381,"1,378.20","1,332.00","1,368.40","1,58,288","2,142.04","1,344.00"
382,"1,380.40","1,360.00","1,362.00","1,61,982","2,223.92","1,373.65"
383,"1,370.00","1,344.30","1,345.00","2,45,336","3,330.07","1,360.65"
384,"1,359.50","1,345.00","1,349.00","83,499","1,127.98","1,349.80"
385,"1,354.00","1,328.20","1,334.80","1,63,645","2,195.80","1,350.45"
386,"1,353.00","1,326.30","1,345.00","1,67,115","2,237.73","1,330.85"
387,"1,354.90","1,340.00","1,347.75","1,28,637","1,731.29","1,344.15"
388,"1,360.10","1,338.15","1,356.70","1,12,959","1,522.79","1,342.05"
389,"1,359.60","1,341.90","1,349.50","1,15,880","1,566.92","1,348.90"
390,"1,357.00","1,343.10","1,346.10","1,13,087","1,529.55","1,353.00"
391,"1,359.00","1,338.25","1,354.90","2,88,616","3,887.07","1,349.00"
392,"1,364.80","1,349.95","1,351.90","1,66,086","2,253.56","1,356.20"
393,"1,354.95","1,338.00","1,349.50","1,95,075","2,628.49","1,349.10"
394,"1,344.95","1,325.75","1,343.25","1,07,698","1,437.67","1,337.65"
395,"1,345.00","1,312.00","1,315.00","1,07,799","1,438.75","1,341.80"
396,"1,343.00","1,310.85","1,325.50","2,87,359","3,814.79","1,319.40"
397,"1,330.00","1,305.40","1,316.00","1,84,512","2,434.52","1,324.45"
398,"1,340.05","1,307.90","1,340.00","2,31,658","3,055.18","1,313.75"
399,"1,351.05","1,332.60","1,348.70","1,43,477","1,929.14","1,339.20"
400,"1,355.95","1,335.50","1,336.45","1,50,373","2,024.83","1,353.45"
401,"1,342.65","1,332.30","1,340.00","2,28,456","3,049.84","1,334.85"
402,"1,363.30","1,348.35","1,356.00","1,59,876","2,163.01","1,350.10"
403,"1,373.15","1,355.00","1,362.50","1,52,678","2,079.41","1,359.85"
404,"1,364.25","1,347.15","1,349.00","1,46,576","1,992.58","1,357.90"
405,"1,359.50","1,340.00","1,356.90","3,19,108","4,290.81","1,344.25"
406,"1,365.40","1,340.20","1,357.30","1,18,284","1,600.14","1,353.20"
407,"1,360.00","1,328.25","1,347.90","2,08,455","2,807.13","1,355.95"
408,"1,359.30","1,337.00","1,343.80","2,88,924","3,889.20","1,341.50"
409,"1,346.50","1,335.65","1,340.00","1,73,288","2,327.60","1,343.60"
410,"1,349.45","1,331.20","1,333.00","2,99,481","4,012.67","1,339.75"
411,"1,343.90","1,328.40","1,336.00","1,75,373","2,338.31","1,332.85"
412,"1,340.55","1,322.00","1,324.00","1,91,505","2,551.97","1,334.30"
413,"1,337.95","1,315.00","1,330.00","1,50,106","1,990.81","1,325.50"
414,"1,331.00","1,300.80","1,324.90","2,79,927","3,685.88","1,324.45"
415,"1,333.95","1,314.20","1,321.50","2,10,958","2,799.15","1,326.70"
416,"1,340.95","1,310.35","1,325.20","30,289",402.37,"1,330.50"
417,"1,372.60","1,314.35","1,359.00","2,42,390","3,239.91","1,322.10"
418,"1,373.80","1,343.50","1,359.15","1,44,004","1,960.94","1,367.70"
419,"1,392.65","1,371.10","1,388.00","74,882","1,034.80","1,384.05"
420,"1,410.00","1,381.25","1,410.00","1,35,742","1,888.93","1,388.75"
421,"1,443.00","1,397.90","1,440.00","2,26,261","3,216.25","1,405.70"
422,"1,434.00","1,404.95","1,405.00","4,27,398","6,074.17","1,425.90"
423,"1,405.00","1,362.90","1,373.25","1,71,875","2,377.11","1,398.40"
424,"1,398.70","1,372.15","1,398.70","2,56,703","3,543.60","1,379.60"
425,"1,397.50","1,376.00","1,395.00","1,74,829","2,426.66","1,385.40"
426,"1,405.00","1,371.30","1,385.90","2,32,300","3,244.70","1,401.05"
427,"1,398.00","1,380.05","1,390.00","1,79,114","2,487.44","1,385.80"
428,"1,407.45","1,385.25","1,405.00","1,72,670","2,407.14","1,393.75"
429,"1,403.00","1,381.00","1,394.00","2,48,926","3,468.93","1,400.20"
430,"1,387.00","1,357.15","1,360.00","4,24,483","5,836.90","1,378.95"
431,"1,388.80","1,374.55","1,382.35","2,98,190","4,115.39","1,379.30"
432,"1,407.00","1,383.50","1,398.50","3,73,698","5,217.46","1,395.95"
433,"1,399.90","1,365.20","1,375.00","1,53,607","2,128.21","1,393.70"
434,"1,395.30","1,368.50","1,383.80","1,86,905","2,577.15","1,371.25"
435,"1,378.00","1,351.90","1,352.00","2,33,626","3,204.40","1,376.25"
436,"1,358.00","1,343.00","1,344.35","2,25,640","3,048.52","1,352.20"
437,"1,359.95","1,340.60","1,350.00","2,09,228","2,824.07","1,344.35"
438,"1,384.80","1,342.00","1,363.20","2,00,403","2,715.66","1,347.35"
439,"1,361.50","1,345.00","1,354.00","2,06,389","2,797.07","1,356.20"
440,"1,357.00","1,329.20","1,353.50","2,49,008","3,356.72","1,352.25"
441,"1,380.00","1,343.00","1,377.00","2,86,057","3,887.56","1,350.40"
442,"1,378.00","1,362.10","1,372.20","1,76,688","2,421.38","1,369.70"
443,"1,375.00","1,352.00","1,354.50","1,45,294","1,980.99","1,363.10"
444,"1,355.00","1,324.65","1,340.00","2,00,741","2,685.57","1,346.75"
445,"1,344.95","1,301.50","1,325.00","2,88,628","3,807.26","1,327.45"
446,"1,356.60","1,333.50","1,343.50","1,58,638","2,131.23","1,336.75"
447,"1,371.50","1,325.00","1,343.10","3,71,995","4,976.87","1,343.05"
448,"1,355.70","1,328.30","1,335.00","1,72,544","2,320.80","1,345.65"
449,"1,397.00","1,340.35","1,389.00","2,09,919","2,893.23","1,353.55"
450,"1,390.00","1,358.15","1,364.45","1,31,026","1,805.70","1,383.40"
451,"1,408.00","1,366.10","1,386.00","3,05,427","4,235.65","1,375.20"
452,"1,398.60","1,373.25","1,385.00","1,15,756","1,598.73","1,377.30"
453,"1,392.60","1,371.70","1,385.00","87,764","1,210.27","1,381.30"
454,"1,397.95","1,365.00","1,367.50","1,32,692","1,840.34","1,388.65"
455,"1,394.70","1,360.00","1,381.00","1,28,412","1,769.26","1,366.55"
456,"1,385.00","1,346.10","1,367.25","1,82,385","2,493.06","1,378.90"
457,"1,385.60","1,354.00","1,360.00","3,49,250","4,806.59","1,380.05"
458,"1,354.25","1,330.00","1,348.00","2,29,191","3,078.92","1,345.80"
459,"1,359.90","1,333.40","1,359.90","1,16,480","1,569.39","1,344.95"
460,"1,398.85","1,333.20","1,394.55","4,13,021","5,571.47","1,345.40"
461,"1,398.60","1,361.10","1,361.10","3,01,479","4,195.93","1,394.55"
462,"1,368.50","1,338.15","1,349.80","3,27,607","4,442.26","1,356.35"
463,"1,343.90","1,317.15","1,321.00","3,58,306","4,753.02","1,332.20"
464,"1,365.00","1,326.85","1,362.80","4,23,911","5,680.85","1,334.85"
465,"1,387.90","1,358.00","1,387.90","2,11,377","2,903.43","1,362.80"
466,"1,385.00","1,324.25","1,370.40","6,92,610","9,406.73","1,369.95"
467,"1,382.70","1,352.05","1,362.15","3,45,303","4,697.95","1,360.40"
468,"1,394.70","1,320.00","1,376.00","5,24,563","7,097.78","1,362.10"
469,"1,384.00","1,355.00","1,375.00","4,59,552","6,290.50","1,367.15"
470,"1,423.00","1,380.40","1,405.00","2,42,739","3,395.42","1,406.45"
471,"1,442.45","1,407.05","1,440.10","3,28,668","4,670.76","1,411.00"
472,"1,454.35","1,390.00","1,393.00","4,62,171","6,603.44","1,446.90"
473,"1,393.50","1,369.00","1,370.20","1,44,083","1,995.18","1,387.35"
474,"1,384.90","1,362.00","1,378.00","2,39,277","3,279.19","1,367.35"
475,"1,385.90","1,365.00","1,367.00","2,55,529","3,519.93","1,372.05"
476,"1,378.80","1,355.05","1,370.00","3,56,482","4,873.49","1,364.55"
477,"1,373.65","1,356.00","1,370.00","3,99,840","5,452.19","1,366.00"
478,"1,385.35","1,361.00","1,384.90","2,62,562","3,597.01","1,374.25"
479,"1,408.95","1,375.20","1,398.00","2,19,256","3,053.08","1,385.75"
480,"1,413.55","1,392.25","1,407.90","2,79,113","3,918.50","1,399.65"
481,"1,417.00","1,379.70","1,382.00","2,71,320","3,814.05","1,405.35"
482,"1,398.00","1,376.00","1,380.00","2,05,261","2,840.09","1,381.75"
483,"1,403.70","1,366.00","1,403.70","2,09,105","2,887.25","1,377.20"
484,"1,405.95","1,376.10","1,384.80","3,41,258","4,754.82","1,391.60"
485,"1,393.00","1,368.25","1,375.00","3,14,091","4,350.44","1,387.40"
486,"1,381.10","1,360.15","1,379.70","8,39,399","11,489.49","1,371.15"
487,"1,374.80","1,350.00","1,368.45","3,31,344","4,511.27","1,369.95"
488,"1,384.80","1,357.00","1,371.70","2,76,905","3,783.05","1,359.15"
489,"1,406.25","1,366.00","1,404.00","3,22,679","4,471.75","1,369.25"
490,"1,428.40","1,403.80","1,428.00","2,60,789","3,681.79","1,408.80"
491,"1,448.00","1,422.20","1,442.00","2,54,235","3,633.39","1,424.40"
492,"1,448.00","1,422.50","1,432.50","3,16,569","4,544.70","1,437.20"
493,"1,472.90","1,435.00","1,455.10","3,18,740","4,609.17","1,439.60"
494,"1,463.95","1,431.00","1,436.10","6,10,680","8,853.12","1,455.10"
495,"1,509.00","1,468.05","1,490.00","4,88,446","7,251.71","1,486.00"
496,"1,508.20","1,486.65","1,500.00","1,93,578","2,895.09","1,496.90"
497,"1,510.50","1,477.30","1,483.80","2,84,634","4,266.97","1,496.95"
498,"1,489.25","1,463.00","1,476.80","2,85,869","4,220.80","1,478.45"
499,"1,486.50","1,466.00","1,467.25","2,93,345","4,330.79","1,475.05"
500,"1,500.00","1,465.00","1,490.25","2,30,020","3,388.48","1,472.20"
501,"1,498.00","1,470.25","1,475.00","1,47,388","2,190.38","1,485.05"
502,"1,493.00","1,458.20","1,493.00","2,12,302","3,125.28","1,467.70"
503,"1,515.55","1,492.95","1,500.10","2,53,084","3,804.88","1,500.10"
504,"1,511.00","1,464.45","1,468.70","2,56,634","3,827.94","1,504.95"
505,"1,487.00","1,462.20","1,466.00","1,90,684","2,820.28","1,480.40"
506,"1,480.00","1,465.40","1,467.55","1,89,442","2,789.94","1,471.55"
507,"1,471.90","1,426.50","1,440.10","3,03,576","4,417.53","1,465.75"
508,"1,450.00","1,402.55","1,404.00","2,26,113","3,227.44","1,444.55"
509,"1,415.00","1,375.55","1,408.00","2,30,411","3,215.06","1,411.75"
510,"1,437.70","1,403.10","1,407.90","3,18,504","4,519.56","1,420.85"
511,"1,419.00","1,396.80","1,410.00","3,97,744","5,597.36","1,407.75"
512,"1,459.00","1,405.55","1,452.50","2,80,448","4,014.24","1,410.65"
513,"1,453.65","1,418.60","1,427.45","1,96,200","2,831.82","1,447.15"
514,"1,439.00","1,422.15","1,425.10","2,44,045","3,484.56","1,427.45"
515,"1,432.95","1,416.35","1,417.55","1,85,779","2,647.84","1,425.15"
516,"1,422.60","1,404.00","1,413.30","2,63,151","3,714.30","1,413.75"
517,"1,427.80","1,380.40","1,392.35","3,22,037","4,524.33","1,410.60"
518,"1,392.85","1,366.25","1,366.25","2,22,799","3,069.99","1,387.50"
519,"1,413.40","1,366.20","1,404.00","2,48,778","3,455.62","1,370.25"
520,"1,408.10","1,376.10","1,407.00","1,64,349","2,292.29","1,402.15"
521,"1,452.15","1,403.00","1,441.25","2,31,552","3,299.03","1,407.70"
522,"1,451.00","1,430.00","1,436.50","1,94,328","2,797.45","1,436.40"
523,"1,446.00","1,421.00","1,421.00","2,04,577","2,936.28","1,441.10"
524,"1,443.00","1,420.10","1,434.50","5,36,457","7,673.74","1,429.55"
525,"1,461.70","1,430.00","1,458.00","5,39,085","7,748.48","1,434.50"
526,"1,474.80","1,436.10","1,461.60","1,96,964","2,865.81","1,466.90"
527,"1,483.10","1,447.20","1,480.00","4,16,984","6,090.94","1,460.00"
528,"1,520.15","1,470.00","1,515.00","3,46,531","5,158.49","1,481.20"
529,"1,532.00","1,499.00","1,515.00","2,27,608","3,451.66","1,516.35"
530,"1,528.00","1,473.90","1,474.60","4,01,142","6,031.64","1,512.40"
531,"1,490.00","1,462.00","1,467.90","2,49,725","3,677.53","1,470.70"
532,"1,493.80","1,453.10","1,480.00","3,40,193","5,014.11","1,463.95"
533,"1,502.35","1,472.95","1,498.90","2,76,117","4,098.19","1,482.10"
534,"1,523.70","1,488.30","1,520.00","2,28,030","3,418.09","1,495.45"
535,"1,541.85","1,515.00","1,527.55","2,09,458","3,195.56","1,519.20"
536,"1,534.80","1,498.55","1,507.70","2,68,585","4,086.08","1,527.55"
537,"1,516.00","1,494.55","1,502.90","1,97,605","2,975.72","1,502.90"
538,"1,519.00","1,485.10","1,510.00","2,34,124","3,518.78","1,497.75"
539,"1,516.90","1,471.00","1,477.60","1,67,788","2,511.44","1,509.85"
540,"1,488.95","1,464.35","1,478.95","1,65,497","2,439.01","1,472.15"
541,"1,479.60","1,457.00","1,471.90","1,45,483","2,138.20","1,474.85"
542,"1,484.00","1,447.65","1,459.00","2,80,564","4,117.53","1,472.75"
543,"1,500.00","1,443.00","1,497.10","3,67,108","5,339.48","1,449.95"
544,"1,509.20","1,446.50","1,455.10","3,48,824","5,145.00","1,498.95"
545,"1,473.00","1,434.50","1,455.25","3,01,137","4,383.06","1,448.50"
546,"1,460.95","1,386.55","1,414.20","3,33,425","4,753.19","1,451.95"
547,"1,469.95","1,406.50","1,466.00","2,70,180","3,863.75","1,413.30"
548,"1,478.65","1,452.10","1,475.00","10,54,721","15,437.57","1,471.40"
549,"1,482.00","1,434.00","1,441.00","3,13,981","4,576.30","1,474.60"
550,"1,486.20","1,428.10","1,480.10","6,26,089","9,052.83","1,433.70"
551,"1,546.95","1,479.55","1,514.50","2,57,311","3,888.78","1,484.45"
552,"1,523.00","1,477.90","1,488.90","3,69,301","5,533.32","1,514.50"
553,"1,539.95","1,481.25","1,539.95","2,52,273","3,799.58","1,493.95"
554,"1,545.75","1,502.70","1,519.80","4,01,543","6,136.21","1,531.60"
555,"1,575.00","1,511.40","1,560.00","2,37,324","3,662.66","1,518.60"
556,"1,564.90","1,487.60","1,496.25","3,33,071","5,092.63","1,557.30"
557,"1,539.00","1,490.15","1,532.00","3,25,358","4,917.11","1,496.15"
558,"1,552.20","1,505.05","1,521.80","3,71,225","5,703.31","1,529.75"
559,"1,564.00","1,505.00","1,563.95","4,30,166","6,556.08","1,521.65"
560,"1,617.95","1,545.15","1,614.40","5,01,093","7,907.53","1,564.20"
561,"1,630.95","1,608.25","1,614.00","6,23,666","10,112.41","1,614.55"
562,"1,649.45","1,588.10","1,635.00","3,85,454","6,214.63","1,596.20"
563,"1,647.80","1,620.00","1,624.00","1,75,860","2,873.50","1,636.05"
564,"1,649.00","1,607.95","1,649.00","2,46,991","4,010.49","1,622.45"
565,"1,676.85","1,630.25","1,656.30","3,01,088","4,979.91","1,636.20"
566,"1,659.80","1,603.80","1,621.40","3,93,758","6,405.20","1,650.30"
567,"1,629.95","1,582.05","1,588.00","3,26,492","5,277.75","1,617.40"
568,"1,591.30","1,553.20","1,563.70","1,76,063","2,768.74","1,585.90"
569,"1,594.90","1,555.05","1,590.20","2,17,258","3,423.80","1,562.75"
570,"1,594.70","1,550.10","1,554.00","2,38,110","3,728.68","1,582.65"
571,"1,596.75","1,538.00","1,585.25","2,24,890","3,502.92","1,549.45"
572,"1,590.70","1,553.50","1,565.50","6,91,532","10,900.37","1,579.55"
573,"1,596.80","1,571.50","1,589.90","1,65,403","2,616.55","1,581.70"
574,"1,604.00","1,574.70","1,585.00","2,11,866","3,374.11","1,583.05"
575,"1,593.40","1,549.10","1,570.50","1,70,390","2,685.31","1,586.75"
576,"1,588.00","1,548.10","1,572.40","2,73,632","4,283.69","1,569.75"
577,"1,610.00","1,563.10","1,592.40","2,17,372","3,449.02","1,568.50"
578,"1,628.95","1,579.00","1,622.00","3,34,983","5,332.99","1,583.35"
579,"1,619.00","1,574.95","1,591.05","3,03,940","4,852.37","1,613.00"
580,"1,621.00","1,581.05","1,621.00","2,09,638","3,337.82","1,587.55"
581,"1,664.05","1,615.00","1,658.90","4,05,258","6,593.29","1,616.00"
582,"1,659.90","1,621.25","1,626.80","2,91,832","4,800.29","1,648.00"
583,"1,669.00","1,630.20","1,650.00","2,61,045","4,304.28","1,639.70"
584,"1,677.00","1,633.00","1,661.00","2,74,799","4,539.32","1,650.15"
585,"1,689.80","1,647.30","1,686.00","2,02,470","3,373.23","1,660.10"
586,"1,729.00","1,675.00","1,725.60","6,06,834","10,271.99","1,698.65"
587,"1,774.65","1,715.00","1,765.00","4,23,168","7,362.55","1,725.15"
588,"1,773.90","1,747.55","1,764.00","4,66,325","8,180.61","1,758.30"
589,"1,774.30","1,678.20","1,680.00","9,37,384","16,335.85","1,762.80"
590,"1,697.90","1,648.55","1,677.00","4,58,370","7,635.52","1,678.10"
591,"1,705.00","1,641.00","1,648.00","22,76,570","38,133.37","1,673.45"
592,"1,664.00","1,620.00","1,658.10","4,66,687","7,657.72","1,639.90"
593,"1,672.00","1,614.10","1,626.20","3,91,773","6,436.62","1,655.75"
594,"1,634.50","1,602.70","1,617.80","2,26,907","3,676.05","1,618.00"
595,"1,634.95","1,609.00","1,628.00","3,04,425","4,948.18","1,615.95"
596,"1,625.15","1,600.00","1,623.40","2,88,973","4,666.99","1,620.40"
597,"1,665.00","1,602.70","1,662.40","3,37,618","5,476.41","1,615.15"
598,"1,658.70","1,611.10","1,614.70","4,71,411","7,709.07","1,653.30"
599,"1,645.00","1,605.10","1,632.40","3,27,835","5,322.93","1,614.45"
600,"1,637.55","1,605.00","1,608.00","5,42,357","8,813.34","1,625.05"
601,"1,614.30","1,560.65","1,567.45","8,75,361","13,797.22","1,595.20"
602,"1,574.80","1,546.30","1,567.00","4,89,855","7,620.83","1,552.60"
603,"1,567.80","1,492.80","1,502.90","5,82,025","8,983.69","1,562.65"
604,"1,515.50","1,489.55","1,501.45","2,63,261","3,959.33","1,508.85"
605,"1,525.00","1,481.45","1,503.00","2,75,011","4,133.20","1,507.20"
606,"1,530.00","1,487.00","1,494.00","5,57,460","8,424.32","1,504.55"
607,"1,523.60","1,490.00","1,511.95","3,30,143","4,978.06","1,495.85"
608,"1,570.50","1,499.40","1,529.70","13,41,347","20,563.01","1,508.60"
609,"1,556.70","1,513.15","1,554.90","2,46,373","3,782.91","1,524.95"
610,"1,595.00","1,538.10","1,595.00","3,88,874","6,067.14","1,560.45"
611,"1,590.00","1,535.30","1,544.90","6,31,041","9,876.99","1,582.95"
612,"1,555.00","1,515.55","1,527.45","3,75,711","5,790.04","1,543.80"
613,"1,545.05","1,503.65","1,540.15","5,94,877","9,043.48","1,528.70"
614,"1,569.00","1,532.05","1,569.00","4,26,991","6,584.27","1,542.05"
615,"1,563.20","1,530.00","1,544.00","4,01,516","6,234.91","1,558.80"
616,"1,550.00","1,531.85","1,548.00","2,98,780","4,605.19","1,544.45"
617,"1,550.00","1,531.35","1,534.55","4,10,423","6,334.83","1,544.30"
618,"1,537.00","1,510.60","1,521.90","3,42,683","5,226.91","1,532.90"
619,"1,528.90","1,499.50","1,514.50","3,48,888","5,288.13","1,518.35"
620,"1,525.00","1,472.00","1,496.50","9,43,897","14,227.74","1,514.40"
621,"1,484.95","1,445.00","1,448.00","5,18,419","7,635.09","1,478.35"
622,"1,457.90","1,405.25","1,411.40","4,42,218","6,357.63","1,441.70"
623,"1,409.25","1,390.10","1,400.00","1,58,639","2,222.82","1,404.60"
624,"1,410.95","1,378.00","1,397.80","2,75,773","3,850.08","1,398.50"
625,"1,396.65","1,373.25","1,378.00","94,344","1,307.43","1,391.40"
626,"1,384.95","1,336.20","1,382.00","3,01,895","4,120.04","1,367.45"
627,"1,428.95","1,370.55","1,425.00","3,68,755","5,133.36","1,383.55"
628,"1,439.75","1,423.75","1,425.00","2,07,979","2,981.67","1,433.65"
629,"1,431.00","1,405.55","1,406.40","1,53,349","2,178.36","1,425.90"
630,"1,411.00","1,397.95","1,400.15","1,01,070","1,419.76","1,403.55"
631,"1,410.00","1,395.00","1,395.00","3,20,213","4,485.83","1,400.15"
632,"1,405.00","1,390.10","1,399.20","2,94,115","4,111.44","1,398.00"
633,"1,410.00","1,396.05","1,403.80","3,47,272","4,868.58","1,399.20"
634,"1,411.30","1,386.00","1,393.40","1,37,950","1,927.92","1,393.50"
635,"1,409.00","1,381.00","1,385.10","8,12,449","11,353.07","1,393.40"
636,"1,393.95","1,376.20","1,384.00","5,16,393","7,141.39","1,381.60"
637,"1,388.55","1,376.45","1,385.10","3,46,925","4,793.16","1,383.50"
638,"1,400.40","1,376.00","1,387.00","5,14,987","7,158.88","1,380.40"
639,"1,401.40","1,371.15","1,376.00","3,06,651","4,253.33","1,379.95"
640,"1,397.45","1,364.10","1,381.00","4,73,127","6,544.68","1,369.60"
641,"1,431.50","1,383.95","1,426.20","4,47,402","6,237.58","1,391.95"
642,"1,447.95","1,425.10","1,430.00","3,05,195","4,382.73","1,435.00"
643,"1,440.80","1,421.35","1,429.00","3,66,039","5,238.39","1,429.95"
644,"1,435.00","1,411.10","1,432.00","4,73,067","6,752.61","1,428.35"
645,"1,439.70","1,416.00","1,438.70","5,10,356","7,298.55","1,432.10"
646,"1,474.70","1,420.35","1,470.50","6,68,787","9,591.00","1,430.60"
647,"1,517.00","1,465.70","1,502.40","3,67,839","5,474.81","1,478.15"
648,"1,510.65","1,466.60","1,472.10","4,31,034","6,451.42","1,497.15"
649,"1,489.90","1,469.00","1,482.00","1,18,746","1,751.44","1,476.25"
650,"1,491.00","1,464.65","1,479.05","2,95,171","4,362.28","1,478.20"
651,"1,490.90","1,463.30","1,471.00","3,17,329","4,675.92","1,479.00"
652,"1,479.70","1,461.15","1,476.00","1,37,735","2,025.54","1,470.95"
653,"1,480.00","1,440.00","1,440.00","3,73,419","5,465.95","1,475.35"
654,"1,458.50","1,426.30","1,444.40","4,40,612","6,351.83","1,437.55"
655,"1,459.70","1,416.00","1,416.00","2,24,157","3,234.44","1,438.45"
656,"1,453.95","1,416.50","1,446.00","3,63,367","5,194.45","1,422.20"
657,"1,476.00","1,447.00","1,465.15","3,37,604","4,908.45","1,451.25"
658,"1,483.25","1,447.00","1,447.75","3,17,334","4,665.68","1,464.95"
659,"1,465.80","1,438.15","1,463.40","1,77,141","2,564.66","1,446.35"
660,"1,496.00","1,456.00","1,487.00","1,84,190","2,713.07","1,463.05"
661,"1,508.80","1,485.30","1,497.00","2,40,580","3,597.66","1,487.00"
662,"1,511.80","1,489.00","1,503.00","2,27,895","3,414.24","1,496.60"
663,"1,517.00","1,495.00","1,502.50","2,50,677","3,770.39","1,510.85"
664,"1,518.70","1,496.95","1,517.20","2,89,670","4,361.94","1,501.95"
665,"1,531.60","1,511.35","1,515.00","2,76,212","4,196.77","1,514.10"
666,"1,518.90","1,502.05","1,507.00","2,61,331","3,951.50","1,513.20"
667,"1,519.90","1,491.75","1,514.00","2,15,721","3,238.03","1,499.25"
668,"1,523.55","1,490.00","1,490.00","3,49,941","5,296.67","1,508.75"
669,"1,497.00","1,481.60","1,490.10","2,78,784","4,152.30","1,485.80"
670,"1,509.00","1,483.00","1,500.00","2,47,920","3,709.37","1,491.20"
671,"1,509.00","1,491.45","1,505.10","3,73,936","5,611.99","1,499.25"
672,"1,509.00","1,475.60","1,488.00","6,27,343","9,392.54","1,496.95"
673,"1,489.65","1,468.80","1,480.00","1,83,473","2,711.38","1,483.95"
674,"1,480.00","1,464.05","1,465.00","2,26,132","3,328.56","1,469.80"
675,"1,485.10","1,458.05","1,485.10","2,40,556","3,516.20","1,460.10"
676,"1,485.00","1,477.80","1,480.10","28,671",425,"1,483.45"
677,"1,480.70","1,444.50","1,455.00","2,51,354","3,690.75","1,474.00"
678,"1,454.90","1,428.10","1,430.00","2,20,609","3,188.33","1,445.35"
679,"1,434.00","1,405.15","1,407.00","1,86,413","2,646.41","1,424.20"
680,"1,416.75","1,375.70","1,385.00","3,33,925","4,656.60","1,406.85"
681,"1,391.95","1,369.95","1,379.50","4,37,986","6,044.06","1,376.30"
682,"1,401.35","1,376.50","1,400.00","2,43,557","3,380.14","1,383.30"
683,"1,398.40","1,373.00","1,385.00","1,85,461","2,565.06","1,386.95"
684,"1,416.95","1,395.05","1,415.50","3,22,639","4,529.41","1,403.30"
685,"1,433.00","1,386.20","1,386.40","3,29,185","4,660.93","1,429.05"
686,"1,385.95","1,357.10","1,357.10","2,49,181","3,423.90","1,380.20"
687,"1,391.80","1,354.65","1,377.95","4,72,881","6,465.04","1,369.60"
688,"1,414.95","1,387.20","1,409.80","2,13,810","2,989.61","1,391.65"
689,"1,456.40","1,393.50","1,437.00","3,97,577","5,621.59","1,399.55"
690,"1,446.90","1,415.40","1,435.30","1,29,568","1,859.70","1,438.50"
691,"1,442.85","1,385.30","1,396.70","3,60,391","5,079.77","1,435.15"
692,"1,444.70","1,390.20","1,431.10","3,43,922","4,836.27","1,399.05"
693,"1,472.90","1,417.80","1,460.25","4,41,791","6,349.56","1,430.20"
694,"1,495.90","1,457.50","1,488.10","2,36,285","3,495.45","1,464.10"
695,"1,500.00","1,476.20","1,495.00","3,73,023","5,549.74","1,493.55"
696,"1,520.00","1,497.00","1,509.00","4,66,456","7,035.18","1,505.05"
697,"1,514.95","1,486.00","1,490.00","4,00,791","6,048.04","1,509.00"
698,"1,499.65","1,468.80","1,490.00","2,33,042","3,464.63","1,495.35"
699,"1,522.00","1,474.00","1,503.10","3,53,065","5,288.33","1,483.00"
700,"1,528.70","1,503.60","1,528.00","3,14,164","4,762.00","1,512.65"
701,"1,541.50","1,518.00","1,539.00","2,70,001","4,132.36","1,534.25"
702,"1,540.00","1,518.00","1,525.10","3,24,500","4,966.39","1,532.05"
703,"1,552.20","1,521.30","1,536.00","3,50,368","5,383.42","1,532.25"
704,"1,560.50","1,527.00","1,547.10","3,85,722","5,944.07","1,545.10"
705,"1,556.80","1,522.10","1,537.00","3,37,481","5,205.76","1,549.65"
706,"1,544.00","1,511.90","1,532.90","2,74,458","4,183.55","1,521.75"
707,"1,549.80","1,511.00","1,545.10","3,72,132","5,663.94","1,525.45"
708,"1,564.65","1,540.65","1,560.00","4,68,497","7,281.41","1,546.75"
709,"1,561.05","1,495.00","1,495.00","6,17,386","9,508.47","1,551.90"
710,"1,518.95","1,495.25","1,495.25","2,11,600","3,184.03","1,499.55"
711,"1,506.80","1,487.00","1,505.00","1,90,831","2,856.33","1,492.55"
712,"1,509.90","1,481.15","1,499.80","2,28,053","3,417.24","1,502.75"
713,"1,531.10","1,473.25","1,531.10","3,90,276","5,842.85","1,491.40"
714,"1,547.90","1,513.15","1,520.40","5,62,698","8,604.34","1,531.70"
715,"1,530.50","1,510.00","1,526.00","2,20,001","3,341.93","1,520.40"
716,"1,536.00","1,515.15","1,525.00","4,39,918","6,708.08","1,525.60"
717,"1,549.75","1,518.20","1,529.15","4,11,276","6,288.04","1,525.40"
718,"1,538.70","1,499.10","1,518.00","5,24,770","7,957.90","1,523.95"
719,"1,516.80","1,471.95","1,479.80","2,63,813","3,955.35","1,508.65"
720,"1,486.00","1,453.00","1,453.00","1,80,880","2,660.60","1,480.85"
721,"1,483.00","1,440.00","1,460.00","2,33,512","3,412.03","1,452.40"
722,"1,473.50","1,445.50","1,447.80","2,29,909","3,358.40","1,464.65"
723,"1,456.35","1,438.30","1,449.40","1,50,882","2,186.57","1,447.95"
724,"1,464.90","1,432.50","1,460.00","2,50,909","3,628.72","1,439.65"
725,"1,488.70","1,432.00","1,442.90","6,86,373","10,033.97","1,473.75"
726,"1,448.00","1,421.15","1,440.00","3,33,455","4,780.97","1,431.20"
727,"1,451.15","1,375.15","1,376.00","4,34,006","6,141.29","1,441.50"
728,"1,390.70","1,358.05","1,380.00","3,13,771","4,301.41","1,374.50"
729,"1,394.90","1,370.00","1,385.00","8,29,098","11,455.98","1,375.55"
730,"1,418.50","1,388.60","1,401.05","5,48,941","7,694.31","1,395.90"
731,"1,411.95","1,388.20","1,401.80","3,54,600","4,975.30","1,409.25"
732,"1,437.90","1,393.05","1,429.00","2,79,895","3,936.48","1,402.85"
733,"1,469.00","1,429.95","1,464.90","1,69,289","2,453.17","1,440.00"
734,"1,473.40","1,429.00","1,455.40","4,68,613","6,790.93","1,463.45"
735,"1,498.00","1,450.50","1,493.25","1,56,358","2,290.22","1,453.85"
736,"1,500.00","1,475.00","1,490.00","1,35,486","2,019.05","1,489.05"
737,"1,494.90","1,445.00","1,455.50","2,44,009","3,615.25","1,483.75"
738,"1,479.00","1,450.00","1,478.00","1,19,965","1,753.11","1,461.20"
739,"1,479.50","1,437.10","1,438.00","2,44,439","3,583.50","1,477.00"
740,"1,446.85","1,411.00","1,422.25","1,91,690","2,734.23","1,435.60"
741,"1,426.00","1,397.20","1,405.00","3,02,030","4,271.77","1,419.65"
742,"1,429.00","1,395.10","1,416.25","2,11,513","2,981.88","1,398.30"
743,"1,461.80","1,411.50","1,456.50","2,48,804","3,566.25","1,424.70"
744,"1,487.80","1,411.00","1,435.10","2,99,862","4,356.94","1,458.50"
745,"1,448.00","1,395.00","1,422.00","3,14,118","4,496.68","1,435.55"
746,"1,467.00","1,401.10","1,450.00","2,53,721","3,631.97","1,418.55"
747,"1,467.00","1,445.00","1,447.90","1,96,051","2,850.16","1,450.85"
748,"1,487.50","1,421.10","1,476.15","1,79,421","2,617.08","1,450.95"
749,"1,514.95","1,476.00","1,500.00","1,44,786","2,152.52","1,480.05"
750,"1,503.65","1,471.60","1,485.10","2,94,391","4,400.52","1,498.40"
751,"1,486.80","1,460.35","1,471.00","2,08,998","3,088.21","1,480.60"
752,"1,484.50","1,428.00","1,428.00","2,27,041","3,301.66","1,469.25"
753,"1,472.10","1,424.00","1,453.10","1,66,024","2,389.96","1,429.70"
754,"1,479.80","1,435.00","1,479.80","2,81,676","4,097.73","1,450.05"
755,"1,477.40","1,457.00","1,470.00","1,69,257","2,487.83","1,469.95"
756,"1,485.00","1,460.00","1,482.00","2,75,321","4,054.01","1,472.00"
757,"1,477.00","1,425.00","1,425.15","3,05,598","4,441.66","1,471.00"
758,"1,465.30","1,427.35","1,443.00","2,01,598","2,912.67","1,438.60"
759,"1,499.00","1,448.05","1,478.50","1,62,784","2,388.18","1,455.05"
760,"1,520.00","1,466.00","1,501.10","4,48,226","6,737.37","1,475.20"
761,"1,511.00","1,467.75","1,486.40","5,33,887","7,989.19","1,499.80"
762,"1,493.00","1,438.00","1,474.00","3,10,812","4,560.17","1,486.30"
763,"1,506.00","1,458.55","1,470.75","2,80,837","4,172.32","1,474.75"
764,"1,489.80","1,466.05","1,483.00","2,26,059","3,344.38","1,477.00"
765,"1,514.00","1,468.50","1,510.00","2,51,884","3,750.83","1,484.10"
766,"1,515.45","1,476.05","1,514.80","6,50,780","9,743.54","1,499.55"
767,"1,525.50","1,441.10","1,444.00","8,32,082","12,536.51","1,507.10"
768,"1,448.50","1,424.65","1,446.00","3,06,628","4,401.19","1,438.90"
769,"1,459.65","1,428.00","1,428.00","5,44,132","7,856.56","1,439.25"
770,"1,436.40","1,410.00","1,420.00","2,34,062","3,330.02","1,422.70"
771,"1,429.50","1,384.05","1,390.00","3,89,987","5,501.40","1,417.05"
772,"1,388.80","1,332.80","1,347.70","2,80,346","3,812.87","1,382.40"
773,"1,365.95","1,321.10","1,362.00","4,33,042","5,823.81","1,337.00"
774,"1,407.35","1,352.05","1,394.00","4,26,725","5,895.90","1,362.30"
775,"1,398.00","1,331.05","1,337.00","4,22,121","5,818.57","1,381.25"
776,"1,357.80","1,312.15","1,348.05","1,90,906","2,538.53","1,330.55"
777,"1,433.50","1,311.85","1,381.00","15,80,507","21,991.33","1,348.45"
778,"1,400.00","1,370.30","1,386.00","5,41,425","7,490.91","1,380.10"
779,"1,408.00","1,361.00","1,399.00","3,19,755","4,439.62","1,389.40"
780,"1,439.95","1,372.00","1,423.00","3,64,909","5,091.81","1,380.45"
781,"1,458.70","1,415.50","1,458.70","2,29,930","3,279.42","1,422.00"
782,"1,453.60","1,410.20","1,437.00","8,35,308","12,000.06","1,442.45"
783,"1,459.90","1,382.05","1,395.00","7,90,658","11,313.63","1,430.15"
784,"1,399.00","1,359.05","1,381.20","2,71,826","3,753.85","1,377.10"
785,"1,398.70","1,371.00","1,389.80","3,18,008","4,407.11","1,388.05"
786,"1,419.00","1,360.10","1,360.10","5,29,280","7,374.98","1,390.15"
787,"1,368.90","1,342.30","1,342.50","2,70,023","3,654.89","1,353.50"
788,"1,347.45","1,265.05","1,267.95","3,05,740","4,028.50","1,341.10"
789,"1,290.00","1,261.10","1,275.25","2,22,403","2,828.27","1,269.70"
790,"1,296.85","1,267.05","1,282.15","3,98,838","5,109.01","1,271.70"
791,"1,305.00","1,275.00","1,282.15","3,58,303","4,635.24","1,291.35"
792,"1,287.25","1,265.20","1,285.75","2,52,303","3,211.09","1,277.00"
793,"1,305.00","1,280.00","1,296.15","1,38,497","1,782.34","1,285.75"
794,"1,316.90","1,282.70","1,300.05","3,66,408","4,738.64","1,293.00"
795,"1,310.00","1,277.00","1,290.00","3,86,817","5,017.78","1,300.30"
796,"1,307.00","1,277.20","1,300.10","3,60,527","4,641.32","1,287.05"
797,"1,341.10","1,288.15","1,340.10","6,29,939","8,220.90","1,310.25"
798,"1,356.60","1,316.60","1,334.00","8,67,755","11,602.96","1,347.05"
799,"1,358.20","1,327.05","1,352.30","2,12,152","2,837.66","1,336.65"
800,"1,369.00","1,335.20","1,359.85","294,750","3,973.76","1,350.80"
801,"1,368.40","1,318.10","1,333.25","3,67,054","4,945.07","1,358.35"
802,"1,371.00","1,326.20","1,361.80","3,39,494","4,589.25","1,331.85"
803,"1,397.00","1,356.30","1,392.05","1,14,342","1,565.48","1,361.80"
804,"1,399.00","1,371.00","1,385.50","1,69,388","2,354.84","1,391.50"
805,"1,403.00","1,360.10","1,376.40","4,12,481","5,715.43","1,389.25"
806,"1,389.50","1,366.00","1,384.80","4,33,478","5,964.29","1,373.15"
807,"1,391.90","1,371.00","1,372.80","2,82,548","3,901.35","1,379.30"
808,"1,374.70","1,336.50","1,351.00","3,05,676","4,158.35","1,365.35"
809,"1,369.80","1,348.65","1,369.80","3,97,566","5,388.76","1,351.15"
810,"1,396.30","1,345.80","1,394.90","3,02,676","4,144.68","1,359.95"
811,"1,400.00","1,371.50","1,400.00","2,78,127","3,847.69","1,389.10"
812,"1,407.00","1,361.00","1,361.00","3,20,327","4,442.64","1,399.55"
813,"1,372.30","1,308.30","1,315.95","3,73,979","5,033.55","1,362.40"
814,"1,322.10","1,281.30","1,294.00","5,50,384","7,200.32","1,313.10"
815,"1,304.00","1,280.00","1,283.50","2,86,362","3,709.95","1,293.45"
816,"1,290.20","1,266.40","1,283.70","1,35,680","1,730.78","1,271.05"
817,"1,294.00","1,250.00","1,254.95","2,72,349","3,486.05","1,282.60"
818,"1,268.90","1,256.85","1,268.90","15,874",200.37,"1,263.90"
819,"1,279.90","1,258.25","1,267.00","2,35,549","2,991.03","1,270.15"
820,"1,287.95","1,254.15","1,283.35","1,71,166","2,169.33","1,260.30"
821,"1,293.90","1,249.55","1,263.50","5,51,692","7,049.88","1,284.50"
822,"1,276.00","1,245.10","1,250.00","2,99,596","3,781.80","1,258.10"
823,"1,255.80","1,217.55","1,245.00","3,01,970","3,739.55","1,248.80"
824,"1,269.55","1,233.30","1,236.95","2,00,002","2,506.09","1,246.85"
825,"1,253.00","1,221.15","1,247.70","2,76,918","3,430.06","1,231.55"
826,"1,282.35","1,237.55","1,268.10","3,70,660","4,673.96","1,251.25"
827,"1,285.30","1,237.95","1,250.10","3,92,791","4,965.05","1,266.90"
828,"1,269.90","1,202.00","1,215.00","6,07,707","7,524.45","1,261.15"
829,"1,218.70","1,161.00","1,169.90","4,53,249","5,399.24","1,212.10"
830,"1,176.75","1,111.60","1,136.10","3,33,862","3,840.49","1,167.30"
831,"1,141.10","1,096.95","1,099.10","2,05,315","2,301.45","1,133.35"
832,"1,113.80","1,094.00","1,103.10","1,47,479","1,625.89","1,099.50"
833,"1,110.00","1,085.00","1,085.00","3,16,402","3,478.81","1,104.90"
834,"1,096.00","1,075.15","1,081.00","2,02,636","2,205.19","1,090.70"
835,"1,087.75","1,073.00","1,073.00","3,00,648","3,254.97","1,083.85"
836,"1,080.40","1,056.45","1,068.00","2,61,977","2,800.88","1,070.10"
837,"1,070.00","1,003.10","1,006.00","3,92,141","4,094.56","1,065.55"
838,"1,023.00","1,002.05","1,023.00","64,873",657.04,"1,007.90"
839,"1,035.00","1,020.00","1,020.00","1,52,027","1,561.49","1,025.80"
840,"1,025.00","1,005.00","1,008.00","1,68,819","1,712.58","1,019.90"
841,"1,018.75","1,002.00","1,010.00","1,14,203","1,152.96","1,010.15"
842,"1,021.65","1,001.75","1,015.80","1,16,476","1,176.13","1,008.85"
843,"1,044.05","1,010.25","1,037.05","1,56,873","1,604.96","1,014.40"
844,"1,055.10","1,035.00","1,055.10","1,05,703","1,100.50","1,037.85"
845,"1,054.00","1,040.35","1,052.50","1,20,995","1,268.52","1,049.80"
846,"1,054.80","1,031.30","1,048.10","2,83,113","2,959.58","1,048.45"
847,"1,055.00","1,006.35","1,016.00","3,63,743","3,754.89","1,046.45"
848,"1,024.90",991.1,"1,000.65","6,65,685","6,736.39","1,018.95"
849,"1,012.50",991.2,"1,001.40","3,21,747","3,234.48","1,001.00"
850,"1,014.40",988.6,988.6,"2,55,339","2,559.57","1,001.10"
851,"1,021.45",998.95,"1,004.05","2,43,550","2,456.97","1,003.90"
852,"1,016.70",982,989.9,"3,13,053","3,129.83","1,010.85"
853,991.7,970.15,980,"3,16,976","3,112.81",982.6
854,"1,005.60",981.45,"1,000.00","1,35,934","1,354.63",988.3
855,999.7,980,985.1,"1,29,917","1,287.68",996.15
856,990.95,976.1,990,"1,64,374","1,619.12",984.2
857,"1,023.70",995.2,"1,020.00","2,71,037","2,722.59",999.45
858,"1,027.70","1,016.05","1,016.05","2,73,061","2,788.15","1,020.00"
859,"1,030.00","1,018.60","1,028.00","1,41,481","1,448.05","1,023.65"
860,"1,037.00","1,023.00","1,034.00","2,22,661","2,297.66","1,031.05"
861,"1,034.00","1,016.55","1,029.00","3,19,564","3,282.40","1,029.85"
862,"1,044.00","1,022.55","1,035.00","1,90,230","1,969.94","1,027.65"
863,"1,048.75","1,028.30","1,031.25","3,00,498","3,123.52","1,032.35"
864,"1,035.90","1,017.00","1,024.00","2,06,666","2,126.46","1,029.35"
865,"1,044.65","1,017.50","1,038.00","2,58,779","2,656.55","1,019.25"
866,"1,043.00","1,026.15","1,034.80","2,80,135","2,899.46","1,037.15"
867,"1,057.90","1,028.20","1,055.00","1,96,254","2,047.57","1,034.25"
868,"1,089.75","1,050.00","1,085.65","2,07,498","2,210.30","1,054.00"
869,"1,098.00","1,077.10","1,080.10","3,09,014","3,357.97","1,083.35"
870,"1,094.20","1,071.20","1,087.60","2,97,558","3,221.90","1,085.20"
871,"1,094.60","1,071.10","1,088.00","1,44,416","1,566.00","1,085.00"
872,"1,094.50","1,081.15","1,086.05","1,86,172","2,024.57","1,088.95"
873,"1,122.15","1,093.00","1,110.10","3,10,453","3,436.20","1,097.60"
874,"1,115.00","1,101.30","1,110.00","66,461",736.59,"1,108.45"
875,"1,111.85","1,095.30","1,099.75","1,52,498","1,684.64","1,108.75"
876,"1,124.00","1,091.95","1,122.15","1,84,622","2,037.93","1,094.50"
877,"1,129.90","1,103.75","1,115.80","2,25,894","2,517.71","1,122.45"
878,"1,124.00","1,101.95","1,117.00","2,62,945","2,923.29","1,110.50"
879,"1,132.00","1,105.00","1,107.00","2,19,208","2,451.97","1,109.65"
880,"1,117.00","1,091.70","1,091.70","1,57,121","1,741.47","1,104.95"
881,"1,099.75","1,069.00","1,081.55","1,75,775","1,904.22","1,097.25"
882,"1,106.50","1,078.20","1,101.00","3,50,502","3,828.87","1,082.25"
883,"1,108.75","1,085.15","1,092.25","1,71,917","1,886.86","1,095.25"
884,"1,098.15","1,081.00","1,090.60","1,62,409","1,770.65","1,090.10"
885,"1,106.90","1,076.40","1,094.80","1,57,724","1,710.48","1,087.35"
886,"1,118.65","1,086.65","1,115.55","2,06,800","2,279.16","1,091.85"
887,"1,133.00","1,112.00","1,130.00","1,70,659","1,908.29","1,120.00"
888,"1,158.75","1,128.70","1,146.00","1,64,033","1,870.88","1,135.65"
889,"1,183.90","1,134.05","1,170.60","2,91,721","3,386.93","1,150.45"
890,"1,175.00","1,125.00","1,140.00","3,63,949","4,166.00","1,166.60"
891,"1,121.50","1,098.70","1,104.00","2,25,381","2,509.60","1,115.95"
892,"1,120.00","1,102.60","1,119.00","1,56,639","1,741.81","1,106.50"
893,"1,107.90","1,092.50","1,096.25","2,41,908","2,661.58","1,101.95"
894,"1,105.85","1,081.30","1,091.95","2,63,745","2,897.76","1,100.45"
895,"1,118.70","1,087.00","1,098.00","2,43,417","2,688.02","1,092.65"
896,"1,099.95","1,067.00","1,067.00","2,72,362","2,964.35","1,096.60"
897,"1,076.00","1,059.95","1,070.00","4,49,425","4,790.32","1,066.80"
898,"1,077.45","1,059.95","1,075.35","1,47,709","1,574.65","1,065.80"
899,"1,094.00","1,062.15","1,077.80","15,73,839","16,901.06","1,068.40"
900,"1,084.00","1,055.00","1,055.00","2,63,470","2,825.25","1,078.65"
901,"1,059.35","1,032.15","1,035.00","3,19,832","3,350.05","1,050.70"
902,"1,066.00","1,022.00","1,054.90","3,28,523","3,438.94","1,030.00"
903,"1,074.00","1,050.55","1,050.55","3,44,163","3,671.51","1,064.85"
904,"1,073.00","1,049.50","1,066.00","2,03,831","2,161.21","1,056.50"
905,"1,071.00","1,042.50","1,053.00","2,63,271","2,782.13","1,065.30"
906,"1,055.00","1,026.20","1,047.20","2,39,436","2,494.32","1,043.90"
907,"1,048.50","1,020.00","1,021.00","2,50,798","2,595.20","1,041.15"
908,"1,059.70","1,016.65","1,049.85","4,51,883","4,660.48","1,022.95"
909,"1,085.00","1,047.00","1,085.00","3,62,241","3,841.82","1,050.10"
910,"1,117.05","1,085.00","1,110.00","2,53,620","2,771.87","1,089.65"
911,"1,128.00","1,101.00","1,110.05","2,62,955","2,937.31","1,116.55"
912,"1,139.00","1,102.65","1,139.00","2,23,796","2,506.00","1,111.65"
913,"1,144.10","1,128.70","1,141.10","1,36,806","1,557.53","1,139.35"
914,"1,146.05","1,140.00","1,141.50","19,097",218.38,"1,143.75"
915,"1,149.45","1,130.00","1,138.00","2,99,782","3,412.40","1,141.65"
916,"1,146.95","1,127.10","1,144.10","5,68,174","6,442.05","1,134.85"
917,"1,166.95","1,138.55","1,152.00","1,80,018","2,075.88","1,149.55"
918,"1,158.05","1,112.20","1,119.90","3,53,171","4,009.11","1,149.95"
919,"1,155.30","1,110.05","1,137.15","2,36,278","2,652.32","1,112.65"
920,"1,147.90","1,132.80","1,143.00","1,42,764","1,628.85","1,136.75"
921,"1,160.00","1,136.25","1,145.15","3,52,058","4,051.50","1,154.45"
922,"1,164.00","1,103.00","1,125.00","8,68,706","9,803.85","1,157.15"
923,"1,142.90","1,130.00","1,137.00","2,63,779","2,997.07","1,136.85"
924,"1,165.00","1,125.00","1,145.00","3,73,736","4,305.80","1,149.60"
925,"1,151.00","1,124.00","1,135.80","3,35,274","3,820.80","1,144.70"
926,"1,143.15","1,123.60","1,132.00","1,68,857","1,911.68","1,129.15"
927,"1,159.90","1,125.50","1,159.90","2,42,594","2,762.01","1,132.10"
928,"1,161.95","1,111.40","1,124.00","2,37,189","2,711.17","1,153.60"
929,"1,146.55","1,115.10","1,140.00","82,059",925.12,"1,127.00"
930,"1,138.70","1,117.50","1,117.50","2,48,990","2,818.09","1,129.85"
931,"1,129.70","1,110.00","1,125.00","6,69,039","7,452.77","1,113.00"
932,"1,142.70","1,116.75","1,125.00","5,28,411","5,971.74","1,128.60"
933,"1,144.00","1,108.20","1,144.00","8,49,974","9,524.74","1,124.15"
934,"1,145.00","1,123.35","1,138.80","2,91,001","3,310.62","1,132.45"
935,"1,144.85","1,102.45","1,109.00","2,47,449","2,799.65","1,139.65"
936,"1,119.25","1,092.00","1,119.25","1,38,825","1,528.78","1,099.40"
937,"1,117.75","1,085.70","1,099.70","1,95,561","2,161.52","1,111.95"
938,"1,115.00","1,093.10","1,100.00","1,73,613","1,913.89","1,099.55"
939,"1,117.75","1,082.35","1,090.00","3,82,724","4,215.43","1,095.30"
940,"1,106.75","1,076.30","1,090.10","2,61,395","2,854.46","1,095.05"
941,"1,125.00","1,086.15","1,100.15","1,83,976","2,039.09","1,098.50"
942,"1,138.00","1,090.30","1,110.15","3,90,593","4,337.26","1,111.15"
943,"1,129.00","1,060.60","1,097.00","3,48,333","3,844.17","1,123.25"
944,"1,131.00","1,076.45","1,088.80","7,08,711","7,780.08","1,097.95"
945,"1,072.70","1,054.00","1,058.15","3,29,771","3,500.92","1,064.90"
946,"1,064.20","1,035.00","1,050.00","4,57,175","4,789.06","1,059.80"
947,"1,070.05","1,031.00","1,062.70","3,00,447","3,159.83","1,044.40"
948,"1,052.00","1,026.45","1,033.00","4,20,328","4,382.83","1,043.70"
949,"1,069.15","1,020.00","1,060.00","2,42,686","2,512.88","1,027.35"
950,"1,059.20","1,018.45","1,025.00","3,28,960","3,422.11","1,053.15"
951,"1,030.00",970.1,971.8,"7,15,347","7,094.65","1,022.55"
952,974.5,930.5,946,"6,81,266","6,542.34",962.3
953,959.9,930,946,"6,15,330","5,823.93",938.7
954,953.55,913.9,925.15,"3,53,115","3,308.77",931.6
955,963.85,927,961.7,"2,90,378","2,733.72",930.5
956,970,941.15,970,"2,91,295","2,778.40",952
957,975.5,933,956.9,"2,82,045","2,690.74",964.1
958,976.3,941,941.2,"4,31,331","4,138.15",958.05
959,952,911.15,935,"7,84,916","7,288.16",944.7
960,"1,005.00",937.95,994,"3,12,985","3,036.30",942.8
961,"1,018.00",995,"1,000.00","2,67,170","2,691.33","1,002.00"
962,"1,007.95",973.6,"1,000.00","2,74,757","2,711.95",989.7
963,"1,020.00",983,995.6,"3,72,984","3,722.16",999.25
964,"1,096.70","1,000.00","1,077.10","3,85,848","4,030.21","1,006.25"
965,"1,111.85","1,070.50","1,110.00","5,78,094","6,278.58","1,075.00"
966,"1,146.00","1,108.25","1,143.30","3,04,385","3,436.18","1,124.50"
967,"1,189.90","1,151.00","1,178.60","2,36,567","2,751.03","1,158.90"
968,"1,195.00","1,151.00","1,157.05","1,76,334","2,068.36","1,189.55"
969,"1,179.95","1,148.10","1,169.80","1,47,042","1,705.70","1,160.80"
970,"1,173.30","1,144.00","1,163.10","1,77,236","2,057.40","1,168.40"
971,"1,178.90","1,155.10","1,155.10","1,64,632","1,916.14","1,161.40"
972,"1,179.60","1,151.00","1,175.00","2,95,889","3,434.38","1,159.95"
973,"1,190.00","1,157.90","1,189.00","5,64,374","6,574.94","1,162.20"
974,"1,205.00","1,170.00","1,179.00","4,61,538","5,482.28","1,187.85"
975,"1,197.20","1,155.65","1,159.80","2,25,592","2,666.57","1,174.90"
976,"1,199.00","1,143.00","1,185.00","10,72,257","12,728.52","1,148.65"
977,"1,189.90","1,140.05","1,171.05","2,99,123","3,467.60","1,173.55"
978,"1,195.95","1,171.00","1,190.00","1,71,158","2,017.56","1,174.35"
979,"1,218.70","1,191.25","1,201.25","89,643","1,075.40","1,194.45"
980,"1,222.40","1,185.00","1,196.10","1,44,561","1,745.10","1,211.90"
981,"1,211.80","1,165.00","1,190.05","7,48,479","8,864.82","1,195.25"
982,"1,242.45","1,211.05","1,241.90","2,48,690","3,062.67","1,230.55"
983,"1,254.40","1,225.10","1,241.00","4,69,551","5,831.15","1,249.00"
984,"1,277.95","1,232.35","1,275.00","1,27,488","1,590.97","1,241.05"
985,"1,284.60","1,261.15","1,275.00","3,49,108","4,424.79","1,275.50"
986,"1,292.95","1,268.90","1,280.00","1,61,723","2,073.86","1,275.35"
987,"1,284.85","1,256.55","1,260.00","2,39,609","3,054.39","1,274.65"
988,"1,262.00","1,218.55","1,218.55","1,05,536","1,322.42","1,257.75"
989,"1,249.40","1,232.45","1,239.50","1,24,649","1,545.19","1,242.05"
990,"1,255.00","1,226.00","1,255.00","2,09,642","2,596.95","1,241.40"
991,"1,269.70","1,244.45","1,264.60","1,62,056","2,035.19","1,250.25"
992,"1,259.60","1,245.00","1,252.00","1,90,543","2,383.39","1,249.90"
993,"1,275.00","1,243.60","1,263.25","1,73,295","2,168.86","1,250.75"
994,"1,260.00","1,218.05","1,232.25","1,54,098","1,912.01","1,256.55"
995,"1,245.85","1,230.55","1,245.10","1,48,224","1,835.24","1,238.45"
996,"1,246.00","1,208.10","1,208.10","8,15,421","10,088.87","1,236.00"
997,"1,234.90","1,195.00","1,225.10","2,52,747","3,054.34","1,204.80"
998,"1,242.10","1,210.35","1,220.00","2,98,612","3,671.86","1,234.30"
999,"1,247.90","1,212.00","1,225.00","2,27,092","2,794.21","1,220.05"
