stock_ticker,Year,Sales Turnover,Other Income,Total Income,Total Expenses,Operating profit,Gross Profit,Interest,PBDT,Net Profit,Tax,Earnings Per Share,Unnamed: 0,Book Value (in ?),Employee Cost,Equity Dividend (%),Net Sales,Total Expenditure,ROA(%),ROE(%),ROCE(%),PER(x),PCE(x),Price / Book(x),Yield(%),M Cap / Sales,Total Debt / Equity(x),close_price
RELIANCE,31-Mar-17,"26,50,410.00","87,090.00","27,37,500.00","22,17,850.00","5,19,650.00","4,92,420.00","27,230.00","4,65,190.00","3,14,250.00","93,520.00",96.9,0,886.78,"4,434.00",110,"2,42,025.00","1,98,769.00",6.11,11.59,11.49,13.65,10.75,1.49,0.83,1.77,0,"1,320.90"
RELIANCE,31-Mar-16,"23,31,580.00","75,820.00","24,07,400.00","19,30,190.00","4,77,210.00","4,52,670.00","24,540.00","4,28,130.00","2,74,170.00","82,840.00",84.7,1,783.86,"4,262.00",105,"2,33,158.00","1,93,811.00",6.23,11.65,11.43,12.37,9.41,1.33,1,1.45,0,"1,045.20"
RELIANCE,31-Mar-15,"32,90,760.00","87,210.00","33,77,970.00","29,74,740.00","4,03,230.00","3,79,560.00","23,670.00","3,55,890.00","2,27,190.00","67,490.00",70.2,2,667.98,"3,686.00",100,"3,29,076.00","2,97,474.00",5.94,11,10.6,11.75,8.55,1.23,1.21,0.81,0,826
RELIANCE,31-Mar-14,"39,01,170.00","89,360.00","39,90,530.00","35,92,400.00","3,98,130.00","3,66,070.00","32,060.00","3,34,010.00","2,19,840.00","58,340.00",68.02,3,609.76,"3,370.00",95,"3,90,117.00","3,59,351.00",6.41,11.69,11.52,13.67,9.76,1.52,1.02,0.77,0,930.75
RELIANCE,01-Jul-13,"36,02,970.00","79,980.00","36,82,950.00","32,95,100.00","3,87,850.00","3,57,490.00","30,360.00","3,27,130.00","2,10,030.00","52,810.00",65.04,4,554.17,"3,354.00",90,"3,60,297.00","3,29,583.00",6.85,12.29,12.15,11.89,8.2,1.4,1.16,0.69,0,885.7
TCS,31-Mar-17,"9,26,930.00","45,680.00","9,72,610.00","6,56,040.00","3,16,570.00","3,16,410.00",160,"3,16,250.00","2,36,530.00","64,130.00",120.04,0,393.32,"48,116.00","4,700.00","92,693.00","65,604.00",29.08,33.21,42.11,20.25,18.98,6.18,1.93,5.17,0,"2,431.80"
TCS,31-Mar-16,"8,58,638.00","37,402.00","8,96,040.00","5,89,146.00","3,06,894.00","3,06,758.00",135.8,"3,06,622.20","2,28,827.00","62,339.40",116.13,1,329.74,"42,420.00","4,350.00","85,864.00","58,810.00",33.47,41.81,52.97,21.48,20.2,7.63,1.73,5.77,0,"2,520.30"
TCS,31-Mar-15,"7,35,781.00","44,667.30","7,80,448.00","5,25,499.00","2,54,949.00","2,59,437.00",795.7,"2,58,641.30","1,92,570.00","52,930.10",98.31,2,231.87,"38,255.22","7,900.00","73,578.06","52,562.96",32.07,43.05,54.82,25.91,24.16,10.98,3.1,6.78,0,"2,553.95"
TCS,31-Mar-14,"6,46,729.00","31,147.10","6,77,876.00","4,31,392.00","2,46,484.00","2,46,250.00",234.1,"2,46,015.90","1,84,749.00","50,695.50",94.32,3,224.9,"30,782.84","3,200.00","64,672.93","43,139.33",36.94,48.29,61.29,22.6,21.32,9.46,1.5,6.45,0,"2,133.15"
TCS,01-Jul-13,"4,84,261.00","22,303.90","5,06,565.00","3,41,199.00","1,65,367.00","1,65,060.00",306.2,"1,64,753.80","1,27,863.00","29,168.40",65.33,4,165.86,"23,899.59","2,200.00","48,426.14","34,119.87",33.3,44.69,54.54,24.1,22.64,9.48,1.4,6.35,0,"1,492.35"
HDFCBANK,31-Mar-17,"6,93,060.00","1,22,965.00","8,16,024.00","1,97,033.00","2,57,324.00",0,"3,61,667.00","-3,61,667.00","1,45,497.00","75,894.30",57.2,0,0,,0,,,1.81,17.95,16.8,25.4,24.03,4.13,0.76,5.33,0.06,"1,442.55"
HDFCBANK,31-Mar-16,"6,02,214.00","1,07,517.00","7,09,732.00","1,69,797.00","2,13,636.00","1,86,379.00","3,26,299.00","-1,39,920.00","1,22,962.00","63,417.10",48.8,1,0,,0,,,1.85,18.26,16.68,22.02,20.83,3.73,0.89,4.5,0.06,"1,071.15"
HDFCBANK,31-Mar-15,"4,84,699.00","89,963.40","5,74,662.00","1,39,876.00","1,74,045.00",0,"2,60,742.00","-2,60,742.00","1,02,159.00","51,128.00",42.1,2,0,,0,,,1.89,19.37,18.82,25.1,23.58,4.13,0.78,5.29,0.06,"1,022.70"
HDFCBANK,31-Mar-14,"4,11,355.00","79,196.40","4,90,552.00","1,20,422.00","1,43,601.00","1,27,721.00","2,26,529.00","-98,808.00","84,784.00","42,936.70",35.5,3,0,,0,,,1.9,21.28,21.53,21.19,19.63,4.13,0.91,4.37,0.07,748.8
HDFCBANK,01-Jul-13,"3,50,649.00","68,526.20","4,19,175.00","1,12,361.00","1,14,276.00","97,506.20","1,92,538.00","-95,031.80","67,262.80","30,243.40",28.5,4,0,,0,,,1.82,20.34,20.63,22.08,20.13,4.1,0.88,4.23,0.05,668.75
ITC,31-Mar-17,"5,54,485.00","19,859.10","5,74,344.00","4,08,704.00","1,65,640.00","1,65,410.00",229.5,"1,65,180.50","1,02,009.00","53,020.60",8.43,0,36.01,"2,444.31",475,"40,088.68","25,504.55",19.57,24.23,35.72,33.4,30.31,7.79,1.69,8.5,0,280.3
ITC,31-Mar-16,"3,68,374.00","18,037.40","3,86,411.00","2,25,992.00","1,60,420.00","1,59,928.00",491.3,"1,59,436.70","98,447.10","51,136.80",12.26,1,50.27,"2,331.59",850,"36,582.67","22,904.14",19.8,26.23,40.05,18.87,25.56,6.53,2.59,7.22,0,328.25
ITC,31-Mar-15,"3,65,074.00","15,431.30","3,80,505.00","2,30,338.00","1,50,167.00","1,49,593.00",574.2,"1,49,018.80","96,077.30","43,897.90",12.05,2,38.28,"1,780.04",625,"36,507.40","23,083.14",23.03,33.77,49.38,27.15,24.68,8.5,1.92,7.15,0,325.85
ITC,31-Mar-14,"3,32,386.00","11,071.40","3,43,457.00","2,07,838.00","1,35,620.00","1,35,590.00",29.5,"1,35,560.50","87,852.10","38,739.00",11.09,3,32.95,"1,608.37",600,"33,238.60","20,763.08",23.99,36.27,52.2,31.95,28.98,10.71,1.7,8.45,0,352.85
ITC,01-Jul-13,"2,99,013.00","9,387.00","3,08,400.00","1,92,738.00","1,15,662.00","1,14,797.00",864.7,"1,13,932.30","74,183.90","32,657.90",9.45,4,28.14,"1,387.01",525,"29,901.27","19,282.72",23.55,36.21,52.45,32.92,29.74,10.98,1.7,8.17,0,325.95
HDFC,31-Mar-17,"3,21,111.00","10,485.40","3,31,596.00","14,808.00","3,16,788.00","1,07,826.00","2,08,962.00","-1,01,136.00","74,426.40","32,840.00",46.08,0,249.23,388.8,900,"33,112.79","1,466.90",2.38,20.21,10.71,32.07,31.83,6.03,1.2,7.21,0,"1,502.10"
HDFC,31-Mar-16,"2,92,573.00","16,992.60","3,09,566.00","14,196.80","2,95,369.00","1,01,624.00","1,93,745.00","-92,121.00","70,931.00","30,150.00",44.43,1,215.65,349.09,850,"30,905.12","1,385.04",2.61,21.81,11.54,24.62,24.44,5.13,1.54,5.65,0,"1,105.60"
HDFC,31-Mar-15,"2,74,012.00",697,"2,74,709.00","8,418.50","2,66,290.00","86,539.20","1,79,751.00","-93,211.80","59,901.40","26,340.00",38.13,2,196.67,328.46,750,"27,401.16",841.85,2.5,20.33,11.78,34.47,34.3,6.67,1.14,7.54,0,"1,315.70"
HDFC,31-Mar-14,"2,41,430.00",546.6,"2,41,977.00","6,961.90","2,35,015.00","74,721.10","1,60,294.00","-85,572.90","54,402.40","20,000.00",34.86,3,179.14,279.18,700,"24,143.01",696.19,2.59,20.61,11.87,25.35,25.2,4.93,1.58,5.71,0,883.9
HDFC,01-Jul-13,"2,11,125.00",351.2,"2,11,476.00","6,603.00","2,04,873.00","65,964.30","1,38,909.00","-72,944.70","48,483.40","17,245.00",31.35,4,161.32,246.19,625,"21,112.50",660.3,2.68,22.07,11.97,26.34,26.21,5.12,1.51,6.05,0,889.65
SBIN,31-Mar-17,"17,55,180.00","3,54,609.00","21,09,790.00","4,64,728.00","5,08,479.00",0,"11,36,580.00","-11,36,580.00","1,04,841.00","43,710.60",13.43,0,0,,0,,,0.41,6.97,4.71,22.25,18.26,1.49,0.89,1.33,0.06,293.4
SBIN,31-Mar-16,"16,36,850.00","2,81,584.00","19,18,440.00","4,17,824.00","4,32,578.00","1,37,741.00","10,68,030.00","-9,30,289.00","99,506.50","38,234.10",12.98,1,0,,0,,,0.45,7.3,5.42,15.16,12.95,1.05,1.34,0.92,0.07,194.25
SBIN,31-Mar-15,"15,23,970.00","2,25,759.00","17,49,730.00","3,86,776.00","3,89,135.00",0,"9,73,818.00","-9,73,818.00","1,31,016.00","62,123.90",17.55,2,0,,0,,,0.68,10.62,8.68,15.21,14.02,1.55,1.31,1.31,0.07,267.05
SBIN,31-Mar-14,"13,63,510.00","1,85,529.00","15,49,040.00","3,57,258.00","3,21,092.00","1,61,739.00","8,70,686.00","-7,08,947.00","1,08,912.00","52,827.20",156.76,3,0,,0,,,0.65,10.03,8.82,1.31,11.71,1.21,1.56,1.05,0.06,"1,917.70"
SBIN,01-Jul-13,"11,96,570.00","1,60,348.00","13,56,920.00","2,92,844.00","3,10,817.00","1,99,509.00","7,53,258.00","-5,53,749.00","1,41,050.00","58,459.10",210.06,4,0,,0,,,0.97,15.43,11.61,1.01,9.3,1.43,2,1.18,0.05,"2,015.60"
HINDUNILVR,31-Mar-17,"3,44,870.00","5,260.00","3,50,130.00","2,84,400.00","65,730.00","67,920.00",220,"67,700.00","44,900.00","19,060.00",20.75,0,29.91,"1,620.00","1,700.00","31,890.00","25,843.00",31.68,70.73,100.53,43.77,40.22,30.42,1.87,6.16,0,911.75
HINDUNILVR,31-Mar-16,"3,19,872.00","5,006.30","3,24,878.00","2,62,572.00","62,305.50","61,913.40",1.8,"61,911.60","40,823.70","17,882.20",18.87,1,28.87,"1,573.00","1,600.00","31,061.00","25,312.00",30.43,83.43,119.18,45.4,42.13,30.12,1.84,6.05,0,869.5
HINDUNILVR,31-Mar-15,"3,08,056.00","6,183.90","3,14,240.00","2,55,974.00","58,266.30","64,741.10",168.2,"64,572.90","43,152.60","18,721.60",19.95,2,17.02,"1,578.89","1,500.00","30,805.62","25,620.10",32.85,124.81,177.25,43.76,41.04,51.3,1.72,6.13,0,873.55
HINDUNILVR,31-Mar-14,"2,80,191.00","6,210.30","2,86,402.00","2,35,439.00","50,962.90","52,889.40",360.3,"52,529.10","38,674.90","11,609.00",17.88,3,14.95,"1,435.95","1,300.00","28,019.13","23,574.95",32.04,131.8,170.24,33.76,31.63,40.37,2.15,4.66,0,605.55
HINDUNILVR,01-Jul-13,"2,58,102.00","6,069.00","2,64,171.00","2,18,065.00","46,106.50","51,939.00",251.5,"51,687.50","37,966.70","11,612.10",17.56,4,12.19,"1,318.34","1,850.00","25,810.21","21,817.79",34.43,124.25,161.12,26.55,25,38.25,3.97,3.91,0,587.4
INFY,31-Mar-17,"5,92,890.00","30,620.00","6,23,510.00","4,20,820.00","2,02,690.00","2,02,690.00",0,"2,02,690.00","1,38,180.00","51,200.00",60.16,0,295.72,"30,944.00",515,"59,289.00","42,082.00",18.2,21.43,29.34,16.96,15.47,3.45,2.52,3.95,0,"1,022.25"
INFY,31-Mar-16,"5,39,830.00","30,090.00","5,69,920.00","3,82,200.00","1,87,720.00","2,18,080.00",0,"2,18,080.00","1,57,860.00","49,070.00",68.73,1,266,"28,207.00",485,"53,983.00","38,319.00",18.99,23.26,32.25,22.03,20.25,4.58,1.99,5.18,0,"1,218.30"
INFY,31-Mar-15,"4,73,000.00","33,370.00","5,06,370.00","3,33,380.00","1,72,990.00","1,77,110.00",0,"1,77,110.00","1,21,640.00","46,340.00",105.91,2,418.69,"25,115.00","1,190.00","47,300.00","33,330.00",21.42,26.98,37.28,10.46,19.46,5.29,2.68,5.38,0,"2,218.35"
INFY,31-Mar-14,"4,43,410.00","25,760.00","4,69,170.00","3,18,140.00","1,51,030.00","1,51,030.00",0,"1,51,030.00","1,01,940.00","38,080.00",178.39,3,735.87,"24,350.00","1,260.00","44,341.00","31,808.00",21.5,26.09,35.85,4.6,16.6,4.46,1.92,4.23,0,"3,282.80"
INFY,01-Jul-13,"3,67,650.00","22,980.00","3,90,630.00","2,57,500.00","1,33,130.00","1,33,130.00",0,"1,33,130.00","91,160.00","32,410.00",157.55,4,628.21,"19,932.00",840,"36,765.00","25,749.00",23.29,27.7,37.56,4.55,16.47,4.6,1.45,4.51,0,"2,451.00"
KOTAKBANK,31-Mar-17,"1,76,989.00","34,771.60","2,11,761.00","56,185.00","59,848.10",0,"95,727.80","-95,727.80","34,115.00","17,365.70",18.57,0,0,,0,,,1.68,13.23,13.85,47.06,43.37,5.81,0.07,9.07,0.05,872.2
KOTAKBANK,31-Mar-16,"1,63,842.00","26,122.30","1,89,964.00","54,715.20","40,410.90",0,"94,838.10","-94,838.10","20,897.80","10,339.40",11.42,1,0,,0,,,1.4,10.97,13.32,59.78,52.55,5.21,0.07,7.62,0.05,680.65
KOTAKBANK,31-Mar-15,"97,198.70","20,284.50","1,17,483.00","32,547.30","29,974.60",0,"54,961.30","-54,961.30","18,659.80","9,669.80",24.2,2,0,,0,,,1.93,14.13,14.57,27.18,49.26,7.17,0.07,10.43,0.05,"1,313.25"
KOTAKBANK,31-Mar-14,"87,671.20","13,997.10","1,01,668.00","25,426.10","25,771.50","22,724.50","50,470.70","-27,746.20","15,025.20","7,699.30",19.62,3,0,,0,,,1.75,13.83,12.73,39.89,35.94,4.88,0.1,6.84,0.05,781.05
KOTAKBANK,01-Jul-13,"80,424.90","11,606.70","92,031.60","22,097.30","21,566.10","19,720.60","48,368.20","-28,647.60","13,607.20","6,113.40",18.31,4,0,,0,,,1.82,15.65,12.72,35.74,32.57,5.15,0.11,6.05,0.04,723.95
ICICIBANK,31-Mar-17,"5,41,563.00","1,95,045.00","7,36,608.00","1,47,551.00","2,64,867.00",0,"3,24,190.00","-3,24,190.00","98,010.90","14,775.20",16.84,0,0,,0,,,1.31,10.66,8.13,14.97,15.29,1.67,0.9,2.98,0.06,276.85
ICICIBANK,31-Mar-16,"5,27,394.00","1,53,230.00","6,80,625.00","1,26,836.00","2,38,635.00","1,21,957.00","3,15,154.00","-1,93,197.00","97,262.90","24,694.30",16.75,1,0,,0,,,1.42,11.63,8.57,12.86,13.22,1.58,2.11,2.61,0.06,236.65
ICICIBANK,31-Mar-15,"4,90,911.00","1,21,761.00","6,12,673.00","1,14,958.00","1,97,199.00",0,"3,00,515.00","-3,00,515.00","1,11,754.00","46,445.70",19.32,2,0,,0,,,1.8,14.55,10.64,16.36,15.49,2.27,1.59,3.72,0.07,315.5
ICICIBANK,31-Mar-14,"4,41,782.00","1,04,279.00","5,46,060.00","1,03,089.00","1,65,946.00","1,39,682.00","2,77,026.00","-1,37,344.00","98,104.80","41,576.90",84.99,3,0,,0,,,1.73,14.02,10.82,2.93,13.89,1.96,1.85,3.26,0.07,"1,245.05"
ICICIBANK,01-Jul-13,"4,00,756.00","83,457.00","4,84,213.00","90,128.80","1,31,992.00","1,13,967.00","2,62,092.00","-1,48,125.00","83,254.70","30,712.20",72.2,4,0,,0,,,1.62,13.1,10.04,2.9,13.73,1.81,1.91,3.01,0.07,"1,067.90"
BHARTIARTL,31-Mar-17,"6,22,763.00","1,843.00","6,24,606.00","3,85,834.00","2,38,772.00","36,939.00","29,125.00","7,814.00","-99,256.00","14,161.00",-24.84,0,252.19,"1,738.50",20,"62,276.30","38,583.40",-5.33,-9.36,-2.04,0,61.41,1.39,0.29,2.25,0,350.05
BHARTIARTL,31-Mar-16,"6,03,002.00","14,856.00","6,17,858.00","3,79,640.00","2,38,218.00","1,95,829.00","35,590.00","1,60,239.00","75,465.00","24,933.00",18.88,1,278.55,"1,864.80",27.2,"60,300.30","37,989.10",4.81,8.22,10.74,18.03,8.08,1.26,0.39,2.33,0,350.8
BHARTIARTL,31-Mar-15,"5,54,964.00","51,930.00","6,06,894.00","3,60,653.00","2,46,241.00","2,32,150.00","14,091.00","2,18,059.00","1,32,005.00","24,548.00",33.02,2,195.21,"1,691.50",77,"55,496.40","36,065.30",10.58,18.27,19.31,11.93,7.58,2.02,0.98,2.84,0,393.3
BHARTIARTL,31-Mar-14,"4,99,185.00","8,534.00","5,07,719.00","3,36,197.00","1,71,522.00","1,56,087.00","13,364.00","1,42,723.00","66,002.00","17,772.00",16.51,3,166.33,"1,648.10",36,"49,918.50","33,619.70",6.7,10.97,13.36,19.31,9.22,1.92,0.56,2.55,0,317.75
BHARTIARTL,01-Jul-13,"4,53,509.00","14,631.00","4,68,140.00","3,18,802.00","1,49,338.00","1,32,815.00","16,523.00","1,16,292.00","50,963.00","13,585.00",13.42,4,141.83,"1,511.30",20,"45,350.90","31,880.20",5.79,9.9,12.18,21.74,9.29,2.06,0.34,2.44,0,296.15
WIPRO,31-Mar-17,"4,60,478.00","25,700.00","4,86,178.00","3,64,909.00","1,21,269.00","1,17,348.00","3,921.00","1,13,427.00","81,617.00","25,254.00",33.61,0,189.4,"21,854.40",100,"46,047.80","36,490.90",13.44,18.84,22.08,7.67,13.6,2.72,0.39,2.72,0,515.7
WIPRO,31-Mar-16,"4,47,397.00","27,209.00","4,74,606.00","3,55,819.00","1,18,787.00","1,13,509.00","5,278.00","1,08,231.00","80,990.00","23,831.00",32.97,1,164.43,"21,267.10",300,"44,680.80","35,371.90",14.68,21.82,25.22,8.49,15.33,3.43,1.07,3.11,0,564.25
WIPRO,31-Mar-15,"4,12,872.00","24,216.00","4,37,088.00","3,20,105.00","1,16,983.00","1,13,354.00","3,629.00","1,09,725.00","81,931.00","23,639.00",33.38,2,139.92,"19,726.30",600,"41,209.80","32,013.30",16.58,25.66,29.25,18.92,17.27,4.49,1.91,3.76,0,628.85
WIPRO,31-Mar-14,"3,87,927.00","15,757.00","4,03,684.00","2,96,488.00","1,07,196.00","1,03,449.00","3,747.00","99,702.00","73,874.00","22,208.00",30.09,3,118.92,"18,337.50",400,"38,757.20","29,836.30",17.14,27.62,31.07,18.11,16.47,4.56,1.47,3.45,0,543.2
WIPRO,01-Jul-13,"3,32,420.00","13,098.00","3,45,518.00","2,62,930.00","82,588.00","79,064.00","3,524.00","75,540.00","56,502.00","15,549.00",23.03,4,98.15,"15,904.20",350,"33,226.50","26,293.00",14.28,23.33,25.21,19.06,16.95,4.45,1.6,3.24,0,351.25
TATAMOTORS,31-Mar-17,"4,91,004.00","12,312.90","5,03,317.00","4,78,542.00","24,774.80","5,486.20","15,901.50","-10,415.30","-24,799.90",592.2,-7.3,0,61.28,"3,558.52",0,"44,364.00","43,117.81",-4.47,-11.49,-2.13,0,323.31,7.6,0,3.57,0,465.85
TATAMOTORS,31-Mar-16,"4,23,698.00","21,329.20","4,45,027.00","4,00,543.00","44,484.60","26,041.40","14,811.10","11,230.30","2,342.30",-838.4,0.68,1,65.81,"3,026.75",10,"42,369.82","40,054.28",0.46,1.26,4.4,560.02,48.8,5.87,0.05,3.1,0,386.6
TATAMOTORS,31-Mar-15,"3,62,947.00","18,814.10","3,81,762.00","3,75,322.00","6,439.30","-13,715.00","16,116.80","-29,831.80","-47,389.50","7,642.30",-14.72,2,46.11,"3,091.46",0,"36,301.63","37,539.11",-9.51,-27.88,-6.73,0,-82.88,11.93,0,4.88,0,550.2
TATAMOTORS,31-Mar-14,"3,42,881.00","38,330.30","3,81,211.00","3,51,993.00","29,218.80","10,445.00","13,375.20","-2,930.20","3,345.20","-13,603.20",1.03,3,59.51,"2,877.69",100,"34,288.11","35,183.60",0.66,1.75,0.93,379.23,53.32,6.69,0.5,3.74,0,398.65
TATAMOTORS,01-Jul-13,"4,47,657.00","20,882.00","4,68,539.00","4,30,477.00","38,061.80","19,925.50","13,877.60","6,047.90","3,018.10","-1,268.80",0.93,4,59.91,"2,837.00",100,"44,765.72","43,057.41",0.57,1.57,4.39,284.65,40.53,4.5,0.74,1.92,0,289.8
AXISBANK,31-Mar-17,"4,45,422.00","1,16,913.00","5,62,335.00","1,21,999.00","1,75,845.00",0,"2,64,490.00","-2,64,490.00","36,792.80","17,882.80",15.4,0,0,,0,,,0.64,6.76,7.61,31.95,28.07,2.11,1.02,2.64,0.07,490.8
AXISBANK,31-Mar-16,"4,09,880.00","93,714.60","5,03,595.00","1,01,008.00","1,61,036.00",0,"2,41,551.00","-2,41,551.00","82,236.60","41,700.90",34.59,1,0,,0,,,1.64,16.81,12.59,12.88,12.22,1.99,1.12,2.58,0.06,444.15
AXISBANK,31-Mar-15,"3,54,786.00","83,650.40","4,38,436.00","92,037.40","1,33,854.00",0,"2,12,545.00","-2,12,545.00","73,578.20","36,990.10",31.18,2,0,,0,,,1.74,17.75,14.25,18.05,17.11,2.97,0.82,3.74,0.06,560.2
AXISBANK,31-Mar-14,"3,06,412.00","74,052.20","3,80,464.00","79,007.70","1,14,561.00","93,486.30","1,86,895.00","-93,408.70","62,176.70","31,309.60",132.56,3,0,,0,,,1.72,17.43,15.2,2.21,10.43,1.8,1.37,2.24,0.06,"1,460.50"
AXISBANK,01-Jul-13,"2,71,826.00","65,511.10","3,37,337.00","69,142.40","93,031.30","75,526.90","1,75,163.00","-99,636.10","51,794.30","23,732.60",119.67,4,0,,0,,,1.65,18.53,15.01,2.35,11.01,1.84,1.38,2.24,0.06,"1,348.80"
ULTRACEMCO,31-Mar-17,"2,71,624.00","6,599.50","2,78,224.00","2,21,935.00","56,289.00","50,438.20","5,713.90","44,724.30","26,277.20","11,482.30",95.74,0,871.37,"1,413.44",100,"23,891.43","18,922.48",6.77,11.54,14.48,41.68,28.12,4.58,0.25,4.58,0,"3,984.75"
ULTRACEMCO,31-Mar-16,"2,41,074.00","2,351.60","2,43,425.00","1,94,912.00","48,512.80","43,459.90","5,052.90","38,407.00","21,746.50","8,823.10",79.25,1,787.33,"1,343.02",95,"23,708.79","19,082.19",6.45,11.72,13.57,37.36,24.15,4.1,0.29,3.74,0,"3,228.75"
ULTRACEMCO,31-Mar-15,"2,29,362.00","3,717.80","2,33,080.00","1,87,411.00","45,668.10","40,193.60","5,474.50","34,719.10","20,147.30","8,715.20",73.44,2,686.92,"1,218.29",90,"22,927.19","18,732.16",6.2,11.21,14.14,39.16,25.06,4.19,0.31,3.44,0,"2,877.90"
ULTRACEMCO,31-Mar-14,"2,02,798.00","3,290.40","2,06,088.00","1,64,619.00","41,469.40","38,277.70","3,191.70","35,086.00","21,444.70","6,310.40",78.2,3,623.29,"1,014.63",90,"20,279.80","16,461.90",7.5,13.27,14.41,27.99,18.78,3.51,0.41,2.96,0,"2,186.95"
ULTRACEMCO,01-Jul-13,"2,01,749.00","3,050.00","2,04,799.00","1,54,995.00","49,804.80","47,707.70","2,097.10","45,610.60","26,554.30","11,699.70",96.85,4,555.54,968.35,90,"20,179.96","15,504.48",10.55,18.91,21.43,19.29,14.22,3.36,0.48,2.54,0,"1,932.30"
ASIANPAINT,31-Mar-17,"1,43,604.00","3,009.00","1,46,613.00","1,16,890.00","29,723.40","29,534.80",188.6,"29,346.20","18,031.00","8,549.50",18.8,0,72.47,742.83,"1,030.00","12,647.11","9,972.23",19.04,28.01,41.39,56.98,48.96,14.78,0.96,8.12,0,"1,073.50"
ASIANPAINT,31-Mar-16,"1,26,459.00","2,253.00","1,28,712.00","1,01,663.00","27,048.60","26,161.10",234,"25,927.10","15,974.30","7,803.20",16.65,1,61.78,666.83,750,"11,830.33","9,349.80",20.29,31.96,47.5,51.35,44.86,14.06,0.86,7.04,0,868.4
ASIANPAINT,31-Mar-15,"1,16,488.00","1,868.20","1,18,356.00","96,383.10","21,973.40","21,566.80",271.3,"21,295.50","13,274.00","6,061.70",13.84,2,44.1,606.94,610,"11,648.83","9,634.28",18.97,33.9,49.62,58.44,50.03,18.34,0.75,6.66,0,811.3
ASIANPAINT,31-Mar-14,"1,04,188.00","1,736.60","1,05,924.00","86,415.10","19,509.30","19,148.90",260.8,"18,888.10","11,690.60","5,335.10",12.19,3,37.54,482.43,530,"10,418.78","8,639.16",18.91,35.3,51.1,44.84,37.95,14.56,0.97,5.03,0,547.95
ASIANPAINT,01-Jul-13,"89,717.00","1,261.50","90,978.50","74,244.30","16,734.20","16,428.60",305.6,"16,123.00","10,500.00","4,658.80",109.47,4,315.08,404.59,460,"8,960.07","7,409.40",20.11,38.11,53.39,4.49,40.05,15.6,0.94,5.26,0,"4,712.50"
INDUSINDBK,31-Mar-17,"1,44,057.00","41,714.90","1,85,772.00","47,830.80","54,510.10",0,"83,430.70","-83,430.70","28,678.90","14,917.90",48.06,0,0,,0,,,1.78,15.27,13.45,29.4,27.56,4.16,0.43,5.85,0.06,"1,425.15"
INDUSINDBK,31-Mar-16,"1,15,807.00","32,969.50","1,48,776.00","36,721.00","41,414.20","34,692.60","70,640.90","-35,948.30","22,864.50","11,828.10",39.68,1,0,,0,,,1.8,16.6,13.83,25.18,23.57,3.33,0.47,4.85,0.05,967.6
INDUSINDBK,31-Mar-15,"96,919.70","24,038.70","1,20,958.00","27,259.30","30,982.20",0,"62,716.90","-62,716.90","17,937.20","9,154.50",33.99,2,0,,0,,,1.8,19.01,13.83,26.05,24.33,4.56,0.45,4.82,0.05,886
INDUSINDBK,31-Mar-14,"82,535.30","18,905.30","1,01,441.00","21,852.80","25,959.60","21,283.30","53,628.20","-32,344.90","14,080.20","7,203.10",26.85,3,0,,0,,,1.76,17.56,15.2,18.7,17.49,3.05,0.7,3.19,0.07,501.85
INDUSINDBK,01-Jul-13,"69,832.30","13,629.60","83,461.90","17,563.60","18,394.60","15,763.60","47,503.70","-31,740.10","10,611.80","5,151.80",21.83,4,0,,0,,,1.62,17.81,15.07,19.95,18.65,2.86,0.74,3.03,0.06,471.95
ADANIPORTS,31-Mar-17,"48,788.60","14,850.00","63,638.60","14,268.10","49,370.50","38,336.50","11,034.00","27,302.50","31,006.10","1,923.30",14.97,0,81.44,210.99,65,"4,878.86","1,331.81",9.21,20.38,13.5,22.7,19.33,4.17,0.38,14.42,0,339.6
ADANIPORTS,31-Mar-16,"46,307.50","10,777.30","57,084.80","13,360.20","43,724.60","34,456.60","9,268.00","25,188.60","28,415.80",821.5,13.72,1,65.51,178.92,55,"4,619.17","1,311.90",10.65,23.98,15.41,17.3,14.72,3.78,0.44,11.11,0,247.7
ADANIPORTS,31-Mar-15,"39,093.60","7,995.00","47,088.60","13,019.40","34,069.20","26,367.90","7,701.30","18,666.60","21,831.40",-349.7,10.55,2,53.89,157.56,55,"3,909.36","1,301.94",9.35,21.38,13.9,29.21,23.87,5.72,0.36,16.31,0,308.2
ADANIPORTS,31-Mar-14,"43,457.80","6,797.50","50,255.30","17,817.00","32,438.30","26,659.60","5,778.70","20,880.90","20,161.70","1,940.80",9.74,3,44.79,117,50,"4,350.26","1,612.47",10.3,25.25,17.83,19.25,15.7,4.19,0.53,8.92,0,187.45
ADANIPORTS,01-Jul-13,"33,610.50","2,032.40","35,642.90","9,332.40","26,310.50","22,315.70","3,994.80","18,320.90","17,541.80","1,350.10",8.76,4,33.45,104.38,50,"3,361.05",890.82,11.16,29.43,17.6,15.85,13.26,4.15,0.72,8.27,0,151.55
BAJAJ-AUTO,31-Mar-17,"2,30,880.00","12,219.70","2,43,100.00","1,86,657.00","56,443.20","56,429.20",14,"56,415.20","38,275.60","15,080.70",132.3,0,588.66,960.52,550,"21,766.68","17,345.57",20.52,25.26,34.95,21.23,19.65,4.77,1.96,3.73,0,"2,805.45"
BAJAJ-AUTO,31-Mar-16,"2,26,876.00","9,132.70","2,36,009.00","1,79,080.00","56,928.20","56,923.40",4.8,"56,918.60","36,524.10","17,327.70",126.2,1,458.46,883.42,550,"22,586.52","17,804.58",24.52,32.8,45.88,17.72,16.43,5.25,2.29,3.08,0,"2,405.95"
BAJAJ-AUTO,31-Mar-15,"2,16,120.00","5,824.20","2,21,944.00","1,74,955.00","46,989.70","43,521.90",64.9,"43,457.00","28,137.40","12,710.50",97.2,2,369.5,865.24,500,"21,612.01","17,503.19",18.57,27.72,39.97,20.75,18.97,5.46,2.48,2.7,0,"2,016.60"
BAJAJ-AUTO,31-Mar-14,"2,01,495.00","7,064.10","2,08,559.00","1,60,438.00","48,121.50","48,116.60",4.9,"48,111.70","32,433.20","13,887.30",112.08,3,332.03,696.48,500,"20,149.51","16,078.77",23.83,37.05,52.47,18.54,17.58,6.26,2.41,2.98,0,"2,083.60"
BAJAJ-AUTO,01-Jul-13,"1,99,972.00","7,954.90","2,07,927.00","1,63,620.00","44,307.40","44,302.00",5.4,"44,296.60","30,435.70","12,226.60",105.18,4,273.07,611.76,450,"19,997.25","16,422.30",25.83,43.66,60.28,17.07,16.2,6.57,2.51,2.6,0,"1,922.90"
YESBANK,31-Mar-17,"1,64,246.00","41,567.60","2,05,814.00","41,165.40","58,375.20",0,"1,06,273.00","-1,06,273.00","33,300.90","17,140.20",78.89,0,0,,0,,,1.75,18.58,14.08,21.23,20.2,3.21,0.77,4.31,0.05,"1,546.75"
YESBANK,31-Mar-16,"1,35,334.00","27,121.50","1,62,456.00","29,763.70","43,025.00",0,"89,667.20","-89,667.20","25,394.50","12,267.50",60.62,1,0,,0,,,1.68,19.94,13.33,14.32,13.72,2.64,1.16,2.69,0.05,865.05
YESBANK,31-Mar-15,"1,15,720.00","20,464.60","1,36,185.00","22,847.10","32,495.80",0,"80,841.70","-80,841.70","20,053.60","9,047.50",49.34,2,0,,0,,,1.64,21.33,13.44,17.01,16.32,2.92,1.1,2.95,0.06,815.75
YESBANK,31-Mar-14,"99,813.50","17,215.80","1,17,029.00","17,498.70","26,879.70","23,262.80","72,650.90","-49,388.10","16,177.80","7,085.00",44.92,3,0,,0,,,1.55,25.02,14.4,9.22,8.87,2.09,1.93,1.49,0.06,413.95
YESBANK,01-Jul-13,"82,940.00","12,574.30","95,514.30","13,345.40","21,416.80","19,257.30","60,752.10","-41,494.80","13,006.80","6,250.50",36.53,4,0,,0,,,1.51,24.81,15.09,11.82,11.36,2.65,1.4,1.85,0.05,470.15
HEROMOTOCO,31-Mar-17,"3,08,461.00","5,224.30","3,13,686.00","2,62,113.00","51,572.40","51,511.90",60.5,"51,451.40","33,771.20","12,813.40",169.12,0,506.13,"1,396.01","4,250.00","28,474.99","23,840.18",23.04,35.66,49.24,19.06,16.64,6.37,2.64,2.26,0,"3,221.95"
HEROMOTOCO,31-Mar-16,"2,85,993.00","3,911.20","2,89,904.00","2,41,523.00","48,381.30","48,359.80",21.5,"48,338.30","31,323.70","12,622.10",156.86,1,442.32,"1,315.93","3,600.00","28,442.70","23,987.73",26.35,41.11,57.75,18.6,16.34,6.65,2.45,2.07,0,"2,945.70"
HEROMOTOCO,31-Mar-15,"2,75,853.00","4,927.40","2,80,780.00","2,40,431.00","40,349.20","38,687.90",110.9,"38,577.00","23,856.40","9,431.80",119.46,2,327.52,"1,172.87","3,000.00","27,585.30","24,133.90",23.34,39.3,53.76,22.12,18.04,8.07,2.27,1.91,0,"2,639.80"
HEROMOTOCO,31-Mar-14,"2,52,755.00","4,463.80","2,57,218.00","2,17,354.00","39,864.40","39,746.20",118.2,"39,628.00","21,090.80","7,581.70",105.61,3,280.41,930.04,"3,250.00","25,275.47","21,828.26",21.49,39.77,48.66,21.52,14.11,8.11,2.86,1.8,0,"2,274.80"
HEROMOTOCO,01-Jul-13,"2,37,681.00","3,983.80","2,41,665.00","2,04,836.00","36,828.60","36,709.50",119.1,"36,590.40","21,181.60","4,110.40",106.07,4,250.69,820.92,"3,000.00","23,768.11","20,577.08",21.69,45.57,42.46,14.54,9.45,6.15,3.89,1.3,0,"1,698.60"
TATASTEEL,31-Mar-17,"5,32,610.00","4,144.60","5,36,754.00","4,13,850.00","1,22,904.00","88,984.80","26,885.50","62,099.30","34,445.50","19,123.80",33.67,0,0,"4,605.13",100,"47,993.02","36,190.93",0,0,0,0,6.71,1.02,0,0,0,482.7
TATASTEEL,31-Mar-16,"3,82,103.00","38,907.00","4,21,010.00","3,09,986.00","1,11,024.00","80,596.30","14,602.70","65,993.60","49,009.50","12,255.70",48.67,1,0,"4,319.89",80,"38,221.49","30,610.91",0,0,0,0,7.92,0.63,0,0,0,319.7
TATASTEEL,31-Mar-15,"4,17,850.00","5,827.80","4,23,678.00","3,17,762.00","1,05,916.00","1,05,065.00","19,759.50","85,305.50","64,391.20","20,697.70",64.49,2,684.62,"4,601.92",80,"41,785.00","31,853.61",5.67,10.11,11.15,4.78,3.65,0.46,2.52,0.74,0,316.75
TATASTEEL,31-Mar-14,"4,17,110.00","7,876.40","4,24,987.00","2,88,941.00","1,36,045.00","1,16,422.00","18,205.80","98,216.20","64,121.90","33,013.10",66.01,3,627.59,"3,673.08",100,"41,711.03","28,960.75",6.01,11.05,13.11,5.97,4.59,0.63,2.54,0.92,0,393.95
TATASTEEL,01-Jul-13,"3,81,994.00","9,020.40","3,91,015.00","2,70,732.00","1,20,283.00","94,769.80","18,767.70","76,002.10","50,629.70","27,736.30",52.12,4,566.94,"3,602.27",80,"38,199.43","27,204.12",5.1,9.46,11.75,5.99,4.52,0.55,2.56,0.79,0,280.7
ZEEL,31-Mar-17,"49,283.70","3,471.40","52,755.10","34,233.90","18,521.20","17,726.90","1,264.50","16,462.40","10,340.60","6,615.20",10.77,0,46.06,288.9,250,"4,928.40","3,423.40",15.25,25.76,31.27,49.64,46.19,11.61,0.47,10.41,0,535.55
ZEEL,31-Mar-16,"42,065.00","2,226.60","44,291.60","30,306.20","13,985.40","13,957.80",27.6,"13,930.20","8,593.30","4,688.10",7.43,1,37.58,301.5,225,"4,206.50","3,117.60",11.22,21.31,25.79,56.36,51.66,10.28,0.58,8.82,0,386.95
ZEEL,31-Mar-15,"34,261.80","2,272.90","36,534.70","23,814.90","12,719.80","12,702.10",17.7,"12,684.40","8,317.70","3,804.70",7.15,2,26.75,272.9,225,"3,426.20","2,393.90",16.2,36.81,28.36,46.16,36.87,12.77,0.66,9.57,0,341.75
ZEEL,31-Mar-14,"30,756.70","1,845.60","32,602.30","20,442.00","12,160.30","12,088.50",71.8,"12,016.70","7,723.30","4,026.90",8.04,3,20.32,217.3,200,"3,075.70","2,045.20",17.76,29.12,32.27,34.15,32.35,13.37,0.74,8.48,0,271.35
ZEEL,01-Jul-13,"25,658.80","1,189.70","26,848.50","17,036.00","9,812.50","9,799.20",13.3,"9,785.90","6,406.90","3,112.00",6.72,4,35.14,184.8,200,"2,565.90","1,703.60",17.08,20.19,30.01,31.38,30.07,6,0.95,7.84,0,247.6
LUPIN,31-Mar-17,"1,27,532.00",884.7,"1,28,416.00","82,670.30","45,745.90","45,451.70",294.2,"45,157.50","31,413.30","10,377.30",69.63,0,323.44,"1,403.03",375,"12,753.15","8,267.03",19.58,23.79,30.41,20.77,18.6,4.47,0.52,5.12,0,"1,445.20"
LUPIN,31-Mar-16,"1,12,801.00","1,938.80","1,14,740.00","72,480.10","42,259.40","42,111.60",147.8,"41,963.80","28,850.70","10,204.80",64.1,1,261.84,"1,218.09",375,"11,343.77","7,356.77",22.43,27.26,36.19,23.56,21.27,5.65,0.51,5.88,0,"1,479.25"
LUPIN,31-Mar-15,"97,524.70","1,806.30","99,331.00","63,792.20","35,538.80","35,489.80",49,"35,440.80","23,973.50","8,148.40",53.41,2,199.59,"1,052.55",375,"9,752.47","6,379.22",24.21,30.11,39.73,37.63,33,10.06,0.37,9.25,0,"2,008.40"
LUPIN,31-Mar-14,"89,393.80","4,153.80","93,547.60","60,270.50","33,277.10","33,067.20",209.9,"32,857.30","23,242.20","8,148.70",51.83,3,155.06,844.32,300,"8,939.38","6,027.05",29.34,39.42,50.01,18.06,16.84,6.04,0.64,4.69,0,933.15
LUPIN,01-Jul-13,"71,225.10",233.1,"71,458.20","52,385.90","19,072.30","18,739.50",332.8,"18,406.70","12,604.30","4,633.80",28.16,4,108.14,726.44,200,"7,122.51","5,238.59",19.09,29.41,33.96,22.34,19.96,5.82,0.64,3.95,0,777.15
CIPLA,31-Mar-17,"1,09,746.00","1,298.50","1,11,044.00","93,783.20","17,261.10","16,869.10",392,"16,477.10","9,749.40","2,120.00",12.13,0,158.37,"1,728.97",100,"10,768.49","9,172.23",6.33,7.91,9.34,48.88,32.31,3.74,0.34,4.43,0,592.95
CIPLA,31-Mar-16,"1,20,341.00","2,591.40","1,22,932.00","99,803.40","23,128.60","21,803.40","1,325.20","20,478.20","13,980.30","3,415.00",17.41,1,148.08,"1,778.56",100,"11,950.69","9,897.26",9.13,12.77,14.79,28.14,21.6,3.46,0.39,3.44,0,511.95
CIPLA,31-Mar-15,"1,01,318.00","1,479.10","1,02,797.00","81,704.70","21,092.20","19,731.70","1,360.50","18,371.20","11,810.90","3,588.80",14.71,2,137.12,"1,499.63",100,"10,131.78","8,170.47",7.62,11.21,14.31,48.35,35.38,5.19,0.28,5.64,0,712.45
CIPLA,31-Mar-14,"93,802.90","2,802.80","96,605.70","73,907.60","22,698.10","21,419.50","1,278.60","20,140.90","13,883.40","4,300.00",17.29,3,125.31,"1,284.75",100,"9,456.90","7,467.37",10.53,14.67,18.73,22.19,18,3.06,0.52,3.26,0,382.8
CIPLA,01-Jul-13,"82,024.20","2,291.30","84,315.50","60,832.80","23,482.70","23,148.90",333.8,"22,815.10","15,071.10","5,047.50",18.77,4,110.36,969.28,100,"8,202.42","6,083.28",13.92,18.38,23.53,20.23,16.84,3.44,0.53,3.72,0,397.75
TECHM,31-Mar-17,"2,31,654.00","8,929.40","2,40,583.00","1,94,936.00","45,647.30","45,009.40",637.9,"44,371.50","30,473.30","8,314.00",31.37,0,167.89,"7,744.40",180,"23,165.40","19,860.70",13.78,19.8,22.64,14.68,12.19,2.74,1.96,1.93,0,459.15
TECHM,31-Mar-16,"2,09,698.00","11,084.30","2,20,782.00","1,75,561.00","45,221.00","44,687.80",533.2,"44,154.60","32,200.00","7,033.00",33.4,1,149.29,"7,429.00",240,"20,969.80","17,703.20",17.04,25.1,28.36,14.49,12.38,3.18,2.52,2.19,0,474.95
TECHM,31-Mar-15,"1,91,626.00","3,246.20","1,94,873.00","1,61,362.00","33,510.40","34,037.50",85.6,"33,951.90","22,562.30","6,742.30",23.58,2,112.87,"7,201.20",120,"19,162.70","16,256.30",14.48,23.49,29.55,26.81,22.22,5.58,0.95,3.16,0,629.7
TECHM,31-Mar-14,"1,62,951.00","3,130.30","1,66,082.00","1,29,765.00","36,316.50","36,648.20",770.8,"35,877.40","26,854.70","5,523.70",115.02,3,358.44,"6,971.50",200,"16,295.10","13,170.60",24.87,43.11,45.9,3.9,13.46,5.01,1.11,2.57,0,"1,795.35"
TECHM,01-Jul-13,"60,018.90",339.5,"60,358.40","49,681.00","10,677.40","9,742.30",935.1,"8,807.20","6,525.20","1,647.00",50.93,4,319.34,"2,513.80",50,"6,001.90","4,954.70",9.71,17.43,18.24,5.2,16.76,3.32,0.47,2.26,0,"1,034.45"
DRREDDY,31-Mar-17,"97,198.00","5,912.00","1,03,110.00","79,742.00","23,368.00","22,796.00",572,"22,224.00","13,841.00","1,604.00",83.05,0,694.83,"1,803.30",400,"9,719.80","7,974.20",8.17,11.78,11,31.53,20.6,3.79,0.76,4.49,0,"2,632.35"
DRREDDY,31-Mar-16,"1,02,077.00","2,448.00","1,04,525.00","78,037.00","26,488.00","22,291.00",638,"21,653.00","13,545.00","2,255.00",79.42,1,702.69,"1,693.40",400,"10,291.90","8,226.60",7.5,12.2,12.04,37.67,25.58,4.32,0.66,5.03,0,"3,035.20"
DRREDDY,31-Mar-15,"1,00,109.00","2,228.50","1,02,338.00","76,199.40","26,138.50","25,500.50",638,"24,862.50","16,793.50","3,804.70",98.6,2,618.75,"1,490.90",400,"10,011.00","7,619.90",9.37,16.97,16.49,35.39,27.39,5.64,0.57,5.94,0,"3,488.75"
DRREDDY,31-Mar-14,"97,280.50","1,514.60","98,795.10","69,663.10","29,132.00","28,348.90",783.1,"27,565.80","19,328.40","5,215.50",113.63,3,543.33,"1,419.90",360,"9,728.00","7,004.50",12.7,22.79,23.15,22.55,18.84,4.71,0.7,4.48,0,"2,563.90"
DRREDDY,01-Jul-13,"84,340.10","1,417.10","85,757.20","64,483.40","21,273.80","20,659.80",614,"20,045.80","12,654.70","4,876.60",74.51,4,454.35,"1,138.10",300,"8,434.00","6,448.30",9.98,17.6,20.01,23.7,19,3.89,0.85,3.56,0,"2,263.80"
TATAPOWER,31-Mar-17,"72,180.60","9,138.30","81,318.90","51,084.20","30,234.70","11,403.40","12,956.80","-1,553.40","2,834.50","2,226.80",0.63,0,53.61,660.8,130,"7,202.25","5,184.21",0.76,1.94,6.01,86.35,26.67,1.69,1.44,3.4,0,90.35
TATAPOWER,31-Mar-16,"88,196.50","5,551.30","93,747.80","57,787.30","35,960.50","18,321.70","11,559.90","6,761.80","7,716.20","3,949.00",2.36,1,54.61,648.47,130,"8,690.51","6,241.27",3.97,8.95,10.37,12.9,8.92,1.18,2.01,2.01,0,64.65
TATAPOWER,31-Mar-15,"86,776.90","10,246.80","97,023.70","65,639.70","31,384.00","20,909.40","10,474.60","10,434.80","10,102.90","5,053.60",3.3,2,54.86,686.52,130,"8,250.19","6,563.97",3.15,7.11,9.58,20.64,13.15,1.35,1.69,2.53,0,77.1
TATAPOWER,31-Mar-14,"86,270.40","6,557.60","92,828.00","63,362.90","29,465.10","20,783.00","8,682.10","12,100.90","9,540.80","5,370.80",4.02,3,51.64,544.95,125,"8,675.53","6,384.78",3.25,7.58,9.57,21.09,13.05,1.56,1.47,2.32,0,85.15
TATAPOWER,01-Jul-13,"95,672.80","7,216.70","1,02,890.00","75,432.20","27,457.30","20,674.80","6,782.50","13,892.30","10,246.90","6,786.90",4.32,4,48.98,547.6,115,"9,567.28","7,537.93",3.86,8.51,10.6,21.54,16.47,1.87,1.19,2.39,0,88.65
