,Unnamed: 0,close_price,date,high_price,last_traded_Price,low_price,open_price,symbol,total_traded_quantity,turnover
999,999,"1,220.05",2013-07-01,"1,247.90",1217.9,"1,212.00","1,225.00",ACC,"2,27,092","2,794.21"
998,998,"1,234.30",2013-07-02,"1,242.10",1240.0,"1,210.35","1,220.00",ACC,"2,98,612","3,671.86"
997,997,"1,204.80",2013-07-03,"1,234.90",1208.0,"1,195.00","1,225.10",ACC,"2,52,747","3,054.34"
996,996,"1,236.00",2013-07-04,"1,246.00",1241.2,"1,208.10","1,208.10",ACC,"8,15,421","10,088.87"
995,995,"1,238.45",2013-07-05,"1,245.85",1242.0,"1,230.55","1,245.10",ACC,"1,48,224","1,835.24"
994,994,"1,256.55",2013-07-08,"1,260.00",1260.0,"1,218.05","1,232.25",ACC,"1,54,098","1,912.01"
993,993,"1,250.75",2013-07-09,"1,275.00",1250.0,"1,243.60","1,263.25",ACC,"1,73,295","2,168.86"
992,992,"1,249.90",2013-07-10,"1,259.60",1249.0,"1,245.00","1,252.00",ACC,"1,90,543","2,383.39"
991,991,"1,250.25",2013-07-11,"1,269.70",1250.0,"1,244.45","1,264.60",ACC,"1,62,056","2,035.19"
990,990,"1,241.40",2013-07-12,"1,255.00",1243.5,"1,226.00","1,255.00",ACC,"2,09,642","2,596.95"
989,989,"1,242.05",2013-07-15,"1,249.40",1245.9,"1,232.45","1,239.50",ACC,"1,24,649","1,545.19"
988,988,"1,257.75",2013-07-16,"1,262.00",1260.05,"1,218.55","1,218.55",ACC,"1,05,536","1,322.42"
987,987,"1,274.65",2013-07-17,"1,284.85",1278.8,"1,256.55","1,260.00",ACC,"2,39,609","3,054.39"
986,986,"1,275.35",2013-07-18,"1,292.95",1272.0,"1,268.90","1,280.00",ACC,"1,61,723","2,073.86"
985,985,"1,275.50",2013-07-19,"1,284.60",1274.5,"1,261.15","1,275.00",ACC,"3,49,108","4,424.79"
984,984,"1,241.05",2013-07-22,"1,277.95",1236.7,"1,232.35","1,275.00",ACC,"1,27,488","1,590.97"
983,983,"1,249.00",2013-07-23,"1,254.40",1245.0,"1,225.10","1,241.00",ACC,"4,69,551","5,831.15"
982,982,"1,230.55",2013-07-24,"1,242.45",1216.0,"1,211.05","1,241.90",ACC,"2,48,690","3,062.67"
981,981,"1,195.25",2013-07-25,"1,211.80",1194.6,"1,165.00","1,190.05",ACC,"7,48,479","8,864.82"
980,980,"1,211.90",2013-07-26,"1,222.40",1216.0,"1,185.00","1,196.10",ACC,"1,44,561","1,745.10"
979,979,"1,194.45",2013-07-29,"1,218.70",1192.3,"1,191.25","1,201.25",ACC,"89,643","1,075.40"
978,978,"1,174.35",2013-07-30,"1,195.95",1178.0,"1,171.00","1,190.00",ACC,"1,71,158","2,017.56"
977,977,"1,173.55",2013-07-31,"1,189.90",1179.0,"1,140.05","1,171.05",ACC,"2,99,123","3,467.60"
976,976,"1,148.65",2013-08-01,"1,199.00",1147.0,"1,143.00","1,185.00",ACC,"10,72,257","12,728.52"
975,975,"1,174.90",2013-08-02,"1,197.20",1175.0,"1,155.65","1,159.80",ACC,"2,25,592","2,666.57"
974,974,"1,187.85",2013-08-05,"1,205.00",1193.0,"1,170.00","1,179.00",ACC,"4,61,538","5,482.28"
973,973,"1,162.20",2013-08-06,"1,190.00",1164.0,"1,157.90","1,189.00",ACC,"5,64,374","6,574.94"
972,972,"1,159.95",2013-08-07,"1,179.60",1161.55,"1,151.00","1,175.00",ACC,"2,95,889","3,434.38"
971,971,"1,161.40",2013-08-08,"1,178.90",1162.2,"1,155.10","1,155.10",ACC,"1,64,632","1,916.14"
970,970,"1,168.40",2013-08-12,"1,173.30",1165.0,"1,144.00","1,163.10",ACC,"1,77,236","2,057.40"
969,969,"1,160.80",2013-08-13,"1,179.95",1160.0,"1,148.10","1,169.80",ACC,"1,47,042","1,705.70"
968,968,"1,189.55",2013-08-14,"1,195.00",1195.0,"1,151.00","1,157.05",ACC,"1,76,334","2,068.36"
967,967,"1,158.90",2013-08-16,"1,189.90",1157.0,"1,151.00","1,178.60",ACC,"2,36,567","2,751.03"
966,966,"1,124.50",2013-08-19,"1,146.00",1123.8,"1,108.25","1,143.30",ACC,"3,04,385","3,436.18"
965,965,"1,075.00",2013-08-20,"1,111.85",1075.3,"1,070.50","1,110.00",ACC,"5,78,094","6,278.58"
964,964,"1,006.25",2013-08-21,"1,096.70",1000.0,"1,000.00","1,077.10",ACC,"3,85,848","4,030.21"
963,963,999.25,2013-08-22,"1,020.00",999.9,983,995.6,ACC,"3,72,984","3,722.16"
962,962,989.7,2013-08-23,"1,007.95",995.05,973.6,"1,000.00",ACC,"2,74,757","2,711.95"
961,961,"1,002.00",2013-08-26,"1,018.00",998.3,995,"1,000.00",ACC,"2,67,170","2,691.33"
960,960,942.8,2013-08-27,"1,005.00",943.0,937.95,994,ACC,"3,12,985","3,036.30"
959,959,944.7,2013-08-28,952,941.0,911.15,935,ACC,"7,84,916","7,288.16"
958,958,958.05,2013-08-29,976.3,958.0,941,941.2,ACC,"4,31,331","4,138.15"
957,957,964.1,2013-08-30,975.5,956.0,933,956.9,ACC,"2,82,045","2,690.74"
956,956,952,2013-09-02,970,951.85,941.15,970,ACC,"2,91,295","2,778.40"
955,955,930.5,2013-09-03,963.85,930.1,927,961.7,ACC,"2,90,378","2,733.72"
954,954,931.6,2013-09-04,953.55,933.0,913.9,925.15,ACC,"3,53,115","3,308.77"
953,953,938.7,2013-09-05,959.9,940.0,930,946,ACC,"6,15,330","5,823.93"
952,952,962.3,2013-09-06,974.5,958.45,930.5,946,ACC,"6,81,266","6,542.34"
951,951,"1,022.55",2013-09-10,"1,030.00",1029.9,970.1,971.8,ACC,"7,15,347","7,094.65"
950,950,"1,053.15",2013-09-11,"1,059.20",1058.0,"1,018.45","1,025.00",ACC,"3,28,960","3,422.11"
949,949,"1,027.35",2013-09-12,"1,069.15",1025.0,"1,020.00","1,060.00",ACC,"2,42,686","2,512.88"
948,948,"1,043.70",2013-09-13,"1,052.00",1045.05,"1,026.45","1,033.00",ACC,"4,20,328","4,382.83"
947,947,"1,044.40",2013-09-16,"1,070.05",1048.5,"1,031.00","1,062.70",ACC,"3,00,447","3,159.83"
946,946,"1,059.80",2013-09-17,"1,064.20",1064.0,"1,035.00","1,050.00",ACC,"4,57,175","4,789.06"
945,945,"1,064.90",2013-09-18,"1,072.70",1065.0,"1,054.00","1,058.15",ACC,"3,29,771","3,500.92"
944,944,"1,097.95",2013-09-19,"1,131.00",1097.0,"1,076.45","1,088.80",ACC,"7,08,711","7,780.08"
943,943,"1,123.25",2013-09-20,"1,129.00",1121.35,"1,060.60","1,097.00",ACC,"3,48,333","3,844.17"
942,942,"1,111.15",2013-09-23,"1,138.00",1108.1,"1,090.30","1,110.15",ACC,"3,90,593","4,337.26"
941,941,"1,098.50",2013-09-24,"1,125.00",1090.0,"1,086.15","1,100.15",ACC,"1,83,976","2,039.09"
940,940,"1,095.05",2013-09-25,"1,106.75",1095.0,"1,076.30","1,090.10",ACC,"2,61,395","2,854.46"
939,939,"1,095.30",2013-09-26,"1,117.75",1100.0,"1,082.35","1,090.00",ACC,"3,82,724","4,215.43"
938,938,"1,099.55",2013-09-27,"1,115.00",1099.0,"1,093.10","1,100.00",ACC,"1,73,613","1,913.89"
937,937,"1,111.95",2013-09-30,"1,117.75",1112.0,"1,085.70","1,099.70",ACC,"1,95,561","2,161.52"
936,936,"1,099.40",2013-10-01,"1,119.25",1102.8,"1,092.00","1,119.25",ACC,"1,38,825","1,528.78"
935,935,"1,139.65",2013-10-03,"1,144.85",1140.0,"1,102.45","1,109.00",ACC,"2,47,449","2,799.65"
934,934,"1,132.45",2013-10-04,"1,145.00",1132.0,"1,123.35","1,138.80",ACC,"2,91,001","3,310.62"
933,933,"1,124.15",2013-10-07,"1,144.00",1120.0,"1,108.20","1,144.00",ACC,"8,49,974","9,524.74"
932,932,"1,128.60",2013-10-08,"1,142.70",1127.2,"1,116.75","1,125.00",ACC,"5,28,411","5,971.74"
931,931,"1,113.00",2013-10-09,"1,129.70",1123.65,"1,110.00","1,125.00",ACC,"6,69,039","7,452.77"
930,930,"1,129.85",2013-10-10,"1,138.70",1128.0,"1,117.50","1,117.50",ACC,"2,48,990","2,818.09"
929,929,"1,127.00",2013-10-11,"1,146.55",1123.05,"1,115.10","1,140.00",ACC,"82,059",925.12
928,928,"1,153.60",2013-10-14,"1,161.95",1152.6,"1,111.40","1,124.00",ACC,"2,37,189","2,711.17"
927,927,"1,132.10",2013-10-15,"1,159.90",1126.1,"1,125.50","1,159.90",ACC,"2,42,594","2,762.01"
926,926,"1,129.15",2013-10-17,"1,143.15",1124.9,"1,123.60","1,132.00",ACC,"1,68,857","1,911.68"
925,925,"1,144.70",2013-10-18,"1,151.00",1151.0,"1,124.00","1,135.80",ACC,"3,35,274","3,820.80"
924,924,"1,149.60",2013-10-21,"1,165.00",1148.0,"1,125.00","1,145.00",ACC,"3,73,736","4,305.80"
923,923,"1,136.85",2013-10-22,"1,142.90",1137.1,"1,130.00","1,137.00",ACC,"2,63,779","2,997.07"
922,922,"1,157.15",2013-10-23,"1,164.00",1160.6,"1,103.00","1,125.00",ACC,"8,68,706","9,803.85"
921,921,"1,154.45",2013-10-24,"1,160.00",1156.25,"1,136.25","1,145.15",ACC,"3,52,058","4,051.50"
920,920,"1,136.75",2013-10-25,"1,147.90",1140.0,"1,132.80","1,143.00",ACC,"1,42,764","1,628.85"
919,919,"1,112.65",2013-10-28,"1,155.30",1118.0,"1,110.05","1,137.15",ACC,"2,36,278","2,652.32"
918,918,"1,149.95",2013-10-29,"1,158.05",1149.5,"1,112.20","1,119.90",ACC,"3,53,171","4,009.11"
917,917,"1,149.55",2013-10-30,"1,166.95",1145.65,"1,138.55","1,152.00",ACC,"1,80,018","2,075.88"
916,916,"1,134.85",2013-10-31,"1,146.95",1135.8,"1,127.10","1,144.10",ACC,"5,68,174","6,442.05"
915,915,"1,141.65",2013-11-01,"1,149.45",1143.0,"1,130.00","1,138.00",ACC,"2,99,782","3,412.40"
914,914,"1,143.75",2013-11-03,"1,146.05",1141.1,"1,140.00","1,141.50",ACC,"19,097",218.38
913,913,"1,139.35",2013-11-05,"1,144.10",1139.0,"1,128.70","1,141.10",ACC,"1,36,806","1,557.53"
912,912,"1,111.65",2013-11-06,"1,139.00",1114.0,"1,102.65","1,139.00",ACC,"2,23,796","2,506.00"
911,911,"1,116.55",2013-11-07,"1,128.00",1116.1,"1,101.00","1,110.05",ACC,"2,62,955","2,937.31"
910,910,"1,089.65",2013-11-08,"1,117.05",1086.0,"1,085.00","1,110.00",ACC,"2,53,620","2,771.87"
909,909,"1,050.10",2013-11-11,"1,085.00",1048.8,"1,047.00","1,085.00",ACC,"3,62,241","3,841.82"
908,908,"1,022.95",2013-11-12,"1,059.70",1026.2,"1,016.65","1,049.85",ACC,"4,51,883","4,660.48"
907,907,"1,041.15",2013-11-13,"1,048.50",1040.0,"1,020.00","1,021.00",ACC,"2,50,798","2,595.20"
906,906,"1,043.90",2013-11-14,"1,055.00",1049.0,"1,026.20","1,047.20",ACC,"2,39,436","2,494.32"
905,905,"1,065.30",2013-11-18,"1,071.00",1070.0,"1,042.50","1,053.00",ACC,"2,63,271","2,782.13"
904,904,"1,056.50",2013-11-19,"1,073.00",1057.0,"1,049.50","1,066.00",ACC,"2,03,831","2,161.21"
903,903,"1,064.85",2013-11-20,"1,074.00",1057.5,"1,050.55","1,050.55",ACC,"3,44,163","3,671.51"
902,902,"1,030.00",2013-11-21,"1,066.00",1025.0,"1,022.00","1,054.90",ACC,"3,28,523","3,438.94"
901,901,"1,050.70",2013-11-22,"1,059.35",1055.0,"1,032.15","1,035.00",ACC,"3,19,832","3,350.05"
900,900,"1,078.65",2013-11-25,"1,084.00",1080.0,"1,055.00","1,055.00",ACC,"2,63,470","2,825.25"
899,899,"1,068.40",2013-11-26,"1,094.00",1073.85,"1,062.15","1,077.80",ACC,"15,73,839","16,901.06"
898,898,"1,065.80",2013-11-27,"1,077.45",1067.4,"1,059.95","1,075.35",ACC,"1,47,709","1,574.65"
897,897,"1,066.80",2013-11-28,"1,076.00",1074.0,"1,059.95","1,070.00",ACC,"4,49,425","4,790.32"
896,896,"1,096.60",2013-11-29,"1,099.95",1098.1,"1,067.00","1,067.00",ACC,"2,72,362","2,964.35"
895,895,"1,092.65",2013-12-02,"1,118.70",1091.85,"1,087.00","1,098.00",ACC,"2,43,417","2,688.02"
894,894,"1,100.45",2013-12-03,"1,105.85",1100.0,"1,081.30","1,091.95",ACC,"2,63,745","2,897.76"
893,893,"1,101.95",2013-12-04,"1,107.90",1104.0,"1,092.50","1,096.25",ACC,"2,41,908","2,661.58"
892,892,"1,106.50",2013-12-05,"1,120.00",1103.4,"1,102.60","1,119.00",ACC,"1,56,639","1,741.81"
891,891,"1,115.95",2013-12-06,"1,121.50",1115.45,"1,098.70","1,104.00",ACC,"2,25,381","2,509.60"
890,890,"1,166.60",2013-12-09,"1,175.00",1171.15,"1,125.00","1,140.00",ACC,"3,63,949","4,166.00"
889,889,"1,150.45",2013-12-10,"1,183.90",1155.0,"1,134.05","1,170.60",ACC,"2,91,721","3,386.93"
888,888,"1,135.65",2013-12-11,"1,158.75",1135.0,"1,128.70","1,146.00",ACC,"1,64,033","1,870.88"
887,887,"1,120.00",2013-12-12,"1,133.00",1120.0,"1,112.00","1,130.00",ACC,"1,70,659","1,908.29"
886,886,"1,091.85",2013-12-13,"1,118.65",1091.9,"1,086.65","1,115.55",ACC,"2,06,800","2,279.16"
885,885,"1,087.35",2013-12-16,"1,106.90",1085.1,"1,076.40","1,094.80",ACC,"1,57,724","1,710.48"
884,884,"1,090.10",2013-12-17,"1,098.15",1090.4,"1,081.00","1,090.60",ACC,"1,62,409","1,770.65"
883,883,"1,095.25",2013-12-18,"1,108.75",1100.0,"1,085.15","1,092.25",ACC,"1,71,917","1,886.86"
882,882,"1,082.25",2013-12-19,"1,106.50",1085.0,"1,078.20","1,101.00",ACC,"3,50,502","3,828.87"
881,881,"1,097.25",2013-12-20,"1,099.75",1096.4,"1,069.00","1,081.55",ACC,"1,75,775","1,904.22"
880,880,"1,104.95",2013-12-23,"1,117.00",1104.65,"1,091.70","1,091.70",ACC,"1,57,121","1,741.47"
879,879,"1,109.65",2013-12-24,"1,132.00",1115.0,"1,105.00","1,107.00",ACC,"2,19,208","2,451.97"
878,878,"1,110.50",2013-12-26,"1,124.00",1110.1,"1,101.95","1,117.00",ACC,"2,62,945","2,923.29"
877,877,"1,122.45",2013-12-27,"1,129.90",1123.8,"1,103.75","1,115.80",ACC,"2,25,894","2,517.71"
876,876,"1,094.50",2013-12-30,"1,124.00",1093.75,"1,091.95","1,122.15",ACC,"1,84,622","2,037.93"
875,875,"1,108.75",2013-12-31,"1,111.85",1107.85,"1,095.30","1,099.75",ACC,"1,52,498","1,684.64"
874,874,"1,108.45",2014-01-01,"1,115.00",1108.8,"1,101.30","1,110.00",ACC,"66,461",736.59
873,873,"1,097.60",2014-01-02,"1,122.15",1097.0,"1,093.00","1,110.10",ACC,"3,10,453","3,436.20"
872,872,"1,088.95",2014-01-03,"1,094.50",1086.1,"1,081.15","1,086.05",ACC,"1,86,172","2,024.57"
871,871,"1,085.00",2014-01-06,"1,094.60",1086.0,"1,071.10","1,088.00",ACC,"1,44,416","1,566.00"
870,870,"1,085.20",2014-01-07,"1,094.20",1085.4,"1,071.20","1,087.60",ACC,"2,97,558","3,221.90"
869,869,"1,083.35",2014-01-08,"1,098.00",1084.0,"1,077.10","1,080.10",ACC,"3,09,014","3,357.97"
868,868,"1,054.00",2014-01-09,"1,089.75",1053.25,"1,050.00","1,085.65",ACC,"2,07,498","2,210.30"
867,867,"1,034.25",2014-01-10,"1,057.90",1030.0,"1,028.20","1,055.00",ACC,"1,96,254","2,047.57"
866,866,"1,037.15",2014-01-13,"1,043.00",1043.0,"1,026.15","1,034.80",ACC,"2,80,135","2,899.46"
865,865,"1,019.25",2014-01-14,"1,044.65",1019.0,"1,017.50","1,038.00",ACC,"2,58,779","2,656.55"
864,864,"1,029.35",2014-01-15,"1,035.90",1029.0,"1,017.00","1,024.00",ACC,"2,06,666","2,126.46"
863,863,"1,032.35",2014-01-16,"1,048.75",1034.6,"1,028.30","1,031.25",ACC,"3,00,498","3,123.52"
862,862,"1,027.65",2014-01-17,"1,044.00",1028.6,"1,022.55","1,035.00",ACC,"1,90,230","1,969.94"
861,861,"1,029.85",2014-01-20,"1,034.00",1030.0,"1,016.55","1,029.00",ACC,"3,19,564","3,282.40"
860,860,"1,031.05",2014-01-21,"1,037.00",1032.0,"1,023.00","1,034.00",ACC,"2,22,661","2,297.66"
859,859,"1,023.65",2014-01-22,"1,030.00",1022.95,"1,018.60","1,028.00",ACC,"1,41,481","1,448.05"
858,858,"1,020.00",2014-01-23,"1,027.70",1023.0,"1,016.05","1,016.05",ACC,"2,73,061","2,788.15"
857,857,999.45,2014-01-24,"1,023.70",999.0,995.2,"1,020.00",ACC,"2,71,037","2,722.59"
856,856,984.2,2014-01-27,990.95,986.05,976.1,990,ACC,"1,64,374","1,619.12"
855,855,996.15,2014-01-28,999.7,994.2,980,985.1,ACC,"1,29,917","1,287.68"
854,854,988.3,2014-01-29,"1,005.60",984.0,981.45,"1,000.00",ACC,"1,35,934","1,354.63"
853,853,982.6,2014-01-30,991.7,986.0,970.15,980,ACC,"3,16,976","3,112.81"
852,852,"1,010.85",2014-01-31,"1,016.70",1015.8,982,989.9,ACC,"3,13,053","3,129.83"
851,851,"1,003.90",2014-02-03,"1,021.45",999.0,998.95,"1,004.05",ACC,"2,43,550","2,456.97"
850,850,"1,001.10",2014-02-04,"1,014.40",1000.0,988.6,988.6,ACC,"2,55,339","2,559.57"
849,849,"1,001.00",2014-02-05,"1,012.50",1001.0,991.2,"1,001.40",ACC,"3,21,747","3,234.48"
848,848,"1,018.95",2014-02-06,"1,024.90",1016.0,991.1,"1,000.65",ACC,"6,65,685","6,736.39"
847,847,"1,046.45",2014-02-07,"1,055.00",1050.0,"1,006.35","1,016.00",ACC,"3,63,743","3,754.89"
846,846,"1,048.45",2014-02-10,"1,054.80",1050.0,"1,031.30","1,048.10",ACC,"2,83,113","2,959.58"
845,845,"1,049.80",2014-02-11,"1,054.00",1052.0,"1,040.35","1,052.50",ACC,"1,20,995","1,268.52"
844,844,"1,037.85",2014-02-12,"1,055.10",1037.9,"1,035.00","1,055.10",ACC,"1,05,703","1,100.50"
843,843,"1,014.40",2014-02-13,"1,044.05",1013.6,"1,010.25","1,037.05",ACC,"1,56,873","1,604.96"
842,842,"1,008.85",2014-02-14,"1,021.65",1006.65,"1,001.75","1,015.80",ACC,"1,16,476","1,176.13"
841,841,"1,010.15",2014-02-17,"1,018.75",1008.8,"1,002.00","1,010.00",ACC,"1,14,203","1,152.96"
840,840,"1,019.90",2014-02-18,"1,025.00",1020.0,"1,005.00","1,008.00",ACC,"1,68,819","1,712.58"
839,839,"1,025.80",2014-02-19,"1,035.00",1025.2,"1,020.00","1,020.00",ACC,"1,52,027","1,561.49"
838,838,"1,007.90",2014-02-20,"1,023.00",1004.35,"1,002.05","1,023.00",ACC,"64,873",657.04
837,837,"1,065.55",2014-02-21,"1,070.00",1068.8,"1,003.10","1,006.00",ACC,"3,92,141","4,094.56"
836,836,"1,070.10",2014-02-24,"1,080.40",1067.8,"1,056.45","1,068.00",ACC,"2,61,977","2,800.88"
835,835,"1,083.85",2014-02-25,"1,087.75",1084.0,"1,073.00","1,073.00",ACC,"3,00,648","3,254.97"
834,834,"1,090.70",2014-02-26,"1,096.00",1096.0,"1,075.15","1,081.00",ACC,"2,02,636","2,205.19"
833,833,"1,104.90",2014-02-28,"1,110.00",1108.0,"1,085.00","1,085.00",ACC,"3,16,402","3,478.81"
832,832,"1,099.50",2014-03-03,"1,113.80",1101.65,"1,094.00","1,103.10",ACC,"1,47,479","1,625.89"
831,831,"1,133.35",2014-03-04,"1,141.10",1136.4,"1,096.95","1,099.10",ACC,"2,05,315","2,301.45"
830,830,"1,167.30",2014-03-05,"1,176.75",1165.0,"1,111.60","1,136.10",ACC,"3,33,862","3,840.49"
829,829,"1,212.10",2014-03-06,"1,218.70",1207.0,"1,161.00","1,169.90",ACC,"4,53,249","5,399.24"
828,828,"1,261.15",2014-03-07,"1,269.90",1256.0,"1,202.00","1,215.00",ACC,"6,07,707","7,524.45"
827,827,"1,266.90",2014-03-10,"1,285.30",1268.0,"1,237.95","1,250.10",ACC,"3,92,791","4,965.05"
826,826,"1,251.25",2014-03-11,"1,282.35",1249.9,"1,237.55","1,268.10",ACC,"3,70,660","4,673.96"
825,825,"1,231.55",2014-03-12,"1,253.00",1240.0,"1,221.15","1,247.70",ACC,"2,76,918","3,430.06"
824,824,"1,246.85",2014-03-13,"1,269.55",1244.65,"1,233.30","1,236.95",ACC,"2,00,002","2,506.09"
823,823,"1,248.80",2014-03-14,"1,255.80",1253.0,"1,217.55","1,245.00",ACC,"3,01,970","3,739.55"
822,822,"1,258.10",2014-03-18,"1,276.00",1259.0,"1,245.10","1,250.00",ACC,"2,99,596","3,781.80"
821,821,"1,284.50",2014-03-19,"1,293.90",1283.3,"1,249.55","1,263.50",ACC,"5,51,692","7,049.88"
820,820,"1,260.30",2014-03-20,"1,287.95",1259.4,"1,254.15","1,283.35",ACC,"1,71,166","2,169.33"
819,819,"1,270.15",2014-03-21,"1,279.90",1264.9,"1,258.25","1,267.00",ACC,"2,35,549","2,991.03"
818,818,"1,263.90",2014-03-22,"1,268.90",1263.8,"1,256.85","1,268.90",ACC,"15,874",200.37
817,817,"1,282.60",2014-03-24,"1,294.00",1279.0,"1,250.00","1,254.95",ACC,"2,72,349","3,486.05"
816,816,"1,271.05",2014-03-25,"1,290.20",1269.1,"1,266.40","1,283.70",ACC,"1,35,680","1,730.78"
815,815,"1,293.45",2014-03-26,"1,304.00",1291.3,"1,280.00","1,283.50",ACC,"2,86,362","3,709.95"
814,814,"1,313.10",2014-03-27,"1,322.10",1314.15,"1,281.30","1,294.00",ACC,"5,50,384","7,200.32"
813,813,"1,362.40",2014-03-28,"1,372.30",1358.0,"1,308.30","1,315.95",ACC,"3,73,979","5,033.55"
812,812,"1,399.55",2014-03-31,"1,407.00",1399.9,"1,361.00","1,361.00",ACC,"3,20,327","4,442.64"
811,811,"1,389.10",2014-04-01,"1,400.00",1392.25,"1,371.50","1,400.00",ACC,"2,78,127","3,847.69"
810,810,"1,359.95",2014-04-02,"1,396.30",1358.25,"1,345.80","1,394.90",ACC,"3,02,676","4,144.68"
809,809,"1,351.15",2014-04-03,"1,369.80",1355.05,"1,348.65","1,369.80",ACC,"3,97,566","5,388.76"
808,808,"1,365.35",2014-04-04,"1,374.70",1363.2,"1,336.50","1,351.00",ACC,"3,05,676","4,158.35"
807,807,"1,379.30",2014-04-07,"1,391.90",1380.0,"1,371.00","1,372.80",ACC,"2,82,548","3,901.35"
806,806,"1,373.15",2014-04-09,"1,389.50",1370.0,"1,366.00","1,384.80",ACC,"4,33,478","5,964.29"
805,805,"1,389.25",2014-04-10,"1,403.00",1386.3,"1,360.10","1,376.40",ACC,"4,12,481","5,715.43"
804,804,"1,391.50",2014-04-11,"1,399.00",1390.0,"1,371.00","1,385.50",ACC,"1,69,388","2,354.84"
803,803,"1,361.80",2014-04-15,"1,397.00",1361.0,"1,356.30","1,392.05",ACC,"1,14,342","1,565.48"
802,802,"1,331.85",2014-04-16,"1,371.00",1335.2,"1,326.20","1,361.80",ACC,"3,39,494","4,589.25"
801,801,"1,358.35",2014-04-17,"1,368.40",1357.8,"1,318.10","1,333.25",ACC,"3,67,054","4,945.07"
800,800,"1,350.80",2014-04-21,"1,369.00",1351.2,"1,335.20","1,359.85",ACC,"294,750","3,973.76"
799,799,"1,336.65",2014-04-22,"1,358.20",1334.3,"1,327.05","1,352.30",ACC,"2,12,152","2,837.66"
798,798,"1,347.05",2014-04-23,"1,356.60",1355.55,"1,316.60","1,334.00",ACC,"8,67,755","11,602.96"
797,797,"1,310.25",2014-04-25,"1,341.10",1307.0,"1,288.15","1,340.10",ACC,"6,29,939","8,220.90"
796,796,"1,287.05",2014-04-28,"1,307.00",1287.0,"1,277.20","1,300.10",ACC,"3,60,527","4,641.32"
795,795,"1,300.30",2014-04-29,"1,310.00",1299.3,"1,277.00","1,290.00",ACC,"3,86,817","5,017.78"
794,794,"1,293.00",2014-04-30,"1,316.90",1306.9,"1,282.70","1,300.05",ACC,"3,66,408","4,738.64"
793,793,"1,285.75",2014-05-02,"1,305.00",1285.75,"1,280.00","1,296.15",ACC,"1,38,497","1,782.34"
792,792,"1,277.00",2014-05-05,"1,287.25",1280.05,"1,265.20","1,285.75",ACC,"2,52,303","3,211.09"
791,791,"1,291.35",2014-05-06,"1,305.00",1290.0,"1,275.00","1,282.15",ACC,"3,58,303","4,635.24"
790,790,"1,271.70",2014-05-07,"1,296.85",1272.0,"1,267.05","1,282.15",ACC,"3,98,838","5,109.01"
789,789,"1,269.70",2014-05-08,"1,290.00",1269.0,"1,261.10","1,275.25",ACC,"2,22,403","2,828.27"
788,788,"1,341.10",2014-05-09,"1,347.45",1340.0,"1,265.05","1,267.95",ACC,"3,05,740","4,028.50"
787,787,"1,353.50",2014-05-12,"1,368.90",1362.0,"1,342.30","1,342.50",ACC,"2,70,023","3,654.89"
786,786,"1,390.15",2014-05-13,"1,419.00",1388.55,"1,360.10","1,360.10",ACC,"5,29,280","7,374.98"
785,785,"1,388.05",2014-05-14,"1,398.70",1390.0,"1,371.00","1,389.80",ACC,"3,18,008","4,407.11"
784,784,"1,377.10",2014-05-15,"1,399.00",1378.0,"1,359.05","1,381.20",ACC,"2,71,826","3,753.85"
783,783,"1,430.15",2014-05-16,"1,459.90",1447.0,"1,382.05","1,395.00",ACC,"7,90,658","11,313.63"
782,782,"1,442.45",2014-05-19,"1,453.60",1435.0,"1,410.20","1,437.00",ACC,"8,35,308","12,000.06"
781,781,"1,422.00",2014-05-20,"1,458.70",1425.0,"1,415.50","1,458.70",ACC,"2,29,930","3,279.42"
780,780,"1,380.45",2014-05-21,"1,439.95",1389.0,"1,372.00","1,423.00",ACC,"3,64,909","5,091.81"
779,779,"1,389.40",2014-05-22,"1,408.00",1387.95,"1,361.00","1,399.00",ACC,"3,19,755","4,439.62"
778,778,"1,380.10",2014-05-23,"1,400.00",1377.05,"1,370.30","1,386.00",ACC,"5,41,425","7,490.91"
777,777,"1,348.45",2014-05-26,"1,433.50",1346.7,"1,311.85","1,381.00",ACC,"15,80,507","21,991.33"
776,776,"1,330.55",2014-05-27,"1,357.80",1332.75,"1,312.15","1,348.05",ACC,"1,90,906","2,538.53"
775,775,"1,381.25",2014-05-28,"1,398.00",1388.0,"1,331.05","1,337.00",ACC,"4,22,121","5,818.57"
774,774,"1,362.30",2014-05-29,"1,407.35",1359.5,"1,352.05","1,394.00",ACC,"4,26,725","5,895.90"
773,773,"1,337.00",2014-05-30,"1,365.95",1341.0,"1,321.10","1,362.00",ACC,"4,33,042","5,823.81"
772,772,"1,382.40",2014-06-02,"1,388.80",1382.45,"1,332.80","1,347.70",ACC,"2,80,346","3,812.87"
771,771,"1,417.05",2014-06-03,"1,429.50",1419.0,"1,384.05","1,390.00",ACC,"3,89,987","5,501.40"
770,770,"1,422.70",2014-06-04,"1,436.40",1420.35,"1,410.00","1,420.00",ACC,"2,34,062","3,330.02"
769,769,"1,439.25",2014-06-05,"1,459.65",1434.35,"1,428.00","1,428.00",ACC,"5,44,132","7,856.56"
768,768,"1,438.90",2014-06-06,"1,448.50",1443.45,"1,424.65","1,446.00",ACC,"3,06,628","4,401.19"
767,767,"1,507.10",2014-06-09,"1,525.50",1503.0,"1,441.10","1,444.00",ACC,"8,32,082","12,536.51"
766,766,"1,499.55",2014-06-10,"1,515.45",1497.0,"1,476.05","1,514.80",ACC,"6,50,780","9,743.54"
765,765,"1,484.10",2014-06-11,"1,514.00",1478.0,"1,468.50","1,510.00",ACC,"2,51,884","3,750.83"
764,764,"1,477.00",2014-06-12,"1,489.80",1480.1,"1,466.05","1,483.00",ACC,"2,26,059","3,344.38"
763,763,"1,474.75",2014-06-13,"1,506.00",1475.0,"1,458.55","1,470.75",ACC,"2,80,837","4,172.32"
762,762,"1,486.30",2014-06-16,"1,493.00",1484.1,"1,438.00","1,474.00",ACC,"3,10,812","4,560.17"
761,761,"1,499.80",2014-06-17,"1,511.00",1501.1,"1,467.75","1,486.40",ACC,"5,33,887","7,989.19"
760,760,"1,475.20",2014-06-18,"1,520.00",1473.0,"1,466.00","1,501.10",ACC,"4,48,226","6,737.37"
759,759,"1,455.05",2014-06-19,"1,499.00",1448.2,"1,448.05","1,478.50",ACC,"1,62,784","2,388.18"
758,758,"1,438.60",2014-06-20,"1,465.30",1436.2,"1,427.35","1,443.00",ACC,"2,01,598","2,912.67"
757,757,"1,471.00",2014-06-23,"1,477.00",1475.0,"1,425.00","1,425.15",ACC,"3,05,598","4,441.66"
756,756,"1,472.00",2014-06-24,"1,485.00",1475.0,"1,460.00","1,482.00",ACC,"2,75,321","4,054.01"
755,755,"1,469.95",2014-06-25,"1,477.40",1469.2,"1,457.00","1,470.00",ACC,"1,69,257","2,487.83"
754,754,"1,450.05",2014-06-26,"1,479.80",1456.0,"1,435.00","1,479.80",ACC,"2,81,676","4,097.73"
753,753,"1,429.70",2014-06-27,"1,472.10",1427.0,"1,424.00","1,453.10",ACC,"1,66,024","2,389.96"
752,752,"1,469.25",2014-06-30,"1,484.50",1464.35,"1,428.00","1,428.00",ACC,"2,27,041","3,301.66"
751,751,"1,480.60",2014-07-01,"1,486.80",1478.0,"1,460.35","1,471.00",ACC,"2,08,998","3,088.21"
750,750,"1,498.40",2014-07-02,"1,503.65",1498.5,"1,471.60","1,485.10",ACC,"2,94,391","4,400.52"
749,749,"1,480.05",2014-07-03,"1,514.95",1479.8,"1,476.00","1,500.00",ACC,"1,44,786","2,152.52"
748,748,"1,450.95",2014-07-04,"1,487.50",1448.0,"1,421.10","1,476.15",ACC,"1,79,421","2,617.08"
747,747,"1,450.85",2014-07-07,"1,467.00",1445.5,"1,445.00","1,447.90",ACC,"1,96,051","2,850.16"
746,746,"1,418.55",2014-07-08,"1,467.00",1423.0,"1,401.10","1,450.00",ACC,"2,53,721","3,631.97"
745,745,"1,435.55",2014-07-09,"1,448.00",1433.55,"1,395.00","1,422.00",ACC,"3,14,118","4,496.68"
744,744,"1,458.50",2014-07-10,"1,487.80",1458.0,"1,411.00","1,435.10",ACC,"2,99,862","4,356.94"
743,743,"1,424.70",2014-07-11,"1,461.80",1419.8,"1,411.50","1,456.50",ACC,"2,48,804","3,566.25"
742,742,"1,398.30",2014-07-14,"1,429.00",1398.0,"1,395.10","1,416.25",ACC,"2,11,513","2,981.88"
741,741,"1,419.65",2014-07-15,"1,426.00",1422.3,"1,397.20","1,405.00",ACC,"3,02,030","4,271.77"
740,740,"1,435.60",2014-07-16,"1,446.85",1445.0,"1,411.00","1,422.25",ACC,"1,91,690","2,734.23"
739,739,"1,477.00",2014-07-17,"1,479.50",1479.5,"1,437.10","1,438.00",ACC,"2,44,439","3,583.50"
738,738,"1,461.20",2014-07-18,"1,479.00",1464.0,"1,450.00","1,478.00",ACC,"1,19,965","1,753.11"
737,737,"1,483.75",2014-07-21,"1,494.90",1487.25,"1,445.00","1,455.50",ACC,"2,44,009","3,615.25"
736,736,"1,489.05",2014-07-22,"1,500.00",1491.0,"1,475.00","1,490.00",ACC,"1,35,486","2,019.05"
735,735,"1,453.85",2014-07-23,"1,498.00",1454.15,"1,450.50","1,493.25",ACC,"1,56,358","2,290.22"
734,734,"1,463.45",2014-07-24,"1,473.40",1470.0,"1,429.00","1,455.40",ACC,"4,68,613","6,790.93"
733,733,"1,440.00",2014-07-25,"1,469.00",1431.5,"1,429.95","1,464.90",ACC,"1,69,289","2,453.17"
732,732,"1,402.85",2014-07-28,"1,437.90",1402.0,"1,393.05","1,429.00",ACC,"2,79,895","3,936.48"
731,731,"1,409.25",2014-07-30,"1,411.95",1409.5,"1,388.20","1,401.80",ACC,"3,54,600","4,975.30"
730,730,"1,395.90",2014-07-31,"1,418.50",1395.0,"1,388.60","1,401.05",ACC,"5,48,941","7,694.31"
729,729,"1,375.55",2014-08-01,"1,394.90",1375.05,"1,370.00","1,385.00",ACC,"8,29,098","11,455.98"
728,728,"1,374.50",2014-08-04,"1,390.70",1372.5,"1,358.05","1,380.00",ACC,"3,13,771","4,301.41"
727,727,"1,441.50",2014-08-05,"1,451.15",1439.3,"1,375.15","1,376.00",ACC,"4,34,006","6,141.29"
726,726,"1,431.20",2014-08-06,"1,448.00",1430.1,"1,421.15","1,440.00",ACC,"3,33,455","4,780.97"
725,725,"1,473.75",2014-08-07,"1,488.70",1473.7,"1,432.00","1,442.90",ACC,"6,86,373","10,033.97"
724,724,"1,439.65",2014-08-08,"1,464.90",1437.5,"1,432.50","1,460.00",ACC,"2,50,909","3,628.72"
723,723,"1,447.95",2014-08-11,"1,456.35",1444.05,"1,438.30","1,449.40",ACC,"1,50,882","2,186.57"
722,722,"1,464.65",2014-08-12,"1,473.50",1464.9,"1,445.50","1,447.80",ACC,"2,29,909","3,358.40"
721,721,"1,452.40",2014-08-13,"1,483.00",1447.5,"1,440.00","1,460.00",ACC,"2,33,512","3,412.03"
720,720,"1,480.85",2014-08-14,"1,486.00",1483.0,"1,453.00","1,453.00",ACC,"1,80,880","2,660.60"
719,719,"1,508.65",2014-08-18,"1,516.80",1511.9,"1,471.95","1,479.80",ACC,"2,63,813","3,955.35"
718,718,"1,523.95",2014-08-19,"1,538.70",1531.2,"1,499.10","1,518.00",ACC,"5,24,770","7,957.90"
717,717,"1,525.40",2014-08-20,"1,549.75",1524.0,"1,518.20","1,529.15",ACC,"4,11,276","6,288.04"
716,716,"1,525.60",2014-08-21,"1,536.00",1521.0,"1,515.15","1,525.00",ACC,"4,39,918","6,708.08"
715,715,"1,520.40",2014-08-22,"1,530.50",1518.9,"1,510.00","1,526.00",ACC,"2,20,001","3,341.93"
714,714,"1,531.70",2014-08-25,"1,547.90",1529.8,"1,513.15","1,520.40",ACC,"5,62,698","8,604.34"
713,713,"1,491.40",2014-08-26,"1,531.10",1490.05,"1,473.25","1,531.10",ACC,"3,90,276","5,842.85"
712,712,"1,502.75",2014-08-27,"1,509.90",1499.85,"1,481.15","1,499.80",ACC,"2,28,053","3,417.24"
711,711,"1,492.55",2014-08-28,"1,506.80",1493.0,"1,487.00","1,505.00",ACC,"1,90,831","2,856.33"
710,710,"1,499.55",2014-09-01,"1,518.95",1498.1,"1,495.25","1,495.25",ACC,"2,11,600","3,184.03"
709,709,"1,551.90",2014-09-02,"1,561.05",1553.95,"1,495.00","1,495.00",ACC,"6,17,386","9,508.47"
708,708,"1,546.75",2014-09-03,"1,564.65",1547.0,"1,540.65","1,560.00",ACC,"4,68,497","7,281.41"
707,707,"1,525.45",2014-09-04,"1,549.80",1531.55,"1,511.00","1,545.10",ACC,"3,72,132","5,663.94"
706,706,"1,521.75",2014-09-05,"1,544.00",1525.0,"1,511.90","1,532.90",ACC,"2,74,458","4,183.55"
705,705,"1,549.65",2014-09-08,"1,556.80",1545.5,"1,522.10","1,537.00",ACC,"3,37,481","5,205.76"
704,704,"1,545.10",2014-09-09,"1,560.50",1541.65,"1,527.00","1,547.10",ACC,"3,85,722","5,944.07"
703,703,"1,532.25",2014-09-10,"1,552.20",1525.55,"1,521.30","1,536.00",ACC,"3,50,368","5,383.42"
702,702,"1,532.05",2014-09-11,"1,540.00",1525.0,"1,518.00","1,525.10",ACC,"3,24,500","4,966.39"
701,701,"1,534.25",2014-09-12,"1,541.50",1537.0,"1,518.00","1,539.00",ACC,"2,70,001","4,132.36"
700,700,"1,512.65",2014-09-15,"1,528.70",1503.75,"1,503.60","1,528.00",ACC,"3,14,164","4,762.00"
699,699,"1,483.00",2014-09-16,"1,522.00",1478.0,"1,474.00","1,503.10",ACC,"3,53,065","5,288.33"
698,698,"1,495.35",2014-09-17,"1,499.65",1494.8,"1,468.80","1,490.00",ACC,"2,33,042","3,464.63"
697,697,"1,509.00",2014-09-18,"1,514.95",1505.0,"1,486.00","1,490.00",ACC,"4,00,791","6,048.04"
696,696,"1,505.05",2014-09-19,"1,520.00",1501.35,"1,497.00","1,509.00",ACC,"4,66,456","7,035.18"
695,695,"1,493.55",2014-09-22,"1,500.00",1490.0,"1,476.20","1,495.00",ACC,"3,73,023","5,549.74"
694,694,"1,464.10",2014-09-23,"1,495.90",1463.85,"1,457.50","1,488.10",ACC,"2,36,285","3,495.45"
693,693,"1,430.20",2014-09-24,"1,472.90",1430.7,"1,417.80","1,460.25",ACC,"4,41,791","6,349.56"
692,692,"1,399.05",2014-09-25,"1,444.70",1403.0,"1,390.20","1,431.10",ACC,"3,43,922","4,836.27"
691,691,"1,435.15",2014-09-26,"1,442.85",1441.0,"1,385.30","1,396.70",ACC,"3,60,391","5,079.77"
690,690,"1,438.50",2014-09-29,"1,446.90",1437.0,"1,415.40","1,435.30",ACC,"1,29,568","1,859.70"
689,689,"1,399.55",2014-09-30,"1,456.40",1405.0,"1,393.50","1,437.00",ACC,"3,97,577","5,621.59"
688,688,"1,391.65",2014-10-01,"1,414.95",1387.25,"1,387.20","1,409.80",ACC,"2,13,810","2,989.61"
687,687,"1,369.60",2014-10-07,"1,391.80",1370.05,"1,354.65","1,377.95",ACC,"4,72,881","6,465.04"
686,686,"1,380.20",2014-10-08,"1,385.95",1384.0,"1,357.10","1,357.10",ACC,"2,49,181","3,423.90"
685,685,"1,429.05",2014-10-09,"1,433.00",1421.0,"1,386.20","1,386.40",ACC,"3,29,185","4,660.93"
684,684,"1,403.30",2014-10-10,"1,416.95",1400.0,"1,395.05","1,415.50",ACC,"3,22,639","4,529.41"
683,683,"1,386.95",2014-10-13,"1,398.40",1385.1,"1,373.00","1,385.00",ACC,"1,85,461","2,565.06"
682,682,"1,383.30",2014-10-14,"1,401.35",1389.5,"1,376.50","1,400.00",ACC,"2,43,557","3,380.14"
681,681,"1,376.30",2014-10-16,"1,391.95",1377.5,"1,369.95","1,379.50",ACC,"4,37,986","6,044.06"
680,680,"1,406.85",2014-10-17,"1,416.75",1404.0,"1,375.70","1,385.00",ACC,"3,33,925","4,656.60"
679,679,"1,424.20",2014-10-20,"1,434.00",1420.1,"1,405.15","1,407.00",ACC,"1,86,413","2,646.41"
678,678,"1,445.35",2014-10-21,"1,454.90",1444.5,"1,428.10","1,430.00",ACC,"2,20,609","3,188.33"
677,677,"1,474.00",2014-10-22,"1,480.70",1477.0,"1,444.50","1,455.00",ACC,"2,51,354","3,690.75"
676,676,"1,483.45",2014-10-23,"1,485.00",1481.5,"1,477.80","1,480.10",ACC,"28,671",425
675,675,"1,460.10",2014-10-27,"1,485.10",1459.7,"1,458.05","1,485.10",ACC,"2,40,556","3,516.20"
674,674,"1,469.80",2014-10-28,"1,480.00",1472.0,"1,464.05","1,465.00",ACC,"2,26,132","3,328.56"
673,673,"1,483.95",2014-10-29,"1,489.65",1487.0,"1,468.80","1,480.00",ACC,"1,83,473","2,711.38"
672,672,"1,496.95",2014-10-30,"1,509.00",1492.0,"1,475.60","1,488.00",ACC,"6,27,343","9,392.54"
671,671,"1,499.25",2014-10-31,"1,509.00",1494.9,"1,491.45","1,505.10",ACC,"3,73,936","5,611.99"
670,670,"1,491.20",2014-11-03,"1,509.00",1485.0,"1,483.00","1,500.00",ACC,"2,47,920","3,709.37"
669,669,"1,485.80",2014-11-05,"1,497.00",1486.5,"1,481.60","1,490.10",ACC,"2,78,784","4,152.30"
668,668,"1,508.75",2014-11-07,"1,523.55",1510.5,"1,490.00","1,490.00",ACC,"3,49,941","5,296.67"
667,667,"1,499.25",2014-11-10,"1,519.90",1497.6,"1,491.75","1,514.00",ACC,"2,15,721","3,238.03"
666,666,"1,513.20",2014-11-11,"1,518.90",1509.1,"1,502.05","1,507.00",ACC,"2,61,331","3,951.50"
665,665,"1,514.10",2014-11-12,"1,531.60",1514.0,"1,511.35","1,515.00",ACC,"2,76,212","4,196.77"
664,664,"1,501.95",2014-11-13,"1,518.70",1500.0,"1,496.95","1,517.20",ACC,"2,89,670","4,361.94"
663,663,"1,510.85",2014-11-14,"1,517.00",1505.1,"1,495.00","1,502.50",ACC,"2,50,677","3,770.39"
662,662,"1,496.60",2014-11-17,"1,511.80",1493.05,"1,489.00","1,503.00",ACC,"2,27,895","3,414.24"
661,661,"1,487.00",2014-11-18,"1,508.80",1487.8,"1,485.30","1,497.00",ACC,"2,40,580","3,597.66"
660,660,"1,463.05",2014-11-19,"1,496.00",1463.5,"1,456.00","1,487.00",ACC,"1,84,190","2,713.07"
659,659,"1,446.35",2014-11-20,"1,465.80",1446.8,"1,438.15","1,463.40",ACC,"1,77,141","2,564.66"
658,658,"1,464.95",2014-11-21,"1,483.25",1464.0,"1,447.00","1,447.75",ACC,"3,17,334","4,665.68"
657,657,"1,451.25",2014-11-24,"1,476.00",1451.5,"1,447.00","1,465.15",ACC,"3,37,604","4,908.45"
656,656,"1,422.20",2014-11-25,"1,453.95",1421.0,"1,416.50","1,446.00",ACC,"3,63,367","5,194.45"
655,655,"1,438.45",2014-11-26,"1,459.70",1443.0,"1,416.00","1,416.00",ACC,"2,24,157","3,234.44"
654,654,"1,437.55",2014-11-27,"1,458.50",1438.9,"1,426.30","1,444.40",ACC,"4,40,612","6,351.83"
653,653,"1,475.35",2014-11-28,"1,480.00",1476.8,"1,440.00","1,440.00",ACC,"3,73,419","5,465.95"
652,652,"1,470.95",2014-12-01,"1,479.70",1470.0,"1,461.15","1,476.00",ACC,"1,37,735","2,025.54"
651,651,"1,479.00",2014-12-02,"1,490.90",1477.25,"1,463.30","1,471.00",ACC,"3,17,329","4,675.92"
650,650,"1,478.20",2014-12-03,"1,491.00",1484.0,"1,464.65","1,479.05",ACC,"2,95,171","4,362.28"
649,649,"1,476.25",2014-12-04,"1,489.90",1470.55,"1,469.00","1,482.00",ACC,"1,18,746","1,751.44"
648,648,"1,497.15",2014-12-05,"1,510.65",1494.0,"1,466.60","1,472.10",ACC,"4,31,034","6,451.42"
647,647,"1,478.15",2014-12-08,"1,517.00",1479.0,"1,465.70","1,502.40",ACC,"3,67,839","5,474.81"
646,646,"1,430.60",2014-12-09,"1,474.70",1432.0,"1,420.35","1,470.50",ACC,"6,68,787","9,591.00"
645,645,"1,432.10",2014-12-10,"1,439.70",1430.0,"1,416.00","1,438.70",ACC,"5,10,356","7,298.55"
644,644,"1,428.35",2014-12-11,"1,435.00",1427.0,"1,411.10","1,432.00",ACC,"4,73,067","6,752.61"
643,643,"1,429.95",2014-12-12,"1,440.80",1431.0,"1,421.35","1,429.00",ACC,"3,66,039","5,238.39"
642,642,"1,435.00",2014-12-15,"1,447.95",1436.8,"1,425.10","1,430.00",ACC,"3,05,195","4,382.73"
641,641,"1,391.95",2014-12-16,"1,431.50",1393.0,"1,383.95","1,426.20",ACC,"4,47,402","6,237.58"
640,640,"1,369.60",2014-12-17,"1,397.45",1365.15,"1,364.10","1,381.00",ACC,"4,73,127","6,544.68"
639,639,"1,379.95",2014-12-18,"1,401.40",1371.25,"1,371.15","1,376.00",ACC,"3,06,651","4,253.33"
638,638,"1,380.40",2014-12-19,"1,400.40",1379.9,"1,376.00","1,387.00",ACC,"5,14,987","7,158.88"
637,637,"1,383.50",2014-12-22,"1,388.55",1382.0,"1,376.45","1,385.10",ACC,"3,46,925","4,793.16"
636,636,"1,381.60",2014-12-23,"1,393.95",1382.35,"1,376.20","1,384.00",ACC,"5,16,393","7,141.39"
635,635,"1,393.40",2014-12-24,"1,409.00",1391.55,"1,381.00","1,385.10",ACC,"8,12,449","11,353.07"
634,634,"1,393.50",2014-12-26,"1,411.30",1389.3,"1,386.00","1,393.40",ACC,"1,37,950","1,927.92"
633,633,"1,399.20",2014-12-29,"1,410.00",1399.05,"1,396.05","1,403.80",ACC,"3,47,272","4,868.58"
632,632,"1,398.00",2014-12-30,"1,405.00",1397.0,"1,390.10","1,399.20",ACC,"2,94,115","4,111.44"
631,631,"1,400.15",2014-12-31,"1,410.00",1400.0,"1,395.00","1,395.00",ACC,"3,20,213","4,485.83"
630,630,"1,403.55",2015-01-01,"1,411.00",1406.9,"1,397.95","1,400.15",ACC,"1,01,070","1,419.76"
629,629,"1,425.90",2015-01-02,"1,431.00",1427.9,"1,405.55","1,406.40",ACC,"1,53,349","2,178.36"
628,628,"1,433.65",2015-01-05,"1,439.75",1429.5,"1,423.75","1,425.00",ACC,"2,07,979","2,981.67"
627,627,"1,383.55",2015-01-06,"1,428.95",1372.0,"1,370.55","1,425.00",ACC,"3,68,755","5,133.36"
626,626,"1,367.45",2015-01-07,"1,384.95",1368.95,"1,336.20","1,382.00",ACC,"3,01,895","4,120.04"
625,625,"1,391.40",2015-01-08,"1,396.65",1394.0,"1,373.25","1,378.00",ACC,"94,344","1,307.43"
624,624,"1,398.50",2015-01-09,"1,410.95",1400.0,"1,378.00","1,397.80",ACC,"2,75,773","3,850.08"
623,623,"1,404.60",2015-01-12,"1,409.25",1406.8,"1,390.10","1,400.00",ACC,"1,58,639","2,222.82"
622,622,"1,441.70",2015-01-13,"1,457.90",1446.1,"1,405.25","1,411.40",ACC,"4,42,218","6,357.63"
621,621,"1,478.35",2015-01-14,"1,484.95",1483.95,"1,445.00","1,448.00",ACC,"5,18,419","7,635.09"
620,620,"1,514.40",2015-01-15,"1,525.00",1507.0,"1,472.00","1,496.50",ACC,"9,43,897","14,227.74"
619,619,"1,518.35",2015-01-16,"1,528.90",1525.0,"1,499.50","1,514.50",ACC,"3,48,888","5,288.13"
618,618,"1,532.90",2015-01-19,"1,537.00",1536.0,"1,510.60","1,521.90",ACC,"3,42,683","5,226.91"
617,617,"1,544.30",2015-01-20,"1,550.00",1544.0,"1,531.35","1,534.55",ACC,"4,10,423","6,334.83"
616,616,"1,544.45",2015-01-21,"1,550.00",1546.0,"1,531.85","1,548.00",ACC,"2,98,780","4,605.19"
615,615,"1,558.80",2015-01-22,"1,563.20",1559.9,"1,530.00","1,544.00",ACC,"4,01,516","6,234.91"
614,614,"1,542.05",2015-01-23,"1,569.00",1540.5,"1,532.05","1,569.00",ACC,"4,26,991","6,584.27"
613,613,"1,528.70",2015-01-27,"1,545.05",1523.0,"1,503.65","1,540.15",ACC,"5,94,877","9,043.48"
612,612,"1,543.80",2015-01-28,"1,555.00",1545.0,"1,515.55","1,527.45",ACC,"3,75,711","5,790.04"
611,611,"1,582.95",2015-01-29,"1,590.00",1579.25,"1,535.30","1,544.90",ACC,"6,31,041","9,876.99"
610,610,"1,560.45",2015-01-30,"1,595.00",1562.95,"1,538.10","1,595.00",ACC,"3,88,874","6,067.14"
609,609,"1,524.95",2015-02-02,"1,556.70",1515.3,"1,513.15","1,554.90",ACC,"2,46,373","3,782.91"
608,608,"1,508.60",2015-02-03,"1,570.50",1511.95,"1,499.40","1,529.70",ACC,"13,41,347","20,563.01"
607,607,"1,495.85",2015-02-04,"1,523.60",1490.0,"1,490.00","1,511.95",ACC,"3,30,143","4,978.06"
606,606,"1,504.55",2015-02-05,"1,530.00",1500.1,"1,487.00","1,494.00",ACC,"5,57,460","8,424.32"
605,605,"1,507.20",2015-02-06,"1,525.00",1513.0,"1,481.45","1,503.00",ACC,"2,75,011","4,133.20"
604,604,"1,508.85",2015-02-09,"1,515.50",1504.35,"1,489.55","1,501.45",ACC,"2,63,261","3,959.33"
603,603,"1,562.65",2015-02-10,"1,567.80",1567.0,"1,492.80","1,502.90",ACC,"5,82,025","8,983.69"
602,602,"1,552.60",2015-02-11,"1,574.80",1560.9,"1,546.30","1,567.00",ACC,"4,89,855","7,620.83"
601,601,"1,595.20",2015-02-12,"1,614.30",1608.6,"1,560.65","1,567.45",ACC,"8,75,361","13,797.22"
600,600,"1,625.05",2015-02-13,"1,637.55",1623.0,"1,605.00","1,608.00",ACC,"5,42,357","8,813.34"
599,599,"1,614.45",2015-02-16,"1,645.00",1618.0,"1,605.10","1,632.40",ACC,"3,27,835","5,322.93"
598,598,"1,653.30",2015-02-18,"1,658.70",1658.4,"1,611.10","1,614.70",ACC,"4,71,411","7,709.07"
597,597,"1,615.15",2015-02-19,"1,665.00",1619.0,"1,602.70","1,662.40",ACC,"3,37,618","5,476.41"
596,596,"1,620.40",2015-02-20,"1,625.15",1621.65,"1,600.00","1,623.40",ACC,"2,88,973","4,666.99"
595,595,"1,615.95",2015-02-23,"1,634.95",1609.0,"1,609.00","1,628.00",ACC,"3,04,425","4,948.18"
594,594,"1,618.00",2015-02-24,"1,634.50",1621.9,"1,602.70","1,617.80",ACC,"2,26,907","3,676.05"
593,593,"1,655.75",2015-02-25,"1,672.00",1664.0,"1,614.10","1,626.20",ACC,"3,91,773","6,436.62"
592,592,"1,639.90",2015-02-26,"1,664.00",1638.4,"1,620.00","1,658.10",ACC,"4,66,687","7,657.72"
591,591,"1,673.45",2015-02-27,"1,705.00",1668.35,"1,641.00","1,648.00",ACC,"22,76,570","38,133.37"
590,590,"1,678.10",2015-02-28,"1,697.90",1678.65,"1,648.55","1,677.00",ACC,"4,58,370","7,635.52"
589,589,"1,762.80",2015-03-02,"1,774.30",1768.9,"1,678.20","1,680.00",ACC,"9,37,384","16,335.85"
588,588,"1,758.30",2015-03-03,"1,773.90",1762.0,"1,747.55","1,764.00",ACC,"4,66,325","8,180.61"
587,587,"1,725.15",2015-03-04,"1,774.65",1725.25,"1,715.00","1,765.00",ACC,"4,23,168","7,362.55"
586,586,"1,698.65",2015-03-05,"1,729.00",1693.85,"1,675.00","1,725.60",ACC,"6,06,834","10,271.99"
585,585,"1,660.10",2015-03-09,"1,689.80",1660.0,"1,647.30","1,686.00",ACC,"2,02,470","3,373.23"
584,584,"1,650.15",2015-03-10,"1,677.00",1650.25,"1,633.00","1,661.00",ACC,"2,74,799","4,539.32"
583,583,"1,639.70",2015-03-11,"1,669.00",1640.05,"1,630.20","1,650.00",ACC,"2,61,045","4,304.28"
582,582,"1,648.00",2015-03-12,"1,659.90",1654.95,"1,621.25","1,626.80",ACC,"2,91,832","4,800.29"
581,581,"1,616.00",2015-03-13,"1,664.05",1617.0,"1,615.00","1,658.90",ACC,"4,05,258","6,593.29"
580,580,"1,587.55",2015-03-16,"1,621.00",1584.95,"1,581.05","1,621.00",ACC,"2,09,638","3,337.82"
579,579,"1,613.00",2015-03-17,"1,619.00",1615.0,"1,574.95","1,591.05",ACC,"3,03,940","4,852.37"
578,578,"1,583.35",2015-03-18,"1,628.95",1580.0,"1,579.00","1,622.00",ACC,"3,34,983","5,332.99"
577,577,"1,568.50",2015-03-19,"1,610.00",1565.05,"1,563.10","1,592.40",ACC,"2,17,372","3,449.02"
576,576,"1,569.75",2015-03-20,"1,588.00",1569.0,"1,548.10","1,572.40",ACC,"2,73,632","4,283.69"
575,575,"1,586.75",2015-03-23,"1,593.40",1584.8,"1,549.10","1,570.50",ACC,"1,70,390","2,685.31"
574,574,"1,583.05",2015-03-24,"1,604.00",1589.0,"1,574.70","1,585.00",ACC,"2,11,866","3,374.11"
573,573,"1,581.70",2015-03-25,"1,596.80",1582.65,"1,571.50","1,589.90",ACC,"1,65,403","2,616.55"
572,572,"1,579.55",2015-03-26,"1,590.70",1581.6,"1,553.50","1,565.50",ACC,"6,91,532","10,900.37"
571,571,"1,549.45",2015-03-27,"1,596.75",1550.0,"1,538.00","1,585.25",ACC,"2,24,890","3,502.92"
570,570,"1,582.65",2015-03-30,"1,594.70",1590.3,"1,550.10","1,554.00",ACC,"2,38,110","3,728.68"
569,569,"1,562.75",2015-03-31,"1,594.90",1557.05,"1,555.05","1,590.20",ACC,"2,17,258","3,423.80"
568,568,"1,585.90",2015-04-01,"1,591.30",1586.1,"1,553.20","1,563.70",ACC,"1,76,063","2,768.74"
567,567,"1,617.40",2015-04-06,"1,629.95",1613.75,"1,582.05","1,588.00",ACC,"3,26,492","5,277.75"
566,566,"1,650.30",2015-04-07,"1,659.80",1653.25,"1,603.80","1,621.40",ACC,"3,93,758","6,405.20"
565,565,"1,636.20",2015-04-08,"1,676.85",1640.0,"1,630.25","1,656.30",ACC,"3,01,088","4,979.91"
564,564,"1,622.45",2015-04-09,"1,649.00",1621.85,"1,607.95","1,649.00",ACC,"2,46,991","4,010.49"
563,563,"1,636.05",2015-04-10,"1,647.80",1631.8,"1,620.00","1,624.00",ACC,"1,75,860","2,873.50"
562,562,"1,596.20",2015-04-13,"1,649.45",1590.0,"1,588.10","1,635.00",ACC,"3,85,454","6,214.63"
561,561,"1,614.55",2015-04-15,"1,630.95",1612.25,"1,608.25","1,614.00",ACC,"6,23,666","10,112.41"
560,560,"1,564.20",2015-04-16,"1,617.95",1555.0,"1,545.15","1,614.40",ACC,"5,01,093","7,907.53"
559,559,"1,521.65",2015-04-17,"1,564.00",1520.0,"1,505.00","1,563.95",ACC,"4,30,166","6,556.08"
558,558,"1,529.75",2015-04-20,"1,552.20",1530.0,"1,505.05","1,521.80",ACC,"3,71,225","5,703.31"
557,557,"1,496.15",2015-04-21,"1,539.00",1496.15,"1,490.15","1,532.00",ACC,"3,25,358","4,917.11"
556,556,"1,557.30",2015-04-22,"1,564.90",1558.0,"1,487.60","1,496.25",ACC,"3,33,071","5,092.63"
555,555,"1,518.60",2015-04-23,"1,575.00",1517.0,"1,511.40","1,560.00",ACC,"2,37,324","3,662.66"
554,554,"1,531.60",2015-04-24,"1,545.75",1526.2,"1,502.70","1,519.80",ACC,"4,01,543","6,136.21"
553,553,"1,493.95",2015-04-27,"1,539.95",1485.0,"1,481.25","1,539.95",ACC,"2,52,273","3,799.58"
552,552,"1,514.50",2015-04-28,"1,523.00",1521.0,"1,477.90","1,488.90",ACC,"3,69,301","5,533.32"
551,551,"1,484.45",2015-04-29,"1,546.95",1480.15,"1,479.55","1,514.50",ACC,"2,57,311","3,888.78"
550,550,"1,433.70",2015-04-30,"1,486.20",1439.95,"1,428.10","1,480.10",ACC,"6,26,089","9,052.83"
549,549,"1,474.60",2015-05-04,"1,482.00",1479.55,"1,434.00","1,441.00",ACC,"3,13,981","4,576.30"
548,548,"1,471.40",2015-05-05,"1,478.65",1468.0,"1,452.10","1,475.00",ACC,"10,54,721","15,437.57"
547,547,"1,413.30",2015-05-06,"1,469.95",1417.95,"1,406.50","1,466.00",ACC,"2,70,180","3,863.75"
546,546,"1,451.95",2015-05-07,"1,460.95",1447.9,"1,386.55","1,414.20",ACC,"3,33,425","4,753.19"
545,545,"1,448.50",2015-05-08,"1,473.00",1452.0,"1,434.50","1,455.25",ACC,"3,01,137","4,383.06"
544,544,"1,498.95",2015-05-11,"1,509.20",1494.5,"1,446.50","1,455.10",ACC,"3,48,824","5,145.00"
543,543,"1,449.95",2015-05-12,"1,500.00",1454.05,"1,443.00","1,497.10",ACC,"3,67,108","5,339.48"
542,542,"1,472.75",2015-05-13,"1,484.00",1469.0,"1,447.65","1,459.00",ACC,"2,80,564","4,117.53"
541,541,"1,474.85",2015-05-14,"1,479.60",1477.0,"1,457.00","1,471.90",ACC,"1,45,483","2,138.20"
540,540,"1,472.15",2015-05-15,"1,488.95",1471.3,"1,464.35","1,478.95",ACC,"1,65,497","2,439.01"
539,539,"1,509.85",2015-05-18,"1,516.90",1514.0,"1,471.00","1,477.60",ACC,"1,67,788","2,511.44"
538,538,"1,497.75",2015-05-19,"1,519.00",1499.75,"1,485.10","1,510.00",ACC,"2,34,124","3,518.78"
537,537,"1,502.90",2015-05-20,"1,516.00",1499.0,"1,494.55","1,502.90",ACC,"1,97,605","2,975.72"
536,536,"1,527.55",2015-05-21,"1,534.80",1525.75,"1,498.55","1,507.70",ACC,"2,68,585","4,086.08"
535,535,"1,519.20",2015-05-22,"1,541.85",1521.0,"1,515.00","1,527.55",ACC,"2,09,458","3,195.56"
534,534,"1,495.45",2015-05-25,"1,523.70",1498.0,"1,488.30","1,520.00",ACC,"2,28,030","3,418.09"
533,533,"1,482.10",2015-05-26,"1,502.35",1482.0,"1,472.95","1,498.90",ACC,"2,76,117","4,098.19"
532,532,"1,463.95",2015-05-27,"1,493.80",1468.0,"1,453.10","1,480.00",ACC,"3,40,193","5,014.11"
531,531,"1,470.70",2015-05-28,"1,490.00",1471.65,"1,462.00","1,467.90",ACC,"2,49,725","3,677.53"
530,530,"1,512.40",2015-05-29,"1,528.00",1519.0,"1,473.90","1,474.60",ACC,"4,01,142","6,031.64"
529,529,"1,516.35",2015-06-01,"1,532.00",1515.0,"1,499.00","1,515.00",ACC,"2,27,608","3,451.66"
528,528,"1,481.20",2015-06-02,"1,520.15",1480.0,"1,470.00","1,515.00",ACC,"3,46,531","5,158.49"
527,527,"1,460.00",2015-06-03,"1,483.10",1460.0,"1,447.20","1,480.00",ACC,"4,16,984","6,090.94"
526,526,"1,466.90",2015-06-04,"1,474.80",1464.55,"1,436.10","1,461.60",ACC,"1,96,964","2,865.81"
525,525,"1,434.50",2015-06-05,"1,461.70",1436.0,"1,430.00","1,458.00",ACC,"5,39,085","7,748.48"
524,524,"1,429.55",2015-06-08,"1,443.00",1429.0,"1,420.10","1,434.50",ACC,"5,36,457","7,673.74"
523,523,"1,441.10",2015-06-09,"1,446.00",1435.15,"1,421.00","1,421.00",ACC,"2,04,577","2,936.28"
522,522,"1,436.40",2015-06-10,"1,451.00",1442.0,"1,430.00","1,436.50",ACC,"1,94,328","2,797.45"
521,521,"1,407.70",2015-06-11,"1,452.15",1409.05,"1,403.00","1,441.25",ACC,"2,31,552","3,299.03"
520,520,"1,402.15",2015-06-12,"1,408.10",1405.95,"1,376.10","1,407.00",ACC,"1,64,349","2,292.29"
519,519,"1,370.25",2015-06-15,"1,413.40",1368.95,"1,366.20","1,404.00",ACC,"2,48,778","3,455.62"
518,518,"1,387.50",2015-06-16,"1,392.85",1386.5,"1,366.25","1,366.25",ACC,"2,22,799","3,069.99"
517,517,"1,410.60",2015-06-17,"1,427.80",1404.95,"1,380.40","1,392.35",ACC,"3,22,037","4,524.33"
516,516,"1,413.75",2015-06-18,"1,422.60",1414.0,"1,404.00","1,413.30",ACC,"2,63,151","3,714.30"
515,515,"1,425.15",2015-06-19,"1,432.95",1420.15,"1,416.35","1,417.55",ACC,"1,85,779","2,647.84"
514,514,"1,427.45",2015-06-22,"1,439.00",1426.0,"1,422.15","1,425.10",ACC,"2,44,045","3,484.56"
513,513,"1,447.15",2015-06-23,"1,453.65",1446.5,"1,418.60","1,427.45",ACC,"1,96,200","2,831.82"
512,512,"1,410.65",2015-06-24,"1,459.00",1406.0,"1,405.55","1,452.50",ACC,"2,80,448","4,014.24"
511,511,"1,407.75",2015-06-25,"1,419.00",1411.0,"1,396.80","1,410.00",ACC,"3,97,744","5,597.36"
510,510,"1,420.85",2015-06-26,"1,437.70",1422.0,"1,403.10","1,407.90",ACC,"3,18,504","4,519.56"
509,509,"1,411.75",2015-06-29,"1,415.00",1413.05,"1,375.55","1,408.00",ACC,"2,30,411","3,215.06"
508,508,"1,444.55",2015-06-30,"1,450.00",1449.0,"1,402.55","1,404.00",ACC,"2,26,113","3,227.44"
507,507,"1,465.75",2015-07-01,"1,471.90",1471.9,"1,426.50","1,440.10",ACC,"3,03,576","4,417.53"
506,506,"1,471.55",2015-07-02,"1,480.00",1470.0,"1,465.40","1,467.55",ACC,"1,89,442","2,789.94"
505,505,"1,480.40",2015-07-03,"1,487.00",1478.0,"1,462.20","1,466.00",ACC,"1,90,684","2,820.28"
504,504,"1,504.95",2015-07-06,"1,511.00",1503.25,"1,464.45","1,468.70",ACC,"2,56,634","3,827.94"
503,503,"1,500.10",2015-07-07,"1,515.55",1500.75,"1,492.95","1,500.10",ACC,"2,53,084","3,804.88"
502,502,"1,467.70",2015-07-08,"1,493.00",1469.9,"1,458.20","1,493.00",ACC,"2,12,302","3,125.28"
501,501,"1,485.05",2015-07-09,"1,498.00",1494.0,"1,470.25","1,475.00",ACC,"1,47,388","2,190.38"
500,500,"1,472.20",2015-07-10,"1,500.00",1472.0,"1,465.00","1,490.25",ACC,"2,30,020","3,388.48"
499,499,"1,475.05",2015-07-13,"1,486.50",1472.85,"1,466.00","1,467.25",ACC,"2,93,345","4,330.79"
498,498,"1,478.45",2015-07-14,"1,489.25",1475.8,"1,463.00","1,476.80",ACC,"2,85,869","4,220.80"
497,497,"1,496.95",2015-07-15,"1,510.50",1499.55,"1,477.30","1,483.80",ACC,"2,84,634","4,266.97"
496,496,"1,496.90",2015-07-16,"1,508.20",1495.0,"1,486.65","1,500.00",ACC,"1,93,578","2,895.09"
495,495,"1,486.00",2015-07-17,"1,509.00",1484.0,"1,468.05","1,490.00",ACC,"4,88,446","7,251.71"
494,494,"1,455.10",2015-07-20,"1,463.95",1456.1,"1,431.00","1,436.10",ACC,"6,10,680","8,853.12"
493,493,"1,439.60",2015-07-21,"1,472.90",1440.0,"1,435.00","1,455.10",ACC,"3,18,740","4,609.17"
492,492,"1,437.20",2015-07-22,"1,448.00",1440.0,"1,422.50","1,432.50",ACC,"3,16,569","4,544.70"
491,491,"1,424.40",2015-07-23,"1,448.00",1427.5,"1,422.20","1,442.00",ACC,"2,54,235","3,633.39"
490,490,"1,408.80",2015-07-24,"1,428.40",1406.0,"1,403.80","1,428.00",ACC,"2,60,789","3,681.79"
489,489,"1,369.25",2015-07-27,"1,406.25",1369.55,"1,366.00","1,404.00",ACC,"3,22,679","4,471.75"
488,488,"1,359.15",2015-07-28,"1,384.80",1359.0,"1,357.00","1,371.70",ACC,"2,76,905","3,783.05"
487,487,"1,369.95",2015-07-29,"1,374.80",1371.9,"1,350.00","1,368.45",ACC,"3,31,344","4,511.27"
486,486,"1,371.15",2015-07-30,"1,381.10",1373.8,"1,360.15","1,379.70",ACC,"8,39,399","11,489.49"
485,485,"1,387.40",2015-07-31,"1,393.00",1387.35,"1,368.25","1,375.00",ACC,"3,14,091","4,350.44"
484,484,"1,391.60",2015-08-03,"1,405.95",1388.5,"1,376.10","1,384.80",ACC,"3,41,258","4,754.82"
483,483,"1,377.20",2015-08-04,"1,403.70",1375.0,"1,366.00","1,403.70",ACC,"2,09,105","2,887.25"
482,482,"1,381.75",2015-08-05,"1,398.00",1385.0,"1,376.00","1,380.00",ACC,"2,05,261","2,840.09"
481,481,"1,405.35",2015-08-06,"1,417.00",1400.0,"1,379.70","1,382.00",ACC,"2,71,320","3,814.05"
480,480,"1,399.65",2015-08-07,"1,413.55",1393.2,"1,392.25","1,407.90",ACC,"2,79,113","3,918.50"
479,479,"1,385.75",2015-08-10,"1,408.95",1379.0,"1,375.20","1,398.00",ACC,"2,19,256","3,053.08"
478,478,"1,374.25",2015-08-11,"1,385.35",1375.0,"1,361.00","1,384.90",ACC,"2,62,562","3,597.01"
477,477,"1,366.00",2015-08-12,"1,373.65",1367.0,"1,356.00","1,370.00",ACC,"3,99,840","5,452.19"
476,476,"1,364.55",2015-08-13,"1,378.80",1361.05,"1,355.05","1,370.00",ACC,"3,56,482","4,873.49"
475,475,"1,372.05",2015-08-14,"1,385.90",1371.05,"1,365.00","1,367.00",ACC,"2,55,529","3,519.93"
474,474,"1,367.35",2015-08-17,"1,384.90",1363.85,"1,362.00","1,378.00",ACC,"2,39,277","3,279.19"
473,473,"1,387.35",2015-08-18,"1,393.50",1390.4,"1,369.00","1,370.20",ACC,"1,44,083","1,995.18"
472,472,"1,446.90",2015-08-19,"1,454.35",1445.0,"1,390.00","1,393.00",ACC,"4,62,171","6,603.44"
471,471,"1,411.00",2015-08-20,"1,442.45",1415.0,"1,407.05","1,440.10",ACC,"3,28,668","4,670.76"
470,470,"1,406.45",2015-08-21,"1,423.00",1399.55,"1,380.40","1,405.00",ACC,"2,42,739","3,395.42"
469,469,"1,367.15",2015-08-24,"1,384.00",1371.75,"1,355.00","1,375.00",ACC,"4,59,552","6,290.50"
468,468,"1,362.10",2015-08-25,"1,394.70",1374.7,"1,320.00","1,376.00",ACC,"5,24,563","7,097.78"
467,467,"1,360.40",2015-08-26,"1,382.70",1361.0,"1,352.05","1,362.15",ACC,"3,45,303","4,697.95"
466,466,"1,369.95",2015-08-27,"1,385.00",1370.3,"1,324.25","1,370.40",ACC,"6,92,610","9,406.73"
465,465,"1,362.80",2015-08-28,"1,387.90",1373.0,"1,358.00","1,387.90",ACC,"2,11,377","2,903.43"
464,464,"1,334.85",2015-08-31,"1,365.00",1333.3,"1,326.85","1,362.80",ACC,"4,23,911","5,680.85"
463,463,"1,332.20",2015-09-01,"1,343.90",1341.85,"1,317.15","1,321.00",ACC,"3,58,306","4,753.02"
462,462,"1,356.35",2015-09-02,"1,368.50",1354.0,"1,338.15","1,349.80",ACC,"3,27,607","4,442.26"
461,461,"1,394.55",2015-09-03,"1,398.60",1396.0,"1,361.10","1,361.10",ACC,"3,01,479","4,195.93"
460,460,"1,345.40",2015-09-04,"1,398.85",1353.8,"1,333.20","1,394.55",ACC,"4,13,021","5,571.47"
459,459,"1,344.95",2015-09-07,"1,359.90",1348.0,"1,333.40","1,359.90",ACC,"1,16,480","1,569.39"
458,458,"1,345.80",2015-09-08,"1,354.25",1346.05,"1,330.00","1,348.00",ACC,"2,29,191","3,078.92"
457,457,"1,380.05",2015-09-09,"1,385.60",1381.0,"1,354.00","1,360.00",ACC,"3,49,250","4,806.59"
456,456,"1,378.90",2015-09-10,"1,385.00",1370.3,"1,346.10","1,367.25",ACC,"1,82,385","2,493.06"
455,455,"1,366.55",2015-09-11,"1,394.70",1364.0,"1,360.00","1,381.00",ACC,"1,28,412","1,769.26"
454,454,"1,388.65",2015-09-14,"1,397.95",1387.5,"1,365.00","1,367.50",ACC,"1,32,692","1,840.34"
453,453,"1,381.30",2015-09-15,"1,392.60",1379.5,"1,371.70","1,385.00",ACC,"87,764","1,210.27"
452,452,"1,377.30",2015-09-16,"1,398.60",1373.25,"1,373.25","1,385.00",ACC,"1,15,756","1,598.73"
451,451,"1,375.20",2015-09-18,"1,408.00",1369.0,"1,366.10","1,386.00",ACC,"3,05,427","4,235.65"
450,450,"1,383.40",2015-09-21,"1,390.00",1385.0,"1,358.15","1,364.45",ACC,"1,31,026","1,805.70"
449,449,"1,353.55",2015-09-22,"1,397.00",1345.0,"1,340.35","1,389.00",ACC,"2,09,919","2,893.23"
448,448,"1,345.65",2015-09-23,"1,355.70",1343.0,"1,328.30","1,335.00",ACC,"1,72,544","2,320.80"
447,447,"1,343.05",2015-09-24,"1,371.50",1344.0,"1,325.00","1,343.10",ACC,"3,71,995","4,976.87"
446,446,"1,336.75",2015-09-28,"1,356.60",1335.0,"1,333.50","1,343.50",ACC,"1,58,638","2,131.23"
445,445,"1,327.45",2015-09-29,"1,344.95",1325.0,"1,301.50","1,325.00",ACC,"2,88,628","3,807.26"
444,444,"1,346.75",2015-09-30,"1,355.00",1352.0,"1,324.65","1,340.00",ACC,"2,00,741","2,685.57"
443,443,"1,363.10",2015-10-01,"1,375.00",1362.25,"1,352.00","1,354.50",ACC,"1,45,294","1,980.99"
442,442,"1,369.70",2015-10-05,"1,378.00",1368.0,"1,362.10","1,372.20",ACC,"1,76,688","2,421.38"
441,441,"1,350.40",2015-10-06,"1,380.00",1348.0,"1,343.00","1,377.00",ACC,"2,86,057","3,887.56"
440,440,"1,352.25",2015-10-07,"1,357.00",1351.1,"1,329.20","1,353.50",ACC,"2,49,008","3,356.72"
439,439,"1,356.20",2015-10-08,"1,361.50",1354.05,"1,345.00","1,354.00",ACC,"2,06,389","2,797.07"
438,438,"1,347.35",2015-10-09,"1,384.80",1343.55,"1,342.00","1,363.20",ACC,"2,00,403","2,715.66"
437,437,"1,344.35",2015-10-12,"1,359.95",1347.0,"1,340.60","1,350.00",ACC,"2,09,228","2,824.07"
436,436,"1,352.20",2015-10-13,"1,358.00",1353.0,"1,343.00","1,344.35",ACC,"2,25,640","3,048.52"
435,435,"1,376.25",2015-10-14,"1,378.00",1375.6,"1,351.90","1,352.00",ACC,"2,33,626","3,204.40"
434,434,"1,371.25",2015-10-15,"1,395.30",1373.3,"1,368.50","1,383.80",ACC,"1,86,905","2,577.15"
433,433,"1,393.70",2015-10-16,"1,399.90",1393.0,"1,365.20","1,375.00",ACC,"1,53,607","2,128.21"
432,432,"1,395.95",2015-10-19,"1,407.00",1396.6,"1,383.50","1,398.50",ACC,"3,73,698","5,217.46"
431,431,"1,379.30",2015-10-20,"1,388.80",1381.0,"1,374.55","1,382.35",ACC,"2,98,190","4,115.39"
430,430,"1,378.95",2015-10-21,"1,387.00",1380.0,"1,357.15","1,360.00",ACC,"4,24,483","5,836.90"
429,429,"1,400.20",2015-10-23,"1,403.00",1399.0,"1,381.00","1,394.00",ACC,"2,48,926","3,468.93"
428,428,"1,393.75",2015-10-26,"1,407.45",1387.65,"1,385.25","1,405.00",ACC,"1,72,670","2,407.14"
427,427,"1,385.80",2015-10-27,"1,398.00",1383.65,"1,380.05","1,390.00",ACC,"1,79,114","2,487.44"
426,426,"1,401.05",2015-10-28,"1,405.00",1400.3,"1,371.30","1,385.90",ACC,"2,32,300","3,244.70"
425,425,"1,385.40",2015-10-29,"1,397.50",1379.2,"1,376.00","1,395.00",ACC,"1,74,829","2,426.66"
424,424,"1,379.60",2015-10-30,"1,398.70",1377.0,"1,372.15","1,398.70",ACC,"2,56,703","3,543.60"
423,423,"1,398.40",2015-11-02,"1,405.00",1404.15,"1,362.90","1,373.25",ACC,"1,71,875","2,377.11"
422,422,"1,425.90",2015-11-03,"1,434.00",1425.1,"1,404.95","1,405.00",ACC,"4,27,398","6,074.17"
421,421,"1,405.70",2015-11-04,"1,443.00",1402.3,"1,397.90","1,440.00",ACC,"2,26,261","3,216.25"
420,420,"1,388.75",2015-11-05,"1,410.00",1383.55,"1,381.25","1,410.00",ACC,"1,35,742","1,888.93"
419,419,"1,384.05",2015-11-06,"1,392.65",1382.0,"1,371.10","1,388.00",ACC,"74,882","1,034.80"
418,418,"1,367.70",2015-11-09,"1,373.80",1364.0,"1,343.50","1,359.15",ACC,"1,44,004","1,960.94"
417,417,"1,322.10",2015-11-10,"1,372.60",1318.0,"1,314.35","1,359.00",ACC,"2,42,390","3,239.91"
416,416,"1,330.50",2015-11-11,"1,340.95",1327.15,"1,310.35","1,325.20",ACC,"30,289",402.37
415,415,"1,326.70",2015-11-13,"1,333.95",1326.0,"1,314.20","1,321.50",ACC,"2,10,958","2,799.15"
414,414,"1,324.45",2015-11-16,"1,331.00",1321.1,"1,300.80","1,324.90",ACC,"2,79,927","3,685.88"
413,413,"1,325.50",2015-11-17,"1,337.95",1325.0,"1,315.00","1,330.00",ACC,"1,50,106","1,990.81"
412,412,"1,334.30",2015-11-18,"1,340.55",1330.1,"1,322.00","1,324.00",ACC,"1,91,505","2,551.97"
411,411,"1,332.85",2015-11-19,"1,343.90",1332.0,"1,328.40","1,336.00",ACC,"1,75,373","2,338.31"
410,410,"1,339.75",2015-11-20,"1,349.45",1337.3,"1,331.20","1,333.00",ACC,"2,99,481","4,012.67"
409,409,"1,343.60",2015-11-23,"1,346.50",1344.0,"1,335.65","1,340.00",ACC,"1,73,288","2,327.60"
408,408,"1,341.50",2015-11-24,"1,359.30",1340.45,"1,337.00","1,343.80",ACC,"2,88,924","3,889.20"
407,407,"1,355.95",2015-11-26,"1,360.00",1359.0,"1,328.25","1,347.90",ACC,"2,08,455","2,807.13"
406,406,"1,353.20",2015-11-27,"1,365.40",1352.3,"1,340.20","1,357.30",ACC,"1,18,284","1,600.14"
405,405,"1,344.25",2015-11-30,"1,359.50",1345.0,"1,340.00","1,356.90",ACC,"3,19,108","4,290.81"
404,404,"1,357.90",2015-12-01,"1,364.25",1358.0,"1,347.15","1,349.00",ACC,"1,46,576","1,992.58"
403,403,"1,359.85",2015-12-02,"1,373.15",1360.0,"1,355.00","1,362.50",ACC,"1,52,678","2,079.41"
402,402,"1,350.10",2015-12-03,"1,363.30",1351.15,"1,348.35","1,356.00",ACC,"1,59,876","2,163.01"
401,401,"1,334.85",2015-12-04,"1,342.65",1335.0,"1,332.30","1,340.00",ACC,"2,28,456","3,049.84"
400,400,"1,353.45",2015-12-07,"1,355.95",1350.0,"1,335.50","1,336.45",ACC,"1,50,373","2,024.83"
399,399,"1,339.20",2015-12-08,"1,351.05",1338.0,"1,332.60","1,348.70",ACC,"1,43,477","1,929.14"
398,398,"1,313.75",2015-12-09,"1,340.05",1313.95,"1,307.90","1,340.00",ACC,"2,31,658","3,055.18"
397,397,"1,324.45",2015-12-10,"1,330.00",1330.0,"1,305.40","1,316.00",ACC,"1,84,512","2,434.52"
396,396,"1,319.40",2015-12-11,"1,343.00",1319.0,"1,310.85","1,325.50",ACC,"2,87,359","3,814.79"
395,395,"1,341.80",2015-12-14,"1,345.00",1345.0,"1,312.00","1,315.00",ACC,"1,07,799","1,438.75"
394,394,"1,337.65",2015-12-15,"1,344.95",1336.3,"1,325.75","1,343.25",ACC,"1,07,698","1,437.67"
393,393,"1,349.10",2015-12-16,"1,354.95",1347.85,"1,338.00","1,349.50",ACC,"1,95,075","2,628.49"
392,392,"1,356.20",2015-12-17,"1,364.80",1355.0,"1,349.95","1,351.90",ACC,"1,66,086","2,253.56"
391,391,"1,349.00",2015-12-18,"1,359.00",1350.0,"1,338.25","1,354.90",ACC,"2,88,616","3,887.07"
390,390,"1,353.00",2015-12-21,"1,357.00",1353.25,"1,343.10","1,346.10",ACC,"1,13,087","1,529.55"
389,389,"1,348.90",2015-12-22,"1,359.60",1345.0,"1,341.90","1,349.50",ACC,"1,15,880","1,566.92"
388,388,"1,342.05",2015-12-23,"1,360.10",1344.9,"1,338.15","1,356.70",ACC,"1,12,959","1,522.79"
387,387,"1,344.15",2015-12-24,"1,354.90",1343.0,"1,340.00","1,347.75",ACC,"1,28,637","1,731.29"
386,386,"1,330.85",2015-12-28,"1,353.00",1330.0,"1,326.30","1,345.00",ACC,"1,67,115","2,237.73"
385,385,"1,350.45",2015-12-29,"1,354.00",1349.1,"1,328.20","1,334.80",ACC,"1,63,645","2,195.80"
384,384,"1,349.80",2015-12-30,"1,359.50",1348.0,"1,345.00","1,349.00",ACC,"83,499","1,127.98"
383,383,"1,360.65",2015-12-31,"1,370.00",1368.0,"1,344.30","1,345.00",ACC,"2,45,336","3,330.07"
382,382,"1,373.65",2016-01-01,"1,380.40",1370.55,"1,360.00","1,362.00",ACC,"1,61,982","2,223.92"
381,381,"1,344.00",2016-01-04,"1,378.20",1341.45,"1,332.00","1,368.40",ACC,"1,58,288","2,142.04"
380,380,"1,341.30",2016-01-05,"1,355.50",1340.05,"1,338.80","1,345.00",ACC,"1,26,300","1,698.48"
379,379,"1,320.35",2016-01-06,"1,348.00",1324.3,"1,317.75","1,348.00",ACC,"3,16,220","4,199.67"
378,378,"1,300.50",2016-01-07,"1,318.50",1295.1,"1,293.00","1,317.75",ACC,"3,01,061","3,922.68"
377,377,"1,295.80",2016-01-08,"1,308.40",1298.0,"1,275.00","1,302.90",ACC,"1,61,727","2,082.75"
376,376,"1,297.55",2016-01-11,"1,303.00",1301.85,"1,272.20","1,287.80",ACC,"1,42,693","1,836.61"
375,375,"1,280.40",2016-01-12,"1,301.00",1280.1,"1,275.00","1,295.25",ACC,"1,05,930","1,359.49"
374,374,"1,281.95",2016-01-13,"1,294.00",1285.0,"1,266.50","1,290.00",ACC,"1,66,569","2,129.72"
373,373,"1,269.05",2016-01-14,"1,277.70",1270.0,"1,259.10","1,270.00",ACC,"1,24,027","1,573.24"
372,372,"1,229.60",2016-01-15,"1,275.00",1228.95,"1,223.25","1,275.00",ACC,"1,41,382","1,768.11"
371,371,"1,224.25",2016-01-18,"1,241.00",1225.8,"1,212.30","1,232.50",ACC,"1,56,641","1,920.33"
370,370,"1,235.30",2016-01-19,"1,246.00",1237.0,"1,222.50","1,230.00",ACC,"1,76,622","2,184.50"
369,369,"1,212.25",2016-01-20,"1,229.00",1215.0,"1,205.00","1,218.90",ACC,"1,56,349","1,895.68"
368,368,"1,228.45",2016-01-21,"1,236.95",1227.1,"1,211.25","1,225.00",ACC,"2,09,284","2,562.84"
367,367,"1,241.00",2016-01-22,"1,256.65",1246.9,"1,230.05","1,239.95",ACC,"1,23,254","1,536.70"
366,366,"1,245.00",2016-01-25,"1,263.50",1244.8,"1,241.05","1,250.00",ACC,"1,24,527","1,559.10"
365,365,"1,230.35",2016-01-27,"1,250.00",1229.05,"1,228.00","1,249.00",ACC,"1,12,892","1,396.17"
364,364,"1,214.95",2016-01-28,"1,234.90",1220.0,"1,208.00","1,232.40",ACC,"1,34,504","1,644.43"
363,363,"1,240.05",2016-01-29,"1,253.50",1237.3,"1,216.05","1,220.10",ACC,"2,54,442","3,158.50"
362,362,"1,271.85",2016-02-01,"1,278.90",1269.15,"1,240.30","1,245.00",ACC,"2,10,958","2,674.48"
361,361,"1,261.35",2016-02-02,"1,283.00",1255.1,"1,253.05","1,266.80",ACC,"2,04,605","2,598.63"
360,360,"1,248.95",2016-02-03,"1,279.00",1251.0,"1,241.45","1,244.00",ACC,"1,91,044","2,409.00"
359,359,"1,270.40",2016-02-04,"1,277.40",1269.0,"1,253.20","1,255.25",ACC,"2,05,905","2,612.04"
358,358,"1,271.40",2016-02-05,"1,286.00",1269.0,"1,259.05","1,267.05",ACC,"2,31,340","2,943.69"
357,357,"1,280.60",2016-02-08,"1,309.75",1281.0,"1,270.15","1,271.00",ACC,"2,18,591","2,824.67"
356,356,"1,279.10",2016-02-09,"1,292.85",1281.35,"1,270.00","1,271.00",ACC,"1,48,674","1,905.80"
355,355,"1,265.85",2016-02-10,"1,278.25",1267.0,"1,250.05","1,270.00",ACC,"2,56,864","3,239.71"
354,354,"1,234.00",2016-02-11,"1,264.70",1238.1,"1,225.50","1,250.00",ACC,"2,31,566","2,872.15"
353,353,"1,221.05",2016-02-12,"1,242.65",1223.8,"1,199.10","1,234.20",ACC,"2,12,041","2,590.11"
352,352,"1,256.55",2016-02-15,"1,268.70",1256.6,"1,228.35","1,230.00",ACC,"1,30,804","1,645.75"
351,351,"1,227.80",2016-02-16,"1,273.10",1225.0,"1,225.00","1,265.00",ACC,"1,44,749","1,811.93"
350,350,"1,226.05",2016-02-17,"1,233.50",1225.0,"1,204.00","1,222.80",ACC,"1,65,080","2,013.02"
349,349,"1,262.35",2016-02-18,"1,265.65",1261.6,"1,231.60","1,235.00",ACC,"1,94,704","2,436.81"
348,348,"1,278.00",2016-02-19,"1,280.90",1280.9,"1,248.40","1,259.80",ACC,"1,60,509","2,028.19"
347,347,"1,281.50",2016-02-22,"1,287.30",1281.55,"1,267.65","1,274.50",ACC,"1,22,556","1,565.60"
346,346,"1,243.90",2016-02-23,"1,282.00",1241.2,"1,240.65","1,271.10",ACC,"1,37,883","1,738.15"
345,345,"1,233.15",2016-02-24,"1,245.25",1234.5,"1,225.80","1,239.00",ACC,"1,22,545","1,515.12"
344,344,"1,199.85",2016-02-25,"1,234.80",1200.0,"1,196.00","1,231.40",ACC,"2,08,252","2,519.49"
343,343,"1,190.90",2016-02-26,"1,210.35",1191.95,"1,182.15","1,210.30",ACC,"2,24,281","2,669.49"
342,342,"1,193.90",2016-02-29,"1,206.90",1200.0,"1,174.00","1,189.00",ACC,"1,99,068","2,376.07"
341,341,"1,232.90",2016-03-01,"1,243.35",1232.65,"1,195.00","1,199.00",ACC,"1,50,747","1,836.43"
340,340,"1,243.25",2016-03-02,"1,259.80",1239.0,"1,233.90","1,240.00",ACC,"1,40,876","1,751.81"
339,339,"1,254.15",2016-03-03,"1,259.80",1255.0,"1,233.00","1,245.70",ACC,"2,26,023","2,821.58"
338,338,"1,239.35",2016-03-04,"1,256.00",1236.0,"1,232.00","1,255.00",ACC,"1,89,317","2,353.71"
337,337,"1,241.15",2016-03-08,"1,254.95",1234.5,"1,231.10","1,239.10",ACC,"1,51,748","1,889.33"
336,336,"1,243.75",2016-03-09,"1,249.70",1241.15,"1,233.25","1,237.30",ACC,"3,04,618","3,782.54"
335,335,"1,230.35",2016-03-10,"1,250.00",1233.65,"1,226.10","1,248.00",ACC,"1,57,799","1,951.78"
334,334,"1,226.75",2016-03-11,"1,238.00",1227.95,"1,218.00","1,225.00",ACC,"2,27,408","2,796.16"
333,333,"1,235.80",2016-03-14,"1,239.00",1230.7,"1,230.00","1,231.30",ACC,"1,99,944","2,467.73"
332,332,"1,240.10",2016-03-15,"1,244.85",1242.0,"1,231.30","1,236.00",ACC,"2,52,747","3,131.52"
331,331,"1,236.15",2016-03-16,"1,247.50",1242.8,"1,228.05","1,240.40",ACC,"1,33,474","1,652.05"
330,330,"1,273.70",2016-03-17,"1,284.30",1277.05,"1,243.90","1,243.90",ACC,"6,61,507","8,398.47"
329,329,"1,337.20",2016-03-18,"1,340.30",1337.0,"1,280.00","1,280.10",ACC,"9,37,576","12,375.23"
328,328,"1,374.35",2016-03-21,"1,378.00",1378.0,"1,338.00","1,344.35",ACC,"6,42,636","8,791.12"
327,327,"1,365.50",2016-03-22,"1,374.00",1364.0,"1,352.00","1,374.00",ACC,"2,74,082","3,730.70"
326,326,"1,372.65",2016-03-23,"1,400.00",1367.7,"1,358.10","1,368.00",ACC,"3,48,767","4,798.05"
325,325,"1,377.55",2016-03-28,"1,392.00",1382.0,"1,355.20","1,372.65",ACC,"3,61,296","4,980.13"
324,324,"1,366.05",2016-03-29,"1,388.00",1366.9,"1,353.10","1,367.05",ACC,"3,06,696","4,191.06"
323,323,"1,385.70",2016-03-30,"1,392.00",1392.0,"1,371.10","1,373.00",ACC,"2,83,716","3,927.35"
322,322,"1,381.90",2016-03-31,"1,395.00",1378.0,"1,362.20","1,395.00",ACC,"5,93,818","8,194.28"
321,321,"1,413.80",2016-04-01,"1,417.00",1414.0,"1,371.25","1,371.25",ACC,"3,53,030","4,937.08"
320,320,"1,412.10",2016-04-04,"1,424.25",1410.75,"1,397.00","1,409.95",ACC,"3,04,032","4,296.90"
319,319,"1,390.75",2016-04-05,"1,415.00",1390.0,"1,387.00","1,405.00",ACC,"2,45,684","3,442.94"
318,318,"1,427.70",2016-04-06,"1,433.50",1425.0,"1,392.00","1,395.00",ACC,"3,95,582","5,631.57"
317,317,"1,417.55",2016-04-07,"1,434.00",1419.5,"1,411.20","1,425.00",ACC,"1,88,755","2,688.28"
316,316,"1,441.85",2016-04-08,"1,448.85",1445.0,"1,411.90","1,414.00",ACC,"3,85,804","5,558.99"
315,315,"1,447.15",2016-04-11,"1,449.95",1446.5,"1,425.50","1,447.50",ACC,"1,82,766","2,633.60"
314,314,"1,448.70",2016-04-12,"1,452.50",1451.35,"1,430.05","1,448.90",ACC,"2,27,452","3,282.83"
313,313,"1,469.95",2016-04-13,"1,475.00",1468.0,"1,450.75","1,451.35",ACC,"3,57,950","5,256.73"
312,312,"1,464.15",2016-04-18,"1,469.00",1469.0,"1,437.20","1,465.10",ACC,"2,91,018","4,233.06"
311,311,"1,467.65",2016-04-20,"1,481.50",1469.0,"1,460.25","1,468.10",ACC,"3,00,310","4,414.36"
310,310,"1,433.30",2016-04-21,"1,482.50",1430.0,"1,428.00","1,482.50",ACC,"1,82,428","2,646.06"
309,309,"1,414.15",2016-04-22,"1,432.50",1416.0,"1,410.75","1,430.00",ACC,"2,77,158","3,933.59"
308,308,"1,422.90",2016-04-25,"1,429.60",1426.05,"1,406.00","1,424.00",ACC,"1,64,659","2,331.96"
307,307,"1,426.90",2016-04-26,"1,434.80",1422.6,"1,421.20","1,430.00",ACC,"1,83,762","2,622.41"
306,306,"1,429.55",2016-04-27,"1,445.60",1429.0,"1,419.00","1,428.85",ACC,"1,39,836","2,008.11"
305,305,"1,437.85",2016-04-28,"1,451.00",1450.0,"1,408.00","1,422.10",ACC,"8,05,376","11,528.18"
304,304,"1,443.15",2016-04-29,"1,459.00",1441.25,"1,428.90","1,450.80",ACC,"2,83,005","4,092.07"
303,303,"1,420.55",2016-05-02,"1,446.45",1424.9,"1,416.15","1,442.00",ACC,"2,05,976","2,931.26"
302,302,"1,420.15",2016-05-03,"1,445.00",1416.0,"1,413.70","1,430.00",ACC,"2,18,099","3,123.26"
301,301,"1,403.70",2016-05-04,"1,420.00",1401.0,"1,398.20","1,414.00",ACC,"1,91,198","2,693.86"
300,300,"1,394.85",2016-05-05,"1,407.80",1391.1,"1,379.30","1,395.80",ACC,"2,16,481","3,012.24"
299,299,"1,425.45",2016-05-06,"1,445.00",1434.0,"1,388.30","1,389.00",ACC,"2,94,483","4,164.91"
298,298,"1,439.75",2016-05-09,"1,451.90",1435.0,"1,428.40","1,432.50",ACC,"1,82,897","2,638.81"
297,297,"1,463.35",2016-05-10,"1,465.95",1464.85,"1,425.50","1,438.00",ACC,"2,57,547","3,739.21"
296,296,"1,467.25",2016-05-11,"1,472.40",1465.0,"1,441.50","1,457.00",ACC,"3,11,712","4,557.02"
295,295,"1,462.40",2016-05-12,"1,475.00",1460.3,"1,456.10","1,460.00",ACC,"1,27,214","1,865.65"
294,294,"1,457.10",2016-05-13,"1,462.95",1452.35,"1,441.00","1,451.10",ACC,"1,91,465","2,781.14"
293,293,"1,458.20",2016-05-16,"1,462.00",1461.7,"1,442.60","1,452.30",ACC,"95,257","1,384.15"
292,292,"1,449.40",2016-05-17,"1,468.00",1447.0,"1,440.05","1,468.00",ACC,"1,36,278","1,979.38"
291,291,"1,434.05",2016-05-18,"1,442.50",1432.0,"1,428.50","1,442.50",ACC,"1,42,481","2,043.19"
290,290,"1,409.85",2016-05-19,"1,438.00",1408.0,"1,403.00","1,435.00",ACC,"1,23,694","1,758.16"
289,289,"1,393.45",2016-05-20,"1,418.85",1392.7,"1,390.15","1,415.00",ACC,"1,32,709","1,864.80"
288,288,"1,418.00",2016-05-23,"1,428.00",1420.0,"1,390.00","1,393.25",ACC,"3,21,582","4,555.33"
287,287,"1,446.15",2016-05-24,"1,450.00",1445.05,"1,412.60","1,418.05",ACC,"2,19,384","3,153.61"
286,286,"1,475.05",2016-05-25,"1,489.40",1472.75,"1,452.75","1,456.00",ACC,"4,06,129","5,977.66"
285,285,"1,504.05",2016-05-26,"1,508.00",1501.0,"1,474.75","1,485.00",ACC,"3,16,361","4,734.52"
284,284,"1,522.95",2016-05-27,"1,533.30",1525.15,"1,502.00","1,509.00",ACC,"4,33,423","6,574.16"
283,283,"1,537.15",2016-05-30,"1,546.00",1530.5,"1,525.05","1,530.00",ACC,"6,09,125","9,376.20"
282,282,"1,529.05",2016-05-31,"1,546.50",1523.25,"1,521.50","1,535.05",ACC,"4,47,261","6,877.26"
281,281,"1,552.40",2016-06-01,"1,559.95",1559.0,"1,528.00","1,535.00",ACC,"7,41,826","11,439.49"
280,280,"1,546.30",2016-06-02,"1,558.00",1545.0,"1,537.10","1,552.40",ACC,"2,04,883","3,163.46"
279,279,"1,540.00",2016-06-03,"1,564.00",1539.5,"1,533.60","1,553.50",ACC,"7,65,137","11,816.03"
278,278,"1,534.70",2016-06-06,"1,544.50",1534.0,"1,532.00","1,542.00",ACC,"4,06,775","6,256.31"
277,277,"1,540.45",2016-06-07,"1,555.90",1542.6,"1,526.15","1,526.15",ACC,"3,50,868","5,413.03"
276,276,"1,546.75",2016-06-08,"1,550.00",1547.5,"1,532.15","1,545.00",ACC,"3,69,780","5,700.03"
275,275,"1,533.00",2016-06-09,"1,555.00",1535.8,"1,528.00","1,547.50",ACC,"4,25,292","6,575.42"
274,274,"1,555.65",2016-06-10,"1,559.95",1559.8,"1,530.00","1,530.00",ACC,"6,83,588","10,576.45"
273,273,"1,546.80",2016-06-13,"1,551.80",1545.2,"1,537.00","1,548.00",ACC,"3,85,737","5,958.40"
272,272,"1,539.95",2016-06-14,"1,552.85",1536.25,"1,536.20","1,550.00",ACC,"1,23,826","1,909.36"
271,271,"1,560.15",2016-06-15,"1,564.65",1561.15,"1,538.05","1,542.05",ACC,"1,69,282","2,628.27"
270,270,"1,544.95",2016-06-16,"1,571.40",1541.1,"1,535.55","1,559.90",ACC,"2,46,458","3,824.77"
269,269,"1,555.40",2016-06-17,"1,559.40",1555.7,"1,544.60","1,555.00",ACC,"1,59,057","2,468.97"
268,268,"1,570.15",2016-06-20,"1,574.05",1568.1,"1,538.40","1,538.40",ACC,"1,89,189","2,941.03"
267,267,"1,559.00",2016-06-21,"1,576.85",1558.2,"1,553.50","1,573.00",ACC,"1,32,191","2,062.78"
266,266,"1,571.05",2016-06-22,"1,575.00",1568.0,"1,558.55","1,565.00",ACC,"2,62,079","4,106.97"
265,265,"1,571.60",2016-06-23,"1,579.70",1575.0,"1,566.00","1,571.00",ACC,"2,03,556","3,201.86"
264,264,"1,568.10",2016-06-24,"1,575.95",1569.3,"1,522.00","1,550.00",ACC,"4,54,077","7,000.38"
263,263,"1,601.00",2016-06-27,"1,614.00",1600.65,"1,564.85","1,567.00",ACC,"4,36,913","6,992.78"
262,262,"1,598.40",2016-06-28,"1,610.35",1599.5,"1,585.00","1,608.20",ACC,"2,20,564","3,517.58"
261,261,"1,598.95",2016-06-29,"1,617.00",1601.5,"1,591.65","1,617.00",ACC,"5,66,696","9,089.13"
260,260,"1,616.05",2016-06-30,"1,624.95",1623.95,"1,595.15","1,601.50",ACC,"4,34,696","6,993.17"
259,259,"1,617.40",2016-07-01,"1,626.05",1619.55,"1,611.75","1,618.35",ACC,"1,89,854","3,076.78"
258,258,"1,605.60",2016-07-04,"1,625.95",1601.6,"1,600.25","1,618.00",ACC,"1,50,330","2,426.64"
257,257,"1,589.30",2016-07-05,"1,614.60",1587.0,"1,585.00","1,612.70",ACC,"2,44,811","3,911.78"
256,256,"1,604.70",2016-07-07,"1,609.75",1609.0,"1,569.05","1,585.70",ACC,"2,99,181","4,762.45"
255,255,"1,597.65",2016-07-08,"1,610.05",1600.0,"1,592.30","1,610.00",ACC,"2,00,172","3,202.99"
254,254,"1,616.80",2016-07-11,"1,623.85",1615.0,"1,606.05","1,608.10",ACC,"1,33,805","2,164.10"
253,253,"1,620.10",2016-07-12,"1,629.95",1620.0,"1,607.80","1,616.20",ACC,"1,44,382","2,338.87"
252,252,"1,617.20",2016-07-13,"1,625.30",1616.0,"1,611.00","1,616.50",ACC,"2,04,473","3,305.80"
251,251,"1,626.20",2016-07-14,"1,629.00",1627.0,"1,609.40","1,617.90",ACC,"1,51,787","2,462.28"
250,250,"1,613.00",2016-07-15,"1,644.30",1616.0,"1,608.15","1,628.30",ACC,"2,02,637","3,286.03"
249,249,"1,595.50",2016-07-18,"1,619.00",1594.9,"1,590.20","1,619.00",ACC,"1,82,531","2,928.42"
248,248,"1,602.55",2016-07-19,"1,611.90",1611.9,"1,579.55","1,595.30",ACC,"2,92,358","4,672.85"
247,247,"1,631.80",2016-07-20,"1,640.00",1639.75,"1,607.55","1,612.10",ACC,"3,40,427","5,538.22"
246,246,"1,708.20",2016-07-21,"1,718.00",1704.0,"1,643.00","1,645.00",ACC,"8,83,761","14,996.49"
245,245,"1,681.55",2016-07-22,"1,702.85",1675.15,"1,675.15","1,700.00",ACC,"3,21,797","5,429.62"
244,244,"1,675.65",2016-07-25,"1,693.75",1673.3,"1,668.35","1,678.95",ACC,"2,96,454","4,984.21"
243,243,"1,675.55",2016-07-26,"1,709.95",1671.0,"1,660.95","1,685.00",ACC,"8,56,261","14,471.98"
242,242,"1,665.15",2016-07-27,"1,699.95",1668.0,"1,657.40","1,699.95",ACC,"3,60,859","6,056.56"
241,241,"1,685.10",2016-07-28,"1,690.65",1680.0,"1,659.50","1,676.00",ACC,"4,08,192","6,828.46"
240,240,"1,688.70",2016-07-29,"1,717.95",1690.2,"1,665.60","1,681.95",ACC,"2,90,569","4,929.63"
239,239,"1,688.85",2016-08-01,"1,703.50",1687.5,"1,674.00","1,695.55",ACC,"1,64,006","2,772.27"
238,238,"1,670.75",2016-08-02,"1,688.80",1670.0,"1,659.60","1,678.00",ACC,"1,58,612","2,656.82"
237,237,"1,668.80",2016-08-03,"1,684.80",1666.0,"1,661.00","1,672.70",ACC,"1,18,390","1,981.33"
236,236,"1,666.25",2016-08-04,"1,684.90",1669.85,"1,657.15","1,679.90",ACC,"1,31,610","2,195.14"
235,235,"1,721.05",2016-08-05,"1,724.45",1723.0,"1,667.30","1,678.00",ACC,"3,49,126","5,963.06"
234,234,"1,715.15",2016-08-08,"1,736.40",1715.0,"1,708.80","1,725.90",ACC,"3,02,847","5,221.75"
233,233,"1,685.95",2016-08-09,"1,723.95",1682.0,"1,674.90","1,715.00",ACC,"2,92,930","4,958.17"
232,232,"1,618.90",2016-08-10,"1,688.00",1612.0,"1,611.10","1,688.00",ACC,"2,12,343","3,490.99"
231,231,"1,618.40",2016-08-11,"1,647.55",1628.5,"1,584.00","1,620.00",ACC,"3,78,875","6,124.43"
230,230,"1,652.50",2016-08-12,"1,660.00",1653.0,"1,621.95","1,625.05",ACC,"3,36,621","5,545.77"
229,229,"1,663.85",2016-08-16,"1,676.95",1660.85,"1,653.60","1,654.30",ACC,"3,50,960","5,839.88"
228,228,"1,675.00",2016-08-17,"1,684.70",1680.35,"1,641.80","1,662.70",ACC,"2,96,849","4,930.77"
227,227,"1,692.70",2016-08-18,"1,699.95",1690.0,"1,677.60","1,682.50",ACC,"4,13,415","7,006.97"
226,226,"1,691.20",2016-08-19,"1,708.05",1690.0,"1,682.00","1,690.00",ACC,"3,43,996","5,825.61"
225,225,"1,660.95",2016-08-22,"1,696.00",1655.0,"1,655.00","1,692.65",ACC,"1,98,770","3,314.56"
224,224,"1,654.65",2016-08-23,"1,681.80",1654.0,"1,630.00","1,654.00",ACC,"3,08,683","5,106.89"
223,223,"1,647.40",2016-08-24,"1,658.70",1647.5,"1,640.00","1,643.00",ACC,"1,33,853","2,206.19"
222,222,"1,645.80",2016-08-25,"1,666.10",1650.0,"1,641.10","1,651.00",ACC,"1,92,518","3,186.00"
221,221,"1,638.20",2016-08-26,"1,663.40",1637.95,"1,622.75","1,648.20",ACC,"1,32,820","2,182.85"
220,220,"1,634.95",2016-08-29,"1,641.85",1634.5,"1,623.45","1,638.00",ACC,"1,18,427","1,933.02"
219,219,"1,688.60",2016-08-30,"1,695.00",1692.2,"1,640.05","1,640.50",ACC,"2,93,777","4,924.15"
218,218,"1,709.80",2016-08-31,"1,725.00",1713.95,"1,688.60","1,688.60",ACC,"6,12,017","10,485.61"
217,217,"1,687.55",2016-09-01,"1,699.00",1690.0,"1,668.00","1,668.00",ACC,"4,60,835","7,770.70"
216,216,"1,669.55",2016-09-02,"1,696.00",1667.0,"1,665.40","1,690.30",ACC,"2,33,411","3,908.54"
215,215,"1,698.85",2016-09-06,"1,708.25",1696.25,"1,673.50","1,685.00",ACC,"2,83,811","4,809.77"
214,214,"1,696.35",2016-09-07,"1,706.80",1696.0,"1,682.10","1,701.00",ACC,"2,46,479","4,186.29"
213,213,"1,692.75",2016-09-08,"1,715.00",1691.2,"1,683.55","1,687.20",ACC,"2,61,065","4,435.33"
212,212,"1,653.35",2016-09-09,"1,693.00",1659.1,"1,651.20","1,693.00",ACC,"2,87,571","4,773.01"
211,211,"1,582.40",2016-09-12,"1,640.00",1584.0,"1,570.25","1,640.00",ACC,"2,56,445","4,089.65"
210,210,"1,620.00",2016-09-14,"1,626.90",1621.4,"1,582.65","1,584.00",ACC,"2,82,022","4,514.71"
209,209,"1,611.20",2016-09-15,"1,623.85",1623.85,"1,592.70","1,615.05",ACC,"2,26,222","3,633.84"
208,208,"1,626.30",2016-09-16,"1,639.90",1626.35,"1,613.40","1,625.00",ACC,"2,50,388","4,075.73"
207,207,"1,652.75",2016-09-19,"1,658.00",1647.1,"1,632.15","1,636.00",ACC,"2,56,936","4,224.47"
206,206,"1,632.30",2016-09-20,"1,656.30",1629.0,"1,625.50","1,652.00",ACC,"2,76,332","4,534.86"
205,205,"1,629.25",2016-09-21,"1,645.75",1625.3,"1,625.05","1,631.50",ACC,"2,05,138","3,354.11"
204,204,"1,666.05",2016-09-22,"1,671.00",1667.0,"1,640.00","1,644.00",ACC,"3,14,131","5,199.73"
203,203,"1,617.00",2016-09-23,"1,672.00",1613.25,"1,610.70","1,672.00",ACC,"2,68,908","4,393.08"
202,202,"1,610.95",2016-09-26,"1,618.50",1610.0,"1,593.40","1,608.20",ACC,"2,44,376","3,918.80"
201,201,"1,608.40",2016-09-27,"1,624.00",1608.0,"1,604.00","1,612.30",ACC,"1,48,821","2,400.92"
200,200,"1,616.15",2016-09-28,"1,623.00",1613.25,"1,603.00","1,605.00",ACC,"1,23,374","1,990.85"
199,199,"1,588.40",2016-09-29,"1,627.40",1601.0,"1,577.35","1,620.00",ACC,"7,18,082","11,492.70"
198,198,"1,599.85",2016-09-30,"1,611.85",1611.85,"1,576.25","1,576.25",ACC,"1,55,560","2,483.46"
197,197,"1,631.95",2016-10-03,"1,639.00",1633.6,"1,605.00","1,615.00",ACC,"1,51,874","2,467.14"
196,196,"1,637.10",2016-10-04,"1,643.40",1635.55,"1,622.00","1,633.70",ACC,"3,54,672","5,796.69"
195,195,"1,638.00",2016-10-05,"1,647.90",1633.2,"1,622.50","1,640.00",ACC,"2,64,589","4,322.97"
194,194,"1,629.75",2016-10-06,"1,653.00",1625.1,"1,619.20","1,642.00",ACC,"2,52,352","4,109.07"
193,193,"1,625.40",2016-10-07,"1,630.70",1623.1,"1,608.50","1,628.90",ACC,"2,62,250","4,242.41"
192,192,"1,668.50",2016-10-10,"1,674.00",1667.0,"1,623.80","1,628.80",ACC,"4,20,386","6,993.62"
191,191,"1,632.05",2016-10-13,"1,660.00",1630.05,"1,622.45","1,660.00",ACC,"2,16,022","3,547.54"
190,190,"1,640.25",2016-10-14,"1,651.00",1637.35,"1,630.05","1,636.00",ACC,"1,82,239","2,990.03"
189,189,"1,604.70",2016-10-17,"1,644.90",1602.5,"1,598.20","1,641.00",ACC,"3,26,387","5,275.52"
188,188,"1,616.00",2016-10-18,"1,618.00",1616.0,"1,590.50","1,607.00",ACC,"2,95,645","4,754.05"
187,187,"1,610.55",2016-10-19,"1,627.00",1609.25,"1,606.40","1,619.80",ACC,"1,58,539","2,562.05"
186,186,"1,609.45",2016-10-20,"1,627.80",1606.7,"1,604.80","1,620.00",ACC,"1,45,915","2,355.15"
185,185,"1,566.15",2016-10-21,"1,614.00",1574.0,"1,541.85","1,612.00",ACC,"16,07,644","25,160.14"
184,184,"1,565.90",2016-10-24,"1,586.70",1563.2,"1,551.25","1,560.20",ACC,"3,37,777","5,287.42"
183,183,"1,551.65",2016-10-25,"1,568.00",1554.9,"1,547.60","1,568.00",ACC,"2,10,532","3,270.90"
182,182,"1,543.00",2016-10-26,"1,549.00",1542.0,"1,535.00","1,546.35",ACC,"1,82,378","2,815.07"
181,181,"1,525.00",2016-10-27,"1,545.60",1529.0,"1,514.10","1,540.00",ACC,"4,54,542","6,930.78"
180,180,"1,516.70",2016-10-28,"1,532.00",1513.85,"1,508.60","1,526.65",ACC,"1,43,281","2,174.03"
179,179,"1,517.75",2016-10-30,"1,527.45",1518.45,"1,515.00","1,519.70",ACC,"36,562",556.08
178,178,"1,503.85",2016-11-01,"1,528.70",1504.0,"1,499.00","1,514.70",ACC,"2,27,928","3,447.59"
177,177,"1,488.15",2016-11-02,"1,512.00",1490.0,"1,483.00","1,483.00",ACC,"1,92,484","2,881.31"
176,176,"1,510.10",2016-11-03,"1,521.45",1509.9,"1,487.65","1,488.25",ACC,"3,56,296","5,377.55"
175,175,"1,490.05",2016-11-04,"1,526.35",1492.0,"1,474.10","1,511.70",ACC,"3,62,809","5,426.77"
174,174,"1,487.65",2016-11-07,"1,517.00",1483.25,"1,483.25","1,499.20",ACC,"2,52,525","3,779.42"
173,173,"1,507.90",2016-11-08,"1,512.00",1512.0,"1,489.55","1,491.90",ACC,"2,05,365","3,082.60"
172,172,"1,455.20",2016-11-09,"1,467.00",1460.0,"1,358.00","1,451.15",ACC,"5,70,189","8,169.17"
171,171,"1,456.80",2016-11-10,"1,497.00",1463.0,"1,450.05","1,470.00",ACC,"3,79,958","5,623.16"
170,170,"1,400.45",2016-11-11,"1,448.90",1407.1,"1,391.45","1,448.90",ACC,"2,81,691","3,955.67"
169,169,"1,334.55",2016-11-15,"1,431.95",1340.0,"1,328.50","1,396.10",ACC,"11,36,295","15,643.35"
168,168,"1,338.85",2016-11-16,"1,375.00",1332.15,"1,307.85","1,349.00",ACC,"4,12,210","5,495.37"
167,167,"1,301.40",2016-11-17,"1,338.90",1307.1,"1,295.00","1,338.90",ACC,"2,79,526","3,669.29"
166,166,"1,309.70",2016-11-18,"1,318.45",1311.0,"1,291.00","1,306.00",ACC,"2,04,142","2,664.00"
165,165,"1,272.25",2016-11-21,"1,316.40",1275.0,"1,265.15","1,315.00",ACC,"3,95,665","5,089.10"
164,164,"1,293.00",2016-11-22,"1,297.00",1292.3,"1,256.55","1,282.00",ACC,"2,74,371","3,514.41"
163,163,"1,302.75",2016-11-23,"1,316.90",1305.0,"1,276.70","1,306.00",ACC,"2,67,500","3,465.16"
162,162,"1,325.15",2016-11-24,"1,335.00",1331.0,"1,281.10","1,302.00",ACC,"3,88,251","5,112.37"
161,161,"1,309.40",2016-11-25,"1,331.00",1309.0,"1,298.75","1,331.00",ACC,"3,28,988","4,310.48"
160,160,"1,317.70",2016-11-28,"1,326.90",1316.05,"1,304.90","1,312.90",ACC,"2,62,470","3,457.50"
159,159,"1,320.00",2016-11-29,"1,339.80",1321.7,"1,306.55","1,321.10",ACC,"2,15,852","2,862.27"
158,158,"1,342.40",2016-11-30,"1,354.75",1345.6,"1,323.20","1,325.00",ACC,"3,58,245","4,809.63"
157,157,"1,338.00",2016-12-01,"1,354.90",1335.0,"1,327.00","1,349.10",ACC,"2,31,448","3,093.20"
156,156,"1,325.70",2016-12-02,"1,338.00",1335.0,"1,317.90","1,333.80",ACC,"1,89,494","2,512.07"
155,155,"1,340.00",2016-12-05,"1,347.25",1340.35,"1,318.80","1,332.35",ACC,"1,89,012","2,517.21"
154,154,"1,350.55",2016-12-06,"1,357.40",1352.0,"1,340.00","1,341.25",ACC,"1,50,509","2,028.69"
153,153,"1,350.00",2016-12-07,"1,360.90",1351.4,"1,347.45","1,352.25",ACC,"3,17,740","4,292.12"
152,152,"1,358.65",2016-12-08,"1,371.40",1362.0,"1,351.00","1,352.20",ACC,"1,89,040","2,574.70"
151,151,"1,379.15",2016-12-09,"1,385.00",1383.9,"1,355.55","1,362.25",ACC,"2,13,389","2,927.94"
150,150,"1,345.90",2016-12-12,"1,375.75",1345.6,"1,341.15","1,372.50",ACC,"1,74,756","2,369.42"
149,149,"1,339.75",2016-12-13,"1,349.90",1340.0,"1,328.20","1,348.70",ACC,"1,60,886","2,151.42"
148,148,"1,313.45",2016-12-14,"1,343.00",1310.1,"1,310.10","1,340.05",ACC,"2,44,083","3,223.18"
147,147,"1,314.95",2016-12-15,"1,328.10",1310.35,"1,304.85","1,306.00",ACC,"2,40,587","3,166.91"
146,146,"1,294.15",2016-12-16,"1,318.50",1295.0,"1,283.05","1,316.80",ACC,"3,59,428","4,663.43"
145,145,"1,277.70",2016-12-19,"1,296.75",1270.85,"1,269.55","1,294.15",ACC,"3,20,880","4,117.70"
144,144,"1,295.15",2016-12-20,"1,299.00",1299.0,"1,272.00","1,274.80",ACC,"1,28,333","1,653.66"
143,143,"1,300.00",2016-12-21,"1,314.10",1300.3,"1,295.00","1,300.05",ACC,"1,89,869","2,477.62"
142,142,"1,294.40",2016-12-22,"1,305.10",1302.3,"1,285.20","1,298.80",ACC,"1,95,979","2,529.89"
141,141,"1,296.30",2016-12-23,"1,305.00",1294.8,"1,285.50","1,296.05",ACC,"1,67,352","2,166.84"
140,140,"1,284.10",2016-12-26,"1,295.00",1291.5,"1,278.40","1,293.65",ACC,"1,28,460","1,654.16"
139,139,"1,294.80",2016-12-27,"1,297.00",1296.1,"1,279.30","1,284.00",ACC,"1,23,749","1,598.17"
138,138,"1,294.80",2016-12-28,"1,305.00",1299.0,"1,283.30","1,283.30",ACC,"2,76,849","3,588.33"
137,137,"1,309.95",2016-12-29,"1,314.70",1307.0,"1,293.40","1,295.00",ACC,"2,83,456","3,699.05"
136,136,"1,331.05",2016-12-30,"1,336.00",1330.0,"1,310.00","1,311.20",ACC,"1,62,248","2,151.53"
135,135,"1,351.90",2017-01-02,"1,357.45",1354.0,"1,339.00","1,340.00",ACC,"1,94,806","2,629.33"
134,134,"1,343.55",2017-01-03,"1,359.90",1344.0,"1,336.65","1,359.90",ACC,"1,67,153","2,248.78"
133,133,"1,319.40",2017-01-04,"1,351.00",1318.8,"1,315.15","1,347.70",ACC,"2,04,877","2,720.53"
132,132,"1,332.85",2017-01-05,"1,339.00",1334.9,"1,320.10","1,330.50",ACC,"3,62,924","4,827.66"
131,131,"1,333.90",2017-01-06,"1,349.10",1331.1,"1,330.00","1,338.00",ACC,"2,47,931","3,324.06"
130,130,"1,327.85",2017-01-09,"1,343.70",1326.35,"1,316.50","1,343.70",ACC,"1,35,067","1,791.16"
129,129,"1,319.60",2017-01-10,"1,337.35",1317.3,"1,314.05","1,332.00",ACC,"1,66,426","2,197.70"
128,128,"1,348.70",2017-01-11,"1,354.00",1349.0,"1,320.00","1,325.00",ACC,"3,99,543","5,361.98"
127,127,"1,341.60",2017-01-12,"1,361.00",1340.0,"1,332.35","1,357.00",ACC,"2,82,105","3,792.86"
126,126,"1,329.50",2017-01-13,"1,350.00",1332.0,"1,327.70","1,344.80",ACC,"1,01,419","1,350.88"
125,125,"1,331.00",2017-01-16,"1,339.90",1333.1,"1,325.00","1,331.00",ACC,"1,07,466","1,432.07"
124,124,"1,328.90",2017-01-17,"1,339.90",1331.0,"1,315.00","1,333.00",ACC,"2,08,483","2,763.22"
123,123,"1,349.70",2017-01-18,"1,353.80",1350.8,"1,331.00","1,337.75",ACC,"5,03,533","6,779.55"
122,122,"1,361.05",2017-01-19,"1,367.95",1360.0,"1,342.35","1,351.00",ACC,"5,61,898","7,619.78"
121,121,"1,326.45",2017-01-20,"1,365.00",1325.0,"1,315.00","1,357.90",ACC,"3,80,376","5,112.42"
120,120,"1,334.70",2017-01-23,"1,343.60",1339.5,"1,326.15","1,326.15",ACC,"2,05,914","2,749.49"
119,119,"1,358.60",2017-01-24,"1,362.00",1359.5,"1,337.10","1,339.00",ACC,"8,34,505","11,253.65"
118,118,"1,399.40",2017-01-25,"1,413.00",1410.0,"1,352.60","1,361.50",ACC,"7,43,286","10,291.43"
117,117,"1,430.65",2017-01-27,"1,440.00",1425.15,"1,413.00","1,420.00",ACC,"6,17,354","8,833.86"
116,116,"1,428.40",2017-01-30,"1,440.00",1428.0,"1,412.00","1,428.80",ACC,"2,15,574","3,071.20"
115,115,"1,413.50",2017-01-31,"1,434.90",1414.8,"1,406.25","1,415.25",ACC,"1,86,852","2,653.31"
114,114,"1,468.55",2017-02-01,"1,476.15",1470.0,"1,412.50","1,416.00",ACC,"3,99,235","5,792.95"
113,113,"1,431.85",2017-02-02,"1,470.00",1429.0,"1,423.10","1,470.00",ACC,"3,05,773","4,402.01"
112,112,"1,423.90",2017-02-03,"1,439.35",1416.65,"1,408.05","1,430.00",ACC,"6,45,997","9,171.63"
111,111,"1,480.15",2017-02-06,"1,502.75",1483.9,"1,402.00","1,412.10",ACC,"12,76,805","18,726.75"
110,110,"1,456.20",2017-02-07,"1,483.70",1458.1,"1,445.40","1,483.70",ACC,"2,90,474","4,234.24"
109,109,"1,497.10",2017-02-08,"1,504.00",1496.35,"1,456.90","1,456.90",ACC,"6,49,755","9,687.59"
108,108,"1,485.50",2017-02-09,"1,512.05",1484.0,"1,477.60","1,497.15",ACC,"3,73,250","5,580.21"
107,107,"1,486.95",2017-02-10,"1,496.95",1488.5,"1,474.50","1,487.45",ACC,"1,52,607","2,267.61"
106,106,"1,487.55",2017-02-13,"1,502.30",1485.25,"1,462.10","1,492.00",ACC,"2,32,611","3,452.86"
105,105,"1,465.55",2017-02-14,"1,487.00",1462.35,"1,461.90","1,485.00",ACC,"2,29,223","3,367.61"
104,104,"1,442.90",2017-02-15,"1,477.10",1442.0,"1,435.10","1,466.20",ACC,"2,66,161","3,880.29"
103,103,"1,455.85",2017-02-16,"1,459.60",1458.0,"1,435.35","1,447.70",ACC,"1,66,282","2,413.74"
102,102,"1,465.70",2017-02-17,"1,474.60",1462.5,"1,452.10","1,460.00",ACC,"1,37,686","2,013.94"
101,101,"1,460.65",2017-02-20,"1,477.90",1455.55,"1,455.55","1,467.30",ACC,"1,51,885","2,227.42"
100,100,"1,467.45",2017-02-21,"1,474.50",1468.7,"1,448.20","1,452.50",ACC,"2,18,786","3,202.00"
99,99,"1,447.60",2017-02-22,"1,477.00",1444.1,"1,443.40","1,470.00",ACC,"2,37,273","3,471.33"
98,98,"1,438.10",2017-02-23,"1,453.90",1436.25,"1,427.95","1,448.90",ACC,"3,83,587","5,525.92"
97,97,"1,417.50",2017-02-27,"1,443.45",1415.0,"1,410.80","1,443.45",ACC,"2,41,883","3,431.17"
96,96,"1,411.50",2017-02-28,"1,423.95",1409.0,"1,402.70","1,422.65",ACC,"5,54,038","7,814.15"
95,95,"1,408.95",2017-03-01,"1,422.00",1409.0,"1,406.45","1,416.00",ACC,"3,38,182","4,781.49"
94,94,"1,407.85",2017-03-02,"1,438.85",1404.8,"1,401.65","1,417.65",ACC,"4,12,473","5,871.00"
93,93,"1,393.70",2017-03-03,"1,416.90",1392.95,"1,390.90","1,405.00",ACC,"2,39,017","3,346.27"
92,92,"1,393.45",2017-03-06,"1,407.40",1394.8,"1,388.55","1,398.00",ACC,"1,51,011","2,108.14"
91,91,"1,387.35",2017-03-07,"1,395.00",1385.5,"1,383.00","1,395.00",ACC,"2,90,023","4,025.42"
90,90,"1,397.95",2017-03-08,"1,409.00",1388.1,"1,386.30","1,391.65",ACC,"6,37,044","8,916.72"
89,89,"1,401.95",2017-03-09,"1,424.40",1400.15,"1,386.70","1,387.45",ACC,"5,83,817","8,227.38"
88,88,"1,400.00",2017-03-10,"1,415.00",1397.0,"1,395.95","1,407.00",ACC,"2,79,160","3,927.12"
87,87,"1,415.40",2017-03-14,"1,429.95",1415.9,"1,408.55","1,425.00",ACC,"5,68,073","8,042.16"
86,86,"1,420.40",2017-03-15,"1,431.45",1420.05,"1,418.00","1,426.00",ACC,"2,30,384","3,281.41"
85,85,"1,422.00",2017-03-16,"1,431.00",1425.0,"1,419.00","1,428.90",ACC,"2,84,330","4,047.02"
84,84,"1,411.50",2017-03-17,"1,427.90",1408.45,"1,403.30","1,425.50",ACC,"2,48,632","3,513.69"
83,83,"1,408.70",2017-03-20,"1,417.45",1410.8,"1,405.50","1,417.45",ACC,"2,26,054","3,190.11"
82,82,"1,413.05",2017-03-21,"1,421.20",1414.0,"1,406.05","1,411.00",ACC,"1,65,807","2,346.01"
81,81,"1,386.40",2017-03-22,"1,411.80",1386.0,"1,383.85","1,408.90",ACC,"1,57,023","2,189.75"
80,80,"1,400.75",2017-03-23,"1,404.70",1398.85,"1,380.40","1,389.00",ACC,"1,95,943","2,731.85"
79,79,"1,396.45",2017-03-24,"1,410.00",1393.1,"1,393.10","1,400.40",ACC,"1,99,030","2,788.14"
78,78,"1,396.80",2017-03-27,"1,403.00",1395.7,"1,390.85","1,396.45",ACC,"3,62,440","5,064.99"
77,77,"1,417.20",2017-03-28,"1,423.70",1418.0,"1,396.80","1,396.80",ACC,"3,00,560","4,253.19"
76,76,"1,423.35",2017-03-29,"1,435.10",1418.65,"1,417.00","1,419.00",ACC,"3,14,236","4,485.90"
75,75,"1,418.95",2017-03-30,"1,430.50",1423.8,"1,412.50","1,424.40",ACC,"4,05,551","5,762.71"
74,74,"1,446.05",2017-03-31,"1,450.00",1450.0,"1,422.10","1,422.10",ACC,"4,25,733","6,143.34"
73,73,"1,461.95",2017-04-03,"1,476.40",1457.0,"1,455.50","1,470.00",ACC,"4,41,124","6,469.36"
72,72,"1,470.20",2017-04-05,"1,477.00",1466.05,"1,453.15","1,462.35",ACC,"2,82,291","4,136.27"
71,71,"1,489.75",2017-04-06,"1,494.95",1489.95,"1,458.55","1,463.25",ACC,"2,86,721","4,237.99"
70,70,"1,468.10",2017-04-07,"1,489.50",1470.0,"1,461.45","1,480.00",ACC,"1,86,840","2,763.84"
69,69,"1,473.80",2017-04-10,"1,478.00",1470.15,"1,465.55","1,471.50",ACC,"1,61,606","2,378.34"
68,68,"1,489.90",2017-04-11,"1,493.55",1491.0,"1,458.05","1,468.00",ACC,"2,31,632","3,434.21"
67,67,"1,494.55",2017-04-12,"1,507.75",1495.0,"1,476.00","1,482.35",ACC,"3,20,691","4,790.06"
66,66,"1,494.15",2017-04-13,"1,512.00",1487.3,"1,487.25","1,490.00",ACC,"5,67,719","8,538.32"
65,65,"1,503.20",2017-04-17,"1,514.75",1508.35,"1,475.00","1,493.40",ACC,"5,59,903","8,390.13"
64,64,"1,492.85",2017-04-18,"1,519.45",1495.0,"1,482.10","1,504.85",ACC,"3,56,304","5,358.52"
63,63,"1,511.35",2017-04-19,"1,517.90",1511.95,"1,485.45","1,495.80",ACC,"4,57,047","6,857.32"
62,62,"1,511.05",2017-04-20,"1,522.00",1510.0,"1,504.90","1,511.00",ACC,"2,79,143","4,224.69"
61,61,"1,495.45",2017-04-21,"1,511.55",1495.5,"1,486.00","1,509.45",ACC,"3,00,211","4,492.98"
60,60,"1,607.00",2017-04-24,"1,615.60",1608.0,"1,513.55","1,518.00",ACC,"20,98,030","33,264.65"
59,59,"1,607.30",2017-04-25,"1,613.90",1608.0,"1,587.65","1,610.05",ACC,"5,39,573","8,647.64"
58,58,"1,601.60",2017-04-26,"1,626.80",1604.3,"1,591.10","1,607.30",ACC,"5,26,758","8,482.30"
57,57,"1,636.00",2017-04-27,"1,644.85",1637.0,"1,589.05","1,603.00",ACC,"4,81,629","7,780.40"
56,56,"1,626.55",2017-04-28,"1,635.00",1625.0,"1,606.05","1,626.65",ACC,"3,73,117","6,053.16"
55,55,"1,593.05",2017-05-02,"1,625.00",1592.0,"1,570.00","1,625.00",ACC,"3,57,316","5,669.96"
54,54,"1,608.55",2017-05-03,"1,620.00",1608.0,"1,586.25","1,586.25",ACC,"2,67,323","4,304.41"
53,53,"1,624.05",2017-05-04,"1,632.00",1630.0,"1,603.95","1,613.90",ACC,"3,73,695","6,030.97"
52,52,"1,660.15",2017-05-05,"1,669.95",1659.0,"1,611.30","1,624.05",ACC,"5,86,030","9,621.45"
51,51,"1,711.25",2017-05-08,"1,756.70",1704.45,"1,685.10","1,685.10",ACC,"14,32,166","24,788.80"
50,50,"1,701.20",2017-05-09,"1,728.85",1698.0,"1,696.50","1,701.00",ACC,"5,63,503","9,627.56"
49,49,"1,690.35",2017-05-10,"1,711.30",1692.45,"1,673.60","1,705.00",ACC,"3,20,293","5,412.03"
48,48,"1,689.30",2017-05-11,"1,722.95",1694.0,"1,681.00","1,698.00",ACC,"2,52,482","4,295.92"
47,47,"1,679.85",2017-05-12,"1,699.95",1680.5,"1,656.20","1,691.90",ACC,"2,79,447","4,664.80"
46,46,"1,681.90",2017-05-15,"1,710.00",1683.35,"1,677.20","1,682.20",ACC,"2,18,344","3,696.43"
45,45,"1,729.65",2017-05-16,"1,740.00",1730.0,"1,683.10","1,683.10",ACC,"6,46,805","11,172.56"
44,44,"1,694.05",2017-05-17,"1,729.50",1690.1,"1,690.10","1,729.50",ACC,"3,51,398","5,991.74"
43,43,"1,670.40",2017-05-18,"1,690.70",1665.2,"1,664.50","1,683.90",ACC,"1,89,887","3,188.74"
42,42,"1,675.40",2017-05-19,"1,704.50",1671.5,"1,666.00","1,676.00",ACC,"2,40,074","4,044.68"
41,41,"1,626.85",2017-05-22,"1,692.95",1630.0,"1,616.30","1,692.95",ACC,"3,09,082","5,061.39"
40,40,"1,627.50",2017-05-23,"1,647.00",1640.0,"1,603.55","1,635.00",ACC,"3,39,377","5,526.48"
39,39,"1,582.95",2017-05-24,"1,639.90",1586.35,"1,575.00","1,627.20",ACC,"3,83,499","6,129.22"
38,38,"1,619.70",2017-05-25,"1,633.00",1633.0,"1,571.40","1,580.00",ACC,"5,47,632","8,817.30"
37,37,"1,632.35",2017-05-26,"1,638.90",1638.9,"1,605.25","1,615.00",ACC,"1,92,687","3,135.73"
36,36,"1,624.40",2017-05-29,"1,654.00",1623.0,"1,617.45","1,633.10",ACC,"2,77,804","4,543.55"
35,35,"1,635.15",2017-05-30,"1,641.75",1635.35,"1,595.05","1,623.80",ACC,"3,00,631","4,894.53"
34,34,"1,637.05",2017-05-31,"1,657.00",1634.5,"1,628.55","1,636.00",ACC,"3,72,747","6,115.66"
33,33,"1,658.10",2017-06-01,"1,664.30",1661.8,"1,631.65","1,632.20",ACC,"4,15,312","6,860.54"
32,32,"1,643.00",2017-06-02,"1,671.95",1642.0,"1,639.00","1,662.25",ACC,"1,85,523","3,070.49"
31,31,"1,645.70",2017-06-05,"1,658.00",1646.0,"1,632.10","1,641.00",ACC,"2,69,501","4,431.52"
30,30,"1,607.00",2017-06-06,"1,654.65",1609.75,"1,597.20","1,648.80",ACC,"2,12,244","3,433.38"
29,29,"1,612.15",2017-06-07,"1,620.00",1620.0,"1,600.00","1,606.00",ACC,"2,43,646","3,925.65"
28,28,"1,619.05",2017-06-08,"1,624.00",1617.65,"1,604.90","1,620.00",ACC,"1,36,028","2,199.45"
27,27,"1,618.75",2017-06-09,"1,625.00",1616.2,"1,600.10","1,617.00",ACC,"1,85,520","2,987.39"
26,26,"1,608.50",2017-06-12,"1,624.50",1607.0,"1,605.00","1,613.10",ACC,"2,08,917","3,374.92"
25,25,"1,615.80",2017-06-13,"1,641.85",1619.0,"1,608.05","1,617.00",ACC,"4,93,750","8,045.26"
24,24,"1,597.90",2017-06-14,"1,619.00",1596.35,"1,584.50","1,613.00",ACC,"3,08,239","4,919.75"
23,23,"1,612.10",2017-06-15,"1,615.00",1613.8,"1,586.60","1,595.00",ACC,"1,78,088","2,854.97"
22,22,"1,638.60",2017-06-16,"1,647.45",1643.0,"1,601.00","1,610.00",ACC,"3,37,111","5,483.30"
21,21,"1,641.60",2017-06-19,"1,657.00",1638.2,"1,633.00","1,644.00",ACC,"1,88,158","3,097.98"
20,20,"1,652.65",2017-06-20,"1,656.60",1652.6,"1,630.30","1,644.80",ACC,"2,00,634","3,305.68"
19,19,"1,657.70",2017-06-21,"1,661.00",1656.1,"1,638.05","1,647.65",ACC,"2,46,110","4,069.96"
18,18,"1,651.00",2017-06-22,"1,674.15",1648.0,"1,646.00","1,660.00",ACC,"5,75,938","9,554.19"
17,17,"1,636.70",2017-06-23,"1,655.95",1643.0,"1,626.40","1,653.90",ACC,"1,71,707","2,815.27"
16,16,"1,578.55",2017-06-27,"1,643.00",1575.6,"1,570.10","1,641.00",ACC,"3,57,014","5,679.18"
15,15,"1,580.05",2017-06-28,"1,591.90",1578.05,"1,541.25","1,573.00",ACC,"6,93,964","10,878.89"
14,14,"1,579.95",2017-06-29,"1,611.90",1579.95,"1,572.10","1,591.65",ACC,"4,73,658","7,530.45"
13,13,"1,568.05",2017-06-30,"1,579.00",1569.85,"1,555.45","1,573.25",ACC,"2,71,195","4,247.62"
12,12,"1,587.60",2017-07-03,"1,590.70",1586.0,"1,566.95","1,569.90",ACC,"4,41,205","6,973.95"
11,11,"1,580.65",2017-07-04,"1,605.65",1580.0,"1,570.00","1,591.60",ACC,"1,93,433","3,062.68"
10,10,"1,594.45",2017-07-05,"1,599.00",1597.65,"1,572.05","1,581.20",ACC,"3,39,033","5,363.73"
9,9,"1,611.65",2017-07-06,"1,621.45",1612.7,"1,588.00","1,597.65",ACC,"2,82,561","4,550.90"
8,8,"1,609.35",2017-07-07,"1,627.85",1606.9,"1,604.00","1,610.80",ACC,"6,37,713","10,318.84"
7,7,"1,628.10",2017-07-10,"1,635.00",1628.5,"1,615.25","1,615.25",ACC,"58,983",959.11
6,6,"1,650.80",2017-07-11,"1,656.90",1652.1,"1,626.20","1,632.90",ACC,"3,40,155","5,604.26"
5,5,"1,705.95",2017-07-12,"1,710.00",1704.0,"1,635.00","1,700.00",ACC,"7,15,522","12,085.56"
4,4,"1,703.55",2017-07-13,"1,721.35",1700.1,"1,690.00","1,707.25",ACC,"4,36,829","7,453.92"
3,3,"1,755.10",2017-07-14,"1,769.65",1769.45,"1,698.80","1,701.00",ACC,"7,87,831","13,630.79"
2,2,"1,747.40",2017-07-17,"1,776.90",1752.0,"1,725.05","1,761.00",ACC,"10,21,434","17,882.84"
1,1,"1,759.50",2017-07-18,"1,809.00",1757.9,"1,747.00","1,800.00",ACC,"21,31,367","37,946.44"
0,0,"1,734.60",2017-07-19,"1,775.25",1735.0,"1,725.10","1,767.85",ACC,"4,33,169","7,535.79"
