,Unnamed: 0,date,stock_ticker,Sales Turnover,Other Income,Total Income,Total Expenses,Operating profit,Gross Profit,Interest,PBDT,Tax,Net Profit,Earnings Per Share,Equity,stock_price,nifty_price,stock_price_90d,nifty_price_90d,stock_pc_change,nifty_pc_change,status,Industry
0,0,2017-07-01,RELIANCE,704340.0,19180.0,723520.0,588450.0,135070.0,127190.0,7880.0,119310.0,23650.0,81960.0,25.21,32520.0,1381.05,9615.0,,,,,,ENERGY
1,1,2017-04-01,RELIANCE,745980.0,13710.0,759690.0,633180.0,126510.0,124160.0,2350.0,121810.0,18560.0,81510.0,25.13,32510.0,1374.65,9237.849609,1380.0,9520.900391,0.3891899756301538,3.0640332326284616,Underperform,ENERGY
2,2,2017-01-01,RELIANCE,618060.0,30250.0,648310.0,512020.0,136290.0,126980.0,9310.0,117670.0,25990.0,80220.0,24.7,32440.0,1085.1,8179.5,1374.65,9237.849609,26.684176573587713,12.939050174216039,Outperform,ENERGY
3,3,2016-10-01,RELIANCE,595770.0,22800.0,618570.0,490220.0,128350.0,122020.0,6330.0,115690.0,24690.0,77040.0,23.8,32430.0,1090.7,8738.099609,1082.4,8185.799805,-0.7609791876776341,-6.320594050348745,Outperform,ENERGY
4,4,2016-07-01,RELIANCE,534960.0,20330.0,555290.0,426790.0,128500.0,119260.0,9240.0,110020.0,24280.0,75480.0,23.3,32420.0,973.45,8328.349609,1072.45,8591.25,10.17001386820073,3.1566925422522716,Outperform,ENERGY
5,5,2017-07-01,TCS,234760.0,24140.0,258900.0,171900.0,87000.0,86790.0,210.0,86580.0,16130.0,66700.0,34.11,1910.0,2373.6,9615.0,,,,,,IT
6,6,2017-04-01,TCS,234060.0,10540.0,244600.0,166910.0,77690.0,77650.0,40.0,77610.0,15330.0,58330.0,29.61,1970.4,2411.7,9237.849609,2362.35,9520.900391,-2.046274412240325,3.0640332326284616,Underperform,IT
7,7,2017-01-01,TCS,231840.0,13600.0,245440.0,164360.0,81080.0,81050.0,30.0,81020.0,16270.0,60840.0,30.88,1970.4,2361.35,8179.5,2411.7,9237.849609,2.1322548542147457,12.939050174216039,Underperform,IT
8,8,2016-10-01,TCS,230160.0,11750.0,241910.0,161970.0,79940.0,79910.0,30.0,79880.0,16370.0,59580.0,30.24,1970.4,2411.7,8738.099609,2365.55,8185.799805,-1.9135879255296944,-6.320594050348745,Outperform,IT
9,9,2016-07-01,TCS,230870.0,9790.0,240660.0,162800.0,77860.0,77800.0,60.0,77740.0,16160.0,57780.0,29.32,1970.4,2500.85,8328.349609,2437.8,8591.25,-2.5211428114440984,3.1566925422522716,Underperform,IT
10,10,2017-07-01,HDFCBANK,186687.0,35166.6,221854.0,53674.6,75199.4,0.0,92979.8,-92979.8,20673.4,38938.4,15.2,5147.8,1658.6,9615.0,,,,,,FINANCIAL SERVICES
11,11,2017-04-01,HDFCBANK,181144.0,34462.6,215607.0,52219.6,72794.0,0.0,90593.0,-90593.0,20275.1,39900.9,15.6,5125.1,1433.2,9237.849609,1652.05,9520.900391,15.27002511861568,3.0640332326284616,Outperform,FINANCIAL SERVICES
12,12,2017-01-01,HDFCBANK,176056.0,31426.7,207483.0,48425.1,66092.5,58934.7,92965.1,-34030.4,20281.4,38653.3,15.2,5110.7,1197.1,8179.5,1433.2,9237.849609,19.72266310249772,12.939050174216039,Outperform,FINANCIAL SERVICES
13,13,2016-10-01,HDFCBANK,170699.0,29009.5,199709.0,48699.9,60245.5,0.0,90763.5,-90763.5,18202.3,34553.3,13.6,5091.3,1287.2,8738.099609,1206.2,8185.799805,-6.292728402734617,-6.320594050348745,Outperform,FINANCIAL SERVICES
14,14,2016-07-01,HDFCBANK,165160.0,28066.1,193226.0,47688.6,58191.9,49524.6,87345.8,-37821.2,17135.5,32389.1,12.8,5070.1,1174.5,8328.349609,1277.5,8591.25,8.769689229459344,3.1566925422522716,Outperform,FINANCIAL SERVICES
15,15,2017-07-01,ITC,138004.0,4767.7,142772.0,100540.0,42231.7,42127.9,103.8,42024.1,13840.8,25605.0,2.11,12152.2,342.5,9615.0,,,,,,CONSUMER GOODS
16,16,2017-04-01,ITC,150088.0,4021.0,154109.0,111334.0,42774.9,42889.5,-114.6,43004.1,13776.7,26694.7,2.2,12147.4,281.55,9237.849609,323.65,9520.900391,14.952939087195865,3.0640332326284616,Outperform,CONSUMER GOODS
17,17,2017-01-01,ITC,92483.9,6879.4,99363.3,57020.0,42343.3,42207.4,135.9,42071.5,13074.7,26467.3,2.18,12121.4,240.95,8179.5,281.55,9237.849609,16.84996887321022,12.939050174216039,Outperform,CONSUMER GOODS
18,18,2016-10-01,ITC,96607.1,4753.5,101361.0,60306.8,41053.8,40946.6,107.2,40839.4,13261.9,25000.3,2.07,12111.6,242.3,8738.099609,241.65,8185.799805,-0.2682624845233205,-6.320594050348745,Outperform,CONSUMER GOODS
19,19,2017-07-01,HDFC,81287.7,129.9,81417.6,3273.1,78144.5,23700.7,54443.8,-30743.1,8030.0,15557.4,9.79,3185.8,1621.65,9615.0,,,,,,FINANCIAL SERVICES
20,20,2017-04-01,HDFC,84534.1,611.0,85145.1,3247.2,81897.9,29518.5,52379.4,-22860.9,8940.0,20442.0,12.15,3177.3,1533.65,9237.849609,1614.95,9520.900391,5.301079124963319,3.0640332326284616,Outperform,FINANCIAL SERVICES
21,21,2017-01-01,HDFC,81337.8,148.3,81486.1,3169.7,78316.4,25454.0,52862.4,-27408.4,8300.0,17012.1,10.6,3170.2,1217.1,8179.5,1533.65,9237.849609,26.00854490181581,12.939050174216039,Outperform,FINANCIAL SERVICES
22,22,2016-10-01,HDFC,80632.1,399.4,81031.5,2857.8,78173.7,25715.1,52458.6,-26743.5,7310.0,18265.0,11.54,3167.9,1425.5,8738.099609,1262.6,8185.799805,-11.427569273938975,-6.320594050348745,Underperform,FINANCIAL SERVICES
23,23,2016-07-01,HDFC,74606.6,9326.7,83933.3,5533.3,78400.0,27138.4,51261.6,-24123.2,8290.0,18707.3,11.79,3164.0,1242.35,8328.349609,1401.4,8591.25,12.802350384352252,3.1566925422522716,Outperform,FINANCIAL SERVICES
24,24,2017-04-01,SBIN,473926.0,103275.0,577201.0,123718.0,160265.0,0.0,293218.0,-293218.0,14715.5,28148.2,3.55,7973.5,293.15,9237.849609,273.65,9520.900391,-6.651884700665189,3.0640332326284616,Underperform,FINANCIAL SERVICES
25,25,2017-01-01,SBIN,439256.0,96619.2,535875.0,118702.0,125433.0,36004.3,291740.0,-255735.7,9904.3,26100.0,3.36,7762.8,243.6,8179.5,293.15,9237.849609,20.340722495894894,12.939050174216039,Outperform,FINANCIAL SERVICES
26,26,2016-10-01,SBIN,423188.0,84241.4,507430.0,116373.0,112243.0,0.0,278814.0,-278814.0,7892.8,25383.2,3.27,7762.8,255.3,8738.099609,250.2,8185.799805,-1.9976498237367888,-6.320594050348745,Outperform,FINANCIAL SERVICES
27,27,2016-07-01,SBIN,415935.0,73350.8,489286.0,105935.0,110539.0,36407.6,272812.0,-236404.4,11198.0,25209.6,3.25,7762.8,219.6,8328.349609,247.25,8591.25,12.591074681238618,3.1566925422522716,Outperform,FINANCIAL SERVICES
28,28,2016-04-01,SBIN,428314.0,106956.0,535270.0,117945.0,141919.0,0.0,275406.0,-275406.0,-2459.6,12638.1,1.64,7762.8,195.65,7713.049805,218.8,8287.75,11.832353692818813,7.451011072526069,Outperform,FINANCIAL SERVICES
29,29,2017-07-01,HINDUNILVR,92220.0,1130.0,93350.0,73560.0,19790.0,19600.0,60.0,19540.0,5630.0,12830.0,5.93,2160.0,1097.75,9615.0,,,,,,CONSUMER GOODS
30,30,2017-04-01,HINDUNILVR,88860.0,830.0,89690.0,72350.0,17340.0,17270.0,60.0,17210.0,4360.0,11830.0,5.47,2160.0,920.65,9237.849609,1079.6,9520.900391,17.264975832292393,3.0640332326284616,Outperform,CONSUMER GOODS
31,31,2017-01-01,HINDUNILVR,77059.8,824.4,77884.2,63505.4,14378.8,15863.7,45.6,15818.1,4482.4,10379.3,4.8,2164.3,825.35,8179.5,920.65,9237.849609,11.546616586902521,12.939050174216039,Underperform,CONSUMER GOODS
32,32,2017-07-01,MARUTI,197774.0,6827.0,204601.0,174462.0,30139.0,29826.0,313.0,29513.0,7423.0,15564.0,51.52,1510.0,7354.0,9615.0,,,,,,AUTOMOBILE
33,33,2017-04-01,MARUTI,207512.0,4449.0,211961.0,181905.0,30056.0,29830.0,226.0,29604.0,5730.0,17090.0,56.57,1510.0,6072.0,9237.849609,7217.6,9520.900391,18.866930171278003,3.0640332326284616,Outperform,AUTOMOBILE
34,34,2017-01-01,MARUTI,168648.0,5919.0,174567.0,143758.0,30809.0,30519.0,290.0,30229.0,6725.0,17445.0,57.75,1510.0,5466.0,8179.5,6072.0,9237.849609,11.086717892425906,12.939050174216039,Underperform,AUTOMOBILE
35,35,2016-10-01,MARUTI,178428.0,8126.0,186554.0,148054.0,38500.0,38303.0,197.0,38106.0,8023.0,23980.0,79.38,1510.0,5681.0,8738.099609,5319.55,8185.799805,-6.362436190811473,-6.320594050348745,Underperform,AUTOMOBILE
36,36,2016-07-01,MARUTI,149273.0,4833.0,154106.0,127116.0,26990.0,26809.0,181.0,26628.0,5558.0,14862.0,49.2,1510.0,4165.4,8328.349609,5438.6,8591.25,30.566092091995987,3.1566925422522716,Outperform,AUTOMOBILE
37,37,2017-07-01,INFY,149710.0,7230.0,156940.0,106350.0,50590.0,50590.0,0.0,50590.0,13010.0,34150.0,14.87,11480.0,951.9,9615.0,,,,,,IT
38,38,2017-04-01,INFY,149200.0,7330.0,156530.0,105340.0,51190.0,51190.0,0.0,51190.0,12210.0,35620.0,15.51,11480.0,1008.8,9237.849609,935.55,9520.900391,-7.261102299762094,3.0640332326284616,Underperform,IT
39,39,2017-01-01,INFY,149490.0,8050.0,157540.0,105320.0,52220.0,52220.0,0.0,52220.0,12840.0,35990.0,15.67,11480.0,1001.1,8179.5,1008.8,9237.849609,0.7691539306762493,12.939050174216039,Underperform,IT
40,40,2016-10-01,INFY,150000.0,7630.0,157630.0,106130.0,51500.0,51500.0,0.0,51500.0,13360.0,34760.0,15.13,11480.0,1038.1,8738.099609,1010.6,8185.799805,-2.649070417108168,-6.320594050348745,Outperform,IT
41,41,2016-07-01,INFY,144200.0,7610.0,151810.0,104020.0,47790.0,47790.0,0.0,47790.0,12800.0,31800.0,13.85,11480.0,1172.4,8328.349609,1029.2,8591.25,-12.214261344251113,3.1566925422522716,Underperform,IT
42,42,2017-07-01,KOTAKBANK,46557.8,9068.8,55626.6,15570.7,15953.6,0.0,24102.3,-24102.3,4788.9,9127.3,4.88,9517.5,948.85,9615.0,,,,,,FINANCIAL SERVICES
43,43,2017-04-01,KOTAKBANK,44320.0,10026.5,54346.5,14620.2,17020.0,0.0,22706.3,-22706.3,4581.5,9764.8,5.31,9204.5,875.95,9237.849609,955.75,9520.900391,9.110109024487693,3.0640332326284616,Outperform,FINANCIAL SERVICES
44,44,2017-01-01,KOTAKBANK,44676.1,9102.2,53778.3,14328.4,15277.0,13356.0,24172.9,-10816.9,4558.4,8797.6,4.79,9196.3,714.8,8179.5,875.95,9237.849609,22.544767767207627,12.939050174216039,Outperform,FINANCIAL SERVICES
45,45,2016-10-01,KOTAKBANK,44124.7,8311.1,52435.8,13863.9,14400.8,12423.2,24171.1,-11747.9,4290.3,8132.9,4.43,9186.4,788.05,8738.099609,719.7,8185.799805,-8.673307531248009,-6.320594050348745,Underperform,FINANCIAL SERVICES
46,46,2016-07-01,KOTAKBANK,43868.5,7331.8,51200.3,13372.5,13150.3,11355.2,24677.5,-13322.3,3935.5,7419.7,4.04,9177.9,753.4,8328.349609,772.6,8591.25,2.5484470400849544,3.1566925422522716,Underperform,FINANCIAL SERVICES
47,47,2017-07-01,ICICIBANK,134591.0,33879.1,168470.0,37944.4,51833.1,0.0,78692.9,-78692.9,5255.7,20490.0,3.2,12827.8,290.05,9615.0,,,,,,FINANCIAL SERVICES
48,48,2017-04-01,ICICIBANK,135685.0,30172.3,165858.0,38673.7,51120.2,0.0,76063.7,-76063.7,1891.6,20246.4,3.48,11651.1,286.7,9237.849609,290.15,9520.900391,1.2033484478548966,3.0640332326284616,Underperform,FINANCIAL SERVICES
49,49,2017-01-01,ICICIBANK,136181.0,39383.1,175564.0,37777.4,55239.2,28112.2,82547.5,-54435.3,3694.0,24418.2,4.2,11643.3,251.95,8179.5,286.7,9237.849609,13.792419130779916,12.939050174216039,Outperform,FINANCIAL SERVICES
50,50,2016-10-01,ICICIBANK,136394.0,91196.8,227591.0,37369.0,106361.0,0.0,83861.1,-83861.1,4511.1,31022.7,5.33,11640.1,256.15,8738.099609,255.3,8185.799805,-0.3318368143665688,-6.320594050348745,Outperform,FINANCIAL SERVICES
51,51,2017-04-01,IOC,1222850.0,20593.4,1243450.0,1178770.0,64679.5,53139.0,11540.5,41598.5,-1357.6,37206.2,7.85,48559.0,381.15,9237.849609,385.2,9520.900391,1.0625737898465202,3.0640332326284616,Underperform,ENERGY
52,52,2017-01-01,IOC,931167.0,7929.1,939096.0,851681.0,87415.2,77448.5,9966.7,67481.8,21958.2,39949.1,8.43,48559.0,327.45,8179.5,381.15,9237.849609,16.39945029775538,12.939050174216039,Outperform,ENERGY
53,53,2016-10-01,IOC,803701.0,8541.3,812242.0,745979.0,66263.5,60116.8,6146.7,53970.1,13849.8,31218.9,6.58,24279.5,603.7,8738.099609,325.05,8185.799805,-46.1570316382309,-6.320594050348745,Underperform,ENERGY
54,54,2016-07-01,IOC,860807.0,4703.0,865510.0,723972.0,141538.0,134738.0,6800.4,127937.6,37698.0,82689.8,34.9,24279.5,474.3,8328.349609,573.5,8591.25,20.91503267973856,3.1566925422522716,Outperform,ENERGY
55,55,2016-04-01,IOC,804496.0,6573.9,811070.0,764053.0,47016.9,36260.1,10681.6,25578.5,9789.3,12356.4,5.09,24279.5,393.05,7713.049805,441.0,8287.75,12.199465716829918,7.451011072526069,Outperform,ENERGY
56,56,2017-07-01,BHARTIARTL,145065.0,516.0,145581.0,96075.0,49506.0,36012.0,13454.0,22558.0,1417.0,2806.0,0.7,19987.0,382.05,9615.0,,,,,,TELECOM
57,57,2017-04-01,BHARTIARTL,142998.0,513.0,143511.0,93198.0,50313.0,-122738.0,7523.0,-130261.0,-4658.0,-150831.0,-37.74,19987.0,341.8,9237.849609,379.7,9520.900391,11.088355763604438,3.0640332326284616,Outperform,TELECOM
58,58,2017-01-01,BHARTIARTL,152396.0,0.0,152396.0,95480.0,56916.0,39814.0,14022.0,25792.0,5579.0,4218.0,1.06,19987.0,311.0,8179.5,341.8,9237.849609,9.903536977491964,12.939050174216039,Underperform,TELECOM
59,59,2016-10-01,BHARTIARTL,164801.0,4049.0,168850.0,98527.0,70323.0,69143.0,0.0,69143.0,6673.0,33081.0,8.28,19987.0,318.7,8738.099609,305.65,8185.799805,-4.094759962347037,-6.320594050348745,Outperform,TELECOM
60,60,2016-07-01,BHARTIARTL,163397.0,501.0,163898.0,97274.0,66624.0,50720.0,12984.0,37736.0,6568.0,14275.0,3.57,19987.0,368.35,8328.349609,315.7,8591.25,-14.29347088367043,3.1566925422522716,Underperform,TELECOM
61,61,2017-04-01,COALINDIA,924.9,133928.0,134852.0,2635.9,132216.0,134542.0,-2325.8,136867.8,111.4,134383.0,21.65,62074.1,295.0,9237.849609,244.25,9520.900391,-17.203389830508474,3.0640332326284616,Underperform,METALS
62,62,2017-01-01,COALINDIA,1002.6,1569.1,2571.7,2453.1,118.6,-346.8,465.4,-812.2,0.0,-390.3,-0.05,62074.1,300.05,8179.5,295.0,9237.849609,-1.6830528245292489,12.939050174216039,Underperform,METALS
63,63,2016-10-01,COALINDIA,812.4,12908.2,13720.6,2452.6,11268.0,11008.2,259.8,10748.4,-9.4,10975.7,1.74,63163.6,327.9,8738.099609,300.0,8185.799805,-8.508691674290937,-6.320594050348745,Underperform,METALS
64,64,2016-07-01,COALINDIA,231.6,1642.7,1874.3,1547.8,326.5,88.2,238.3,-150.1,9.4,36.8,0.01,63163.6,310.1,8328.349609,327.65,8591.25,5.659464688810046,3.1566925422522716,Outperform,METALS
65,65,2016-04-01,COALINDIA,429.1,142152.0,142581.0,1603.9,140977.0,140797.0,179.8,140617.2,1276.2,139501.0,22.08,63163.6,287.0,7713.049805,313.0,8287.75,9.059233449477352,7.451011072526069,Outperform,METALS
66,66,2017-07-01,NTPC,198793.0,6626.1,205419.0,146110.0,59309.8,50353.8,8956.0,41397.8,8472.1,26181.7,3.18,82454.6,156.75,9615.0,,,,,,ENERGY
67,67,2017-04-01,NTPC,204167.0,4701.8,208868.0,145919.0,62949.9,46141.2,8979.2,37162.0,9285.5,20794.0,2.52,82454.6,164.65,9237.849609,158.95,9520.900391,-3.461888855147292,3.0640332326284616,Underperform,ENERGY
68,68,2017-01-01,NTPC,193959.0,2501.7,196461.0,141699.0,54762.0,45671.7,9090.3,36581.4,6131.4,24687.2,3.0,82454.6,164.8,8179.5,164.65,9237.849609,-0.0910194174757316,12.939050174216039,Underperform,ENERGY
69,69,2016-10-01,NTPC,193979.0,1906.2,195886.0,140066.0,55820.0,46921.7,8898.3,38023.4,7620.5,24959.7,3.03,82454.6,150.6,8738.099609,164.75,8185.799805,9.395750332005315,-6.320594050348745,Outperform,ENERGY
70,70,2016-07-01,NTPC,190629.0,1578.9,192208.0,138491.0,53717.4,44713.2,9004.2,35709.0,7066.0,23695.3,2.87,82454.6,156.75,8328.349609,149.45,8591.25,-4.657097288676243,3.1566925422522716,Underperform,ENERGY
71,71,2017-07-01,WIPRO,111528.0,6258.0,117786.0,88300.0,29486.0,28587.0,899.0,27688.0,5807.0,20268.0,4.18,9732.0,259.6,9615.0,,,,,,IT
72,72,2017-04-01,WIPRO,116282.0,6388.0,122670.0,89723.0,32947.0,32703.0,244.0,32459.0,7016.0,23035.0,9.53,4861.0,507.1,9237.849609,258.35,9520.900391,-49.053441135870635,3.0640332326284616,Underperform,IT
73,73,2017-01-01,WIPRO,113783.0,6398.0,120181.0,90215.0,29966.0,28539.0,1427.0,27112.0,6537.0,19185.0,7.94,4861.0,471.55,8179.5,507.1,9237.849609,7.538967235712016,12.939050174216039,Underperform,IT
74,74,2016-10-01,WIPRO,114538.0,6478.0,121016.0,92319.0,28697.0,27744.0,953.0,26791.0,5826.0,19321.0,7.98,4861.0,478.95,8738.099609,474.45,8185.799805,-0.9395552771688068,-6.320594050348745,Outperform,IT
75,75,2016-07-01,WIPRO,115875.0,6435.0,122310.0,92651.0,29659.0,28362.0,1297.0,27065.0,5874.0,20077.0,8.17,4941.0,558.9,8328.349609,472.2,8591.25,-15.512614063338699,3.1566925422522716,Underperform,IT
76,76,2017-07-01,HCLTECH,51790.0,1990.0,53780.0,30670.0,23110.0,23050.0,60.0,22990.0,4120.0,17620.0,12.35,2853.98,838.15,9615.0,,,,,,IT
77,77,2017-04-01,HCLTECH,51144.8,2306.4,53451.2,32768.1,20683.1,20344.7,338.4,20006.3,1534.9,17211.4,12.06,2853.6,866.25,9237.849609,850.9,9520.900391,-1.7720057720057747,3.0640332326284616,Underperform,IT
78,78,2017-01-01,HCLTECH,48892.6,2020.6,50913.2,28780.5,22132.7,22038.4,94.3,21944.1,4188.8,16615.4,11.78,2822.4,828.5,8179.5,866.25,9237.849609,4.556427278213639,12.939050174216039,Underperform,IT
79,79,2016-10-01,HCLTECH,47057.7,2379.6,49437.3,27433.9,22003.4,21978.5,24.9,21953.6,4048.6,16907.2,11.98,2821.8,808.6,8738.099609,827.95,8185.799805,2.3930249814494218,-6.320594050348745,Outperform,IT
80,80,2016-07-01,HCLTECH,46088.0,2992.0,49080.0,25789.3,23290.7,23188.0,102.7,23085.3,4261.5,17992.9,12.76,2821.5,731.7,8328.349609,791.05,8591.25,8.111247779144447,3.1566925422522716,Outperform,IT
81,81,2017-04-01,TATAMOTORS,150924.0,3695.9,154620.0,147277.0,7343.3,-84.9,4545.2,-4630.1,109.3,-8290.4,-2.44,6792.2,470.4,9237.849609,432.55,9520.900391,-8.046343537414959,3.0640332326284616,Underperform,AUTOMOBILE
82,82,2017-01-01,TATAMOTORS,112216.0,939.5,113156.0,111452.0,1704.1,-3026.5,4137.3,-7163.8,143.3,-10459.4,-3.08,6792.2,487.05,8179.5,470.4,9237.849609,-3.4185401909454955,12.939050174216039,Underperform,AUTOMOBILE
83,83,2016-10-01,TATAMOTORS,103224.0,1460.2,104685.0,100163.0,4522.1,1096.5,3727.7,-2631.2,218.4,-6307.6,-1.86,6791.8,540.8,8738.099609,472.0,8185.799805,-12.721893491124256,-6.320594050348745,Underperform,AUTOMOBILE
84,84,2016-07-01,TATAMOTORS,103196.0,6245.5,109441.0,97452.7,11988.3,7501.1,3400.7,4100.4,121.2,257.5,0.16,6791.8,457.9,8328.349609,526.3,8591.25,14.937759336099582,3.1566925422522716,Outperform,AUTOMOBILE
85,85,2016-04-01,TATAMOTORS,125698.0,4600.6,130298.0,116734.0,13564.2,9836.7,3438.3,6398.4,-953.3,4649.9,1.35,6791.8,379.65,7713.049805,459.25,8287.75,20.966679836691693,7.451011072526069,Outperform,AUTOMOBILE
86,86,2017-04-01,SUNPHARMA,20171.7,164.5,20336.2,18378.9,1957.3,1948.4,8.9,1939.5,-64.7,946.3,0.4,2399.3,692.4,9237.849609,555.7,9520.900391,-19.742923165800107,3.0640332326284616,Underperform,PHARMA
87,87,2017-01-01,SUNPHARMA,19352.6,775.5,20128.1,19550.0,578.1,-563.0,1141.1,-1704.1,26.5,-1626.6,-0.7,2399.2,634.05,8179.5,692.4,9237.849609,9.202744263070741,12.939050174216039,Underperform,PHARMA
88,88,2016-10-01,SUNPHARMA,20293.6,2940.0,23233.6,20255.8,2977.8,2905.9,71.9,2834.0,28.8,1845.4,0.8,2406.7,757.05,8738.099609,630.0,8185.799805,-16.782246879334252,-6.320594050348745,Underperform,PHARMA
89,89,2016-07-01,SUNPHARMA,17782.9,1264.1,19047.0,18463.4,583.6,-430.1,1013.7,-1443.8,34.5,-1514.6,-0.6,2406.7,763.35,8328.349609,735.85,8591.25,-3.602541429226436,3.1566925422522716,Underperform,PHARMA
90,90,2016-04-01,SUNPHARMA,18978.8,3495.9,22474.7,19970.8,2503.9,1824.2,679.7,1144.5,7.9,617.1,0.3,2406.6,815.1,7713.049805,763.1,8287.75,-6.379585326953747,7.451011072526069,Underperform,PHARMA
91,91,2017-07-01,AXISBANK,110525.0,29998.1,140523.0,33247.9,42911.6,0.0,64363.5,-64363.5,6436.3,13056.0,5.45,4794.0,517.25,9615.0,,,,,,FINANCIAL SERVICES
92,92,2017-04-01,AXISBANK,111682.0,30131.6,141813.0,33670.2,43747.4,0.0,64395.5,-64395.5,5683.9,12251.0,5.12,4790.1,500.6,9237.849609,517.35,9520.900391,3.345984818218138,3.0640332326284616,Outperform,FINANCIAL SERVICES
93,93,2017-01-01,AXISBANK,111010.0,34002.1,145012.0,30937.1,46402.3,8444.3,67672.7,-59228.4,2648.6,5795.7,2.42,4782.8,447.75,8179.5,500.6,9237.849609,11.803461753210502,12.939050174216039,Underperform,FINANCIAL SERVICES
94,94,2016-10-01,AXISBANK,111591.0,25396.6,136988.0,29533.5,41001.8,4774.4,66452.4,-61678.0,1583.6,3190.8,1.34,4779.5,550.9,8738.099609,449.95,8185.799805,-18.324559811218005,-6.320594050348745,Underperform,FINANCIAL SERVICES
95,95,2016-07-01,AXISBANK,111139.0,27382.8,138522.0,27858.3,44693.7,0.0,65969.8,-65969.8,7966.7,15555.3,6.52,4774.6,542.9,8328.349609,539.3,8591.25,-0.6631055442991385,3.1566925422522716,Underperform,FINANCIAL SERVICES
96,96,2017-04-01,POWERGRID,67120.4,3424.1,70544.5,10935.0,59609.5,44880.2,15558.4,29321.8,5083.3,19163.6,3.66,52315.9,196.2,9237.849609,210.55,9520.900391,7.313965341488289,3.0640332326284616,Outperform,ENERGY
97,97,2017-01-01,POWERGRID,66297.6,1577.5,67875.1,6705.4,61169.7,44659.6,16426.2,28233.4,5706.0,19300.2,3.69,52315.9,183.65,8179.5,196.2,9237.849609,6.833650966512378,12.939050174216039,Underperform,ENERGY
98,98,2016-10-01,POWERGRID,62548.8,2253.2,64802.0,6507.4,58294.6,42376.8,15876.0,26500.8,4888.2,18720.0,3.58,52315.9,181.2,8738.099609,183.5,8185.799805,1.2693156732891897,-6.320594050348745,Outperform,ENERGY
99,99,2016-07-01,POWERGRID,61198.6,1394.4,62593.0,7002.2,55590.8,40409.0,15177.7,25231.3,4818.6,18017.7,3.44,52315.9,165.15,8328.349609,173.4,8591.25,4.995458673932788,3.1566925422522716,Outperform,ENERGY
100,100,2016-04-01,POWERGRID,57600.7,2014.2,59614.9,6662.5,52952.4,38179.0,14773.4,23405.6,4341.2,15990.5,3.06,52315.9,138.3,7713.049805,163.1,8287.75,17.93203181489514,7.451011072526069,Outperform,ENERGY
101,101,2017-07-01,ULTRACEMCO,75202.8,1651.7,76854.5,59602.1,17252.4,15967.5,1284.9,14682.6,3963.4,8906.2,32.44,2745.2,3998.85,9615.0,,,,,,CEMENT & CEMENT PRODUCTS
102,102,2017-07-01,ASIANPAINT,35945.7,861.4,36807.1,29974.9,6832.2,6789.3,42.9,6746.4,2022.3,4009.5,4.18,959.2,1120.25,9615.0,,,,,,CONSUMER GOODS
103,103,2017-04-01,ASIANPAINT,37621.5,849.9,38471.4,31230.2,7241.2,7184.3,56.9,7127.4,2038.3,4408.2,4.6,959.2,1089.85,9237.849609,1102.95,9520.900391,1.2020002752672514,3.0640332326284616,Underperform,CONSUMER GOODS
104,104,2017-01-01,ASIANPAINT,32410.8,523.7,32934.5,25701.5,7233.0,7187.1,45.9,7141.2,2183.2,4258.3,4.44,959.2,904.65,8179.5,1089.85,9237.849609,20.472005748079358,12.939050174216039,Outperform,CONSUMER GOODS
105,105,2016-10-01,ASIANPAINT,31020.1,847.7,31867.8,24707.6,7160.2,7116.2,44.0,7072.2,2032.8,4352.7,4.54,959.2,1193.0,8738.099609,891.05,8185.799805,-25.310142497904447,-6.320594050348745,Underperform,CONSUMER GOODS
106,106,2016-07-01,ASIANPAINT,29837.4,787.7,30625.1,22536.1,8089.0,8047.2,41.8,8005.4,2295.2,5011.8,5.23,959.2,1002.5,8328.349609,1167.35,8591.25,16.443890274314207,3.1566925422522716,Outperform,CONSUMER GOODS
107,107,2017-04-01,BPCL,660232.0,6623.9,666856.0,638110.0,28746.6,27271.5,1475.1,25796.4,3616.3,18416.8,14.04,13112.5,638.4,9237.849609,639.4,9520.900391,0.15664160401002508,3.0640332326284616,Underperform,ENERGY
108,108,2017-01-01,BPCL,535427.0,5510.5,540938.0,502262.0,38675.2,37326.7,1348.5,35978.2,9771.2,22719.4,15.71,14461.7,640.5,8179.5,638.4,9237.849609,-0.32786885245902003,12.939050174216039,Underperform,ENERGY
109,109,2016-10-01,BPCL,446927.0,10223.4,457151.0,433114.0,24037.1,23013.0,1024.1,21988.9,5437.4,13051.8,9.03,14461.7,627.75,8738.099609,635.5,8185.799805,1.2345679012345678,-6.320594050348745,Outperform,ENERGY
110,110,2016-07-01,BPCL,469387.0,3649.0,473036.0,430195.0,42840.9,41729.9,1111.0,40618.9,11210.0,26205.0,18.12,7230.8,1091.95,8328.349609,610.15,8591.25,-44.12289940015569,3.1566925422522716,Underperform,ENERGY
111,111,2016-04-01,BPCL,441971.0,6945.6,448916.0,407075.0,41841.4,39408.0,2433.4,36974.6,9482.0,25490.8,35.25,7230.8,887.25,7713.049805,1072.15,8287.75,20.83967314736547,7.451011072526069,Outperform,ENERGY
112,112,2017-07-01,VEDL,93780.0,5680.0,99460.0,80910.0,18550.0,7520.0,11030.0,-3510.0,120.0,340.0,0.04,3720.0,254.3,9615.0,,,,,,METALS
113,113,2017-04-01,VEDL,116214.0,78997.5,195211.0,96707.5,98503.6,123514.0,10203.6,113310.4,-418.1,117005.0,22.05,2965.0,272.7,9237.849609,249.05,9520.900391,-8.672533920058664,3.0640332326284616,Underperform,METALS
114,114,2017-01-01,VEDL,85408.1,5847.9,91256.0,71652.5,19603.5,9600.4,10003.1,-402.7,12.8,6482.5,2.19,2965.0,220.95,8179.5,272.7,9237.849609,23.421588594704684,12.939050174216039,Outperform,METALS
115,115,2016-10-01,VEDL,66487.3,2181.1,68668.4,58529.1,10139.3,428.1,9711.2,-9283.1,0.0,-2746.5,-0.93,2965.0,178.75,8738.099609,216.15,8185.799805,20.923076923076927,-6.320594050348745,Outperform,METALS
116,116,2016-07-01,VEDL,71436.9,510.4,71947.3,61049.2,10898.1,1824.2,9073.9,-7249.7,0.0,-1197.9,-0.4,2965.0,135.2,8328.349609,168.6,8591.25,24.704142011834325,3.1566925422522716,Outperform,METALS
117,117,2017-07-01,INDUSINDBK,41355.1,11672.6,53027.7,13527.9,15885.3,0.0,23614.5,-23614.5,4420.1,8365.5,13.98,5985.2,1490.95,9615.0,,,,,,FINANCIAL SERVICES
118,118,2017-04-01,INDUSINDBK,38300.1,12113.0,50413.1,13065.2,15722.3,0.0,21625.6,-21625.6,3904.9,7516.1,12.57,5981.5,1403.45,9237.849609,1478.95,9520.900391,5.379600270761339,3.0640332326284616,Outperform,FINANCIAL SERVICES
119,119,2017-01-01,INDUSINDBK,36993.3,10168.0,47161.3,12318.8,13633.4,11464.9,21209.1,-9744.2,3958.5,7506.4,12.57,5974.2,1087.45,8179.5,1403.45,9237.849609,29.058807301485125,12.939050174216039,Outperform,FINANCIAL SERVICES
120,120,2016-10-01,INDUSINDBK,34693.0,9704.2,44397.2,11490.8,12816.5,0.0,20089.9,-20089.9,3635.1,7042.6,11.81,5969.2,1232.9,8738.099609,1107.9,8185.799805,-10.138697380160595,-6.320594050348745,Underperform,FINANCIAL SERVICES
121,121,2016-07-01,INDUSINDBK,32916.9,9729.7,42646.6,10956.0,12337.9,10033.2,19352.7,-9319.5,3419.4,6613.8,11.11,5958.7,1123.35,8328.349609,1197.85,8591.25,6.631949080874173,3.1566925422522716,Outperform,FINANCIAL SERVICES
122,122,2017-04-01,ADANIPORTS,12348.5,6583.5,18932.0,4893.3,14038.7,10655.2,3383.5,7271.7,918.3,8374.9,4.04,4141.9,342.1,9237.849609,363.05,9520.900391,6.123940368313355,3.0640332326284616,Outperform,SERVICES
123,123,2017-01-01,ADANIPORTS,13245.0,2833.6,16078.6,3993.5,12085.1,9445.4,2639.7,6805.7,643.4,7443.4,3.59,4141.9,273.8,8179.5,342.1,9237.849609,24.94521548575603,12.939050174216039,Outperform,SERVICES
124,124,2016-10-01,ADANIPORTS,13018.7,3344.6,16363.3,3115.6,13247.7,10685.7,2562.0,8123.7,185.9,9166.7,4.43,4141.9,264.5,8738.099609,268.45,8185.799805,1.4933837429111487,-6.320594050348745,Outperform,SERVICES
125,125,2016-07-01,ADANIPORTS,10551.6,2720.0,13271.6,3339.2,9932.4,7550.2,2382.2,5168.0,168.4,6028.4,2.91,4141.9,204.3,8328.349609,256.8,8591.25,25.697503671071953,3.1566925422522716,Outperform,SERVICES
126,126,2016-04-01,ADANIPORTS,9456.7,3514.6,12971.3,3482.1,9489.2,7198.0,2291.2,4906.8,342.5,5662.0,2.73,4141.9,242.9,7713.049805,206.85,8287.75,-14.841498559077813,7.451011072526069,Underperform,SERVICES
127,127,2017-04-01,EICHERMOT,21289.0,550.4,21839.4,15378.7,6460.7,6453.9,6.8,6447.1,1908.6,4115.6,151.26,272.1,25543.65,9237.849609,27039.4,9520.900391,5.8556627576716735,3.0640332326284616,Outperform,AUTOMOBILE
128,128,2017-01-01,EICHERMOT,18335.9,589.9,18925.8,12507.7,6418.1,6411.0,7.1,6403.9,1904.3,4151.9,152.63,272.0,22523.95,8179.5,25543.65,9237.849609,13.406618288532874,12.939050174216039,Outperform,AUTOMOBILE
129,129,2016-10-01,EICHERMOT,17624.9,664.6,18289.5,12101.0,6188.5,6181.0,7.5,6173.5,1861.7,3961.6,145.71,272.0,25796.25,8738.099609,21803.05,8185.799805,-15.47976934631972,-6.320594050348745,Underperform,AUTOMOBILE
130,130,2016-07-01,EICHERMOT,15574.7,468.2,16042.9,10776.8,5266.1,5259.6,6.5,5253.1,1495.1,3371.0,124.11,271.6,19155.1,8328.349609,24918.35,8591.25,30.08728745869246,3.1566925422522716,Outperform,AUTOMOBILE
131,131,2016-04-01,EICHERMOT,15449.6,806.9,16256.5,10829.2,5427.3,5424.6,2.7,5421.9,1457.1,3593.2,132.3,271.6,19254.05,7713.049805,19222.4,8287.75,-0.16438100036095168,7.451011072526069,Underperform,AUTOMOBILE
132,132,2017-07-01,BAJAJ-AUTO,58541.9,4572.8,63114.7,49158.4,13956.3,13633.9,2.4,13631.5,3642.0,9239.3,31.9,2893.7,2789.35,9615.0,,,,,,AUTOMOBILE
133,133,2017-04-01,BAJAJ-AUTO,52128.3,2936.0,55064.3,43068.5,11995.8,11993.4,2.4,11991.0,3218.2,8018.2,27.7,2893.7,2783.6,9237.849609,2791.2,9520.900391,0.2730277338698056,3.0640332326284616,Underperform,AUTOMOBILE
134,134,2017-01-01,BAJAJ-AUTO,50668.9,3192.9,53861.8,40229.8,13632.0,13629.4,2.6,13626.8,3611.5,9246.2,32.0,2893.7,2598.5,8179.5,2783.6,9237.849609,7.123340388685778,12.939050174216039,Underperform,AUTOMOBILE
135,135,2016-10-01,BAJAJ-AUTO,60545.2,3420.2,63965.4,47583.9,16381.5,16374.7,6.8,16367.9,4377.7,11227.5,38.8,2893.7,2880.9,8738.099609,2632.2,8185.799805,-8.632718941997302,-6.320594050348745,Underperform,AUTOMOBILE
136,136,2016-07-01,BAJAJ-AUTO,57479.5,2670.6,60150.1,45716.2,14433.9,14431.7,2.2,14429.5,3873.3,9783.7,33.8,2893.7,2671.25,8328.349609,2846.4,8591.25,6.556855404773049,3.1566925422522716,Outperform,AUTOMOBILE
137,137,2017-07-01,YESBANK,46538.0,11321.6,57859.6,12368.9,17042.0,0.0,28448.7,-28448.7,4529.0,9655.2,21.12,4574.9,1492.75,9615.0,,,,,,FINANCIAL SERVICES
138,138,2017-04-01,YESBANK,43489.9,12573.9,56063.8,12061.1,16909.8,0.0,27092.9,-27092.9,4671.3,9141.1,21.57,4564.9,1538.85,9237.849609,1463.5,9520.900391,-4.896513630308341,3.0640332326284616,Underperform,FINANCIAL SERVICES
139,139,2017-01-01,YESBANK,42316.1,9983.5,52299.6,10520.4,14538.1,13384.3,27241.1,-13856.8,4558.0,8826.3,20.89,4229.8,1144.65,8179.5,1538.85,9237.849609,34.43847464290393,12.939050174216039,Outperform,FINANCIAL SERVICES
140,140,2016-10-01,YESBANK,40943.8,8878.5,49822.3,9480.6,13859.6,0.0,26482.1,-26482.1,4227.5,8015.4,19.03,4216.6,1270.25,8738.099609,1156.45,8185.799805,-8.958866364888799,-6.320594050348745,Underperform,FINANCIAL SERVICES
141,141,2016-07-01,YESBANK,38623.1,9005.2,47628.3,9103.3,13067.7,11001.4,25457.3,-14455.9,3683.4,7318.0,17.39,4210.9,1129.7,8328.349609,1230.8,8591.25,8.949278569531725,3.1566925422522716,Outperform,FINANCIAL SERVICES
142,142,2017-07-01,HEROMOTOCO,86129.1,1317.0,87446.1,73170.0,14276.1,14260.3,15.8,14244.5,3790.4,9140.4,45.77,399.4,3776.1,9615.0,,,,,,AUTOMOBILE
143,143,2017-04-01,HEROMOTOCO,74880.8,1182.3,76063.1,65305.2,10757.9,10743.1,14.8,10728.3,2212.6,7177.5,35.94,399.4,3202.15,9237.849609,3701.35,9520.900391,15.58952578736161,3.0640332326284616,Outperform,AUTOMOBILE
144,144,2017-01-01,HEROMOTOCO,63646.0,1319.3,64965.3,52848.6,12116.7,12101.5,15.2,12086.3,3132.5,7720.5,38.66,399.4,3030.55,8179.5,3202.15,9237.849609,5.662338519410665,12.939050174216039,Underperform,AUTOMOBILE
145,145,2016-10-01,HEROMOTOCO,77962.8,1523.6,79486.4,64274.1,15212.3,15196.8,15.5,15181.3,3962.1,10042.2,50.29,399.4,3521.15,8738.099609,3043.65,8185.799805,-13.560910497990713,-6.320594050348745,Underperform,AUTOMOBILE
146,146,2016-07-01,HEROMOTOCO,73989.1,1203.8,75192.9,61688.3,13504.6,13489.6,15.0,13474.6,3506.2,8831.0,44.22,399.4,3186.05,8328.349609,3428.25,8591.25,7.601889486982308,3.1566925422522716,Outperform,AUTOMOBILE
147,147,2017-04-01,BOSCHLTD,27802.0,1310.4,29112.4,20764.9,8347.5,8115.3,232.2,7883.1,2218.9,4404.7,144.3,305.2,22635.75,9237.849609,23327.25,9520.900391,3.054902090719327,3.0640332326284616,Underperform,AUTOMOBILE
148,148,2017-01-01,BOSCHLTD,26719.6,1634.3,28353.9,24052.5,4301.4,4284.5,16.9,4267.6,843.1,2181.9,70.7,305.2,21096.1,8179.5,22635.75,9237.849609,7.298268400320445,12.939050174216039,Underperform,AUTOMOBILE
149,149,2016-10-01,BOSCHLTD,26115.4,2107.1,28222.5,21421.7,6800.8,6791.1,9.7,6781.4,1672.7,7037.4,224.1,314.0,22752.95,8738.099609,21049.95,8185.799805,-7.484743736526473,-6.320594050348745,Underperform,AUTOMOBILE
150,150,2016-07-01,BOSCHLTD,25195.5,1788.8,26984.3,20684.5,6299.8,6287.1,12.7,6274.4,1678.7,3787.2,120.6,314.0,22684.3,8328.349609,22634.2,8591.25,-0.2208575975454325,3.1566925422522716,Underperform,AUTOMOBILE
151,151,2016-04-01,BOSCHLTD,27145.3,1017.4,28162.7,21310.8,6851.9,6851.9,0.0,6851.9,1852.8,3760.4,119.7,314.0,19888.55,7713.049805,22648.75,8287.75,13.878337033117047,7.451011072526069,Outperform,AUTOMOBILE
152,152,2017-07-01,INFRATEL,15934.0,10149.0,26083.0,8118.0,17965.0,18979.0,-1014.0,19993.0,2046.0,13983.0,7.56,18496.0,397.75,9615.0,,,,,,TELECOM
153,153,2017-04-01,INFRATEL,16053.0,190.0,16243.0,8357.0,7886.0,8117.0,-231.0,8348.0,1901.0,3249.0,1.76,18496.0,329.55,9237.849609,374.55,9520.900391,13.654984069185252,3.0640332326284616,Outperform,TELECOM
154,154,2017-01-01,INFRATEL,15300.0,1661.0,16961.0,8244.0,8717.0,8717.0,0.0,8717.0,2104.0,3679.0,1.99,18496.0,344.2,8179.5,329.55,9237.849609,-4.256246368390464,12.939050174216039,Underperform,TELECOM
155,155,2016-10-01,INFRATEL,14963.0,3249.0,18212.0,8073.0,10139.0,10139.0,0.0,10139.0,1909.0,5353.0,2.86,18496.0,362.75,8738.099609,343.45,8185.799805,-5.320468642315648,-6.320594050348745,Outperform,TELECOM
156,156,2017-04-01,GAIL,136741.0,4677.1,141418.0,121188.0,20230.5,12130.5,219.6,11910.9,6057.7,2601.6,1.54,16913.0,384.75,9237.849609,361.45,9520.900391,-6.055880441845358,3.0640332326284616,Underperform,ENERGY
157,157,2017-01-01,GAIL,121324.0,2756.0,124080.0,104064.0,20016.6,18415.3,1601.3,16814.0,5007.0,9829.2,7.75,12684.8,435.15,8179.5,384.75,9237.849609,-11.582213029989655,12.939050174216039,Underperform,ENERGY
158,158,2016-10-01,GAIL,118774.0,3168.7,121942.0,103426.0,18516.1,17317.8,1198.3,16119.5,4508.2,9246.5,7.29,12684.8,385.85,8738.099609,439.2,8185.799805,13.826616560839696,-6.320594050348745,Outperform,ENERGY
159,159,2016-07-01,GAIL,107067.0,6054.0,113121.0,91134.3,21986.8,20212.4,1774.4,18438.0,3506.2,13351.8,10.53,12684.8,395.35,8328.349609,363.45,8591.25,-8.068799797647662,3.1566925422522716,Underperform,ENERGY
160,160,2016-04-01,GAIL,117324.0,2204.6,119528.0,105087.0,14441.5,12895.3,1546.2,11349.1,1698.8,7699.9,6.07,12684.8,347.7,7713.049805,385.15,8287.75,10.770779407535233,7.451011072526069,Outperform,ENERGY
161,161,2017-04-01,TATASTEEL,171131.0,465.1,171596.0,127522.0,44074.7,33124.9,6529.2,26595.7,8400.4,14149.6,14.12,9714.1,485.85,9237.849609,545.75,9520.900391,12.32890809920757,3.0640332326284616,Outperform,METALS
162,162,2017-01-01,TATASTEEL,126318.0,978.0,127296.0,92529.9,34766.6,26653.8,7697.2,18956.6,5913.4,12046.0,12.1,9714.1,406.75,8179.5,485.85,9237.849609,19.446834665027662,12.939050174216039,Outperform,METALS
163,163,2016-10-01,TATASTEEL,106018.0,1646.5,107664.0,86870.0,20794.2,12784.1,7367.2,5416.9,1172.0,2495.6,1.97,9714.1,382.85,8738.099609,391.25,8185.799805,2.194070784902697,-6.320594050348745,Outperform,METALS
164,164,2016-07-01,TATASTEEL,91204.8,1055.0,92259.8,68991.2,23268.6,16422.0,5291.9,11130.1,3638.0,5754.3,5.63,9714.1,328.1,8328.349609,368.8,8591.25,12.404754647973174,3.1566925422522716,Outperform,METALS
165,165,2016-04-01,TATASTEEL,105217.0,1263.1,106480.0,83582.9,22896.9,15795.5,3829.3,11966.2,4100.4,6766.0,6.52,9714.1,317.75,7713.049805,321.95,8287.75,1.3217938630999178,7.451011072526069,Underperform,METALS
166,166,2017-07-01,AMBUJACEM,32602.2,559.9,33162.1,26092.0,7070.1,6905.1,165.0,6740.1,1543.9,3922.3,1.98,3971.3,247.45,9615.0,,,,,,CEMENT & CEMENT PRODUCTS
167,167,2017-04-01,AMBUJACEM,29224.0,1019.4,30243.4,25283.1,4960.3,4583.3,377.0,4206.3,658.1,2465.4,1.24,3971.3,237.55,9237.849609,246.55,9520.900391,3.788676068196169,3.0640332326284616,Outperform,CEMENT & CEMENT PRODUCTS
168,168,2017-01-01,AMBUJACEM,22310.3,410.8,22721.1,19019.5,3701.6,3565.3,136.3,3429.0,243.9,1758.8,0.89,3971.3,214.6,8179.5,237.55,9237.849609,10.69431500465984,12.939050174216039,Underperform,CEMENT & CEMENT PRODUCTS
169,169,2016-10-01,AMBUJACEM,20314.4,2231.8,22546.2,17282.8,5263.4,5071.9,191.5,4880.4,706.8,2770.2,1.4,3971.3,258.9,8738.099609,206.3,8185.799805,-20.316724604094233,-6.320594050348745,Underperform,CEMENT & CEMENT PRODUCTS
170,170,2017-07-01,ZEEL,13025.7,3823.0,16848.7,8403.1,8445.6,8302.6,143.0,8159.6,2326.5,5765.2,6.0,960.4,490.5,9615.0,,,,,,MEDIA & ENTERTAINMENT
171,171,2017-04-01,ZEEL,11989.0,691.4,12680.4,7582.8,5097.6,4490.9,1076.9,3414.0,1660.9,2620.7,2.73,960.4,528.55,9237.849609,491.35,9520.900391,-7.038123167155414,3.0640332326284616,Underperform,MEDIA & ENTERTAINMENT
172,172,2017-01-01,ZEEL,12758.5,-164.9,12593.6,7726.3,4867.3,4805.0,62.3,4742.7,1874.2,2738.9,2.85,960.4,451.6,8179.5,528.55,9237.849609,17.039415411868895,12.939050174216039,Outperform,MEDIA & ENTERTAINMENT
173,173,2016-10-01,ZEEL,12750.8,848.2,13599.0,8514.8,5084.2,5021.8,62.4,4959.4,1558.0,3277.4,3.41,960.4,578.85,8738.099609,453.05,8185.799805,-21.73274596182085,-6.320594050348745,Underperform,MEDIA & ENTERTAINMENT
174,174,2017-07-01,IBULHSGFIN,27892.8,2606.39,30499.2,3362.84,27136.4,9953.75,17182.7,-7228.95,2550.63,7340.54,17.31,848.7,1075.3,9615.0,,,,,,FINANCIAL SERVICES
175,175,2017-04-01,IBULHSGFIN,28124.8,2886.79,31011.6,4340.52,26671.1,9563.59,17107.5,-7543.91,1289.16,8217.03,19.39,847.71,995.9,9237.849609,1076.15,9520.900391,8.058037955618046,3.0640332326284616,Outperform,FINANCIAL SERVICES
176,176,2017-01-01,IBULHSGFIN,25146.9,4131.59,29278.5,2983.46,26295.0,10185.9,16109.1,-5923.2,2602.21,7530.97,17.8,847.5,678.65,8179.5,995.9,9237.849609,46.74721874309291,12.939050174216039,Outperform,FINANCIAL SERVICES
177,177,2016-10-01,IBULHSGFIN,23969.9,3633.7,27603.6,2946.17,24657.5,8583.85,16073.6,-7489.75,2123.26,6411.07,15.2,843.79,855.25,8738.099609,650.25,8185.799805,-23.9695995323005,-6.320594050348745,Underperform,FINANCIAL SERVICES
178,178,2017-04-01,HINDALCO,117471.0,2225.7,119697.0,103998.0,15698.1,10286.8,5411.3,4875.5,1456.8,5025.2,2.4,2227.2,193.6,9237.849609,190.95,9520.900391,-1.3688016528925648,3.0640332326284616,Underperform,METALS
179,179,2017-01-01,HINDALCO,93135.6,2199.7,95335.3,81283.4,14051.9,8172.9,5879.0,2293.9,1389.5,3205.6,1.56,2050.1,158.85,8179.5,193.6,9237.849609,21.87598363235757,12.939050174216039,Outperform,METALS
180,180,2016-10-01,HINDALCO,90122.8,3363.9,93486.7,78559.0,14927.7,9833.9,5942.7,3891.2,1928.5,4397.4,2.14,2049.1,154.1,8738.099609,155.05,8185.799805,0.6164828033744433,-6.320594050348745,Outperform,METALS
181,181,2016-07-01,HINDALCO,75973.4,2184.2,78157.6,64648.4,13509.2,7513.5,5995.7,1517.8,1188.7,2942.7,1.44,2048.9,124.75,8328.349609,150.0,8591.25,20.240480961923847,3.1566925422522716,Outperform,METALS
182,182,2016-04-01,HINDALCO,86675.2,2041.4,88716.6,75010.9,13705.7,7958.8,5746.9,2211.9,983.2,3563.3,1.73,2065.2,86.65,7713.049805,122.85,8287.75,41.777264858626644,7.451011072526069,Outperform,METALS
183,183,2017-04-01,LUPIN,29264.2,392.9,29657.1,22573.1,7084.0,7006.0,78.0,6928.0,465.8,5490.5,12.16,903.2,1434.6,9237.849609,1059.85,9520.900391,-26.122264045727032,3.0640332326284616,Underperform,PHARMA
184,184,2017-01-01,LUPIN,32955.2,896.1,33851.3,20611.0,13240.3,13151.9,88.4,13063.5,3631.8,8594.7,19.06,902.9,1505.75,8179.5,1434.6,9237.849609,-4.725219990038194,12.939050174216039,Underperform,PHARMA
185,185,2016-10-01,LUPIN,29512.8,189.5,29702.3,20473.5,9228.9,9219.5,9.4,9210.1,1824.6,6530.8,14.49,902.3,1493.55,8738.099609,1486.95,8185.799805,-0.4419001707341508,-6.320594050348745,Outperform,PHARMA
186,186,2016-07-01,LUPIN,35516.9,749.0,36265.9,20150.2,16115.7,16074.3,41.4,16032.9,4455.1,10797.3,23.96,901.8,1552.85,8328.349609,1468.3,8591.25,-5.444827253115236,3.1566925422522716,Underperform,PHARMA
187,187,2016-04-01,LUPIN,32685.1,265.2,32950.3,19122.0,13828.3,13723.9,104.4,13619.5,3676.0,9249.3,20.54,901.2,1464.85,7713.049805,1539.7,8287.75,5.109738198450363,7.451011072526069,Underperform,PHARMA
188,188,2017-04-01,CIPLA,26951.7,305.7,27257.4,25124.2,2133.2,2093.0,40.2,2052.8,582.7,258.6,0.32,1609.0,592.65,9237.849609,555.6,9520.900391,-6.2515818780055605,3.0640332326284616,Underperform,PHARMA
189,189,2017-01-01,CIPLA,26750.0,446.8,27196.8,21430.2,5766.6,5613.5,153.1,5460.4,852.1,3412.3,4.25,1608.8,566.0,8179.5,592.65,9237.849609,4.708480565371022,12.939050174216039,Underperform,PHARMA
190,190,2016-10-01,CIPLA,28139.9,327.7,28467.6,23621.9,4845.7,4777.7,68.0,4709.7,195.9,3292.4,4.1,1608.4,588.85,8738.099609,568.8,8185.799805,-3.4049418357816204,-6.320594050348745,Outperform,PHARMA
191,191,2016-07-01,CIPLA,27412.4,311.9,27724.3,23208.2,4516.1,4386.9,129.2,4257.7,489.8,2787.5,3.47,1607.2,508.6,8328.349609,602.85,8591.25,18.531262288635467,3.1566925422522716,Outperform,PHARMA
192,192,2016-04-01,CIPLA,27408.9,517.5,27926.4,26360.8,1565.6,1306.1,259.5,1046.6,-187.5,346.2,0.43,1606.8,514.55,7713.049805,501.0,8287.75,-2.6333689631716948,7.451011072526069,Underperform,PHARMA
193,193,2017-04-01,AUROPHARMA,24200.9,512.2,24713.1,18401.0,6312.1,6221.5,90.6,6130.9,933.1,4554.6,7.78,585.9,682.95,9237.849609,684.6,9520.900391,0.2415989457500516,3.0640332326284616,Underperform,PHARMA
194,194,2017-01-01,AUROPHARMA,25213.7,291.0,25504.7,18869.9,6634.8,6532.8,102.0,6430.8,1411.2,4410.2,7.53,585.2,675.5,8179.5,682.95,9237.849609,1.1028867505551507,12.939050174216039,Underperform,PHARMA
195,195,2016-10-01,AUROPHARMA,24101.6,347.2,24448.8,18170.7,6278.1,6158.8,119.3,6039.5,1253.9,4192.4,7.16,585.2,870.0,8738.099609,669.3,8185.799805,-23.06896551724139,-6.320594050348745,Underperform,PHARMA
196,196,2016-07-01,AUROPHARMA,23897.6,209.0,24106.6,18232.7,5873.9,5734.2,139.7,5594.5,1119.9,3910.3,6.68,585.2,746.25,8328.349609,825.25,8591.25,10.586264656616414,3.1566925422522716,Outperform,PHARMA
197,197,2016-04-01,AUROPHARMA,24058.5,139.9,24198.4,17971.7,6226.7,6065.1,161.6,5903.5,1315.5,4078.5,6.97,585.2,729.9,7713.049805,742.5,8287.75,1.7262638717632586,7.451011072526069,Underperform,PHARMA
198,198,2017-07-01,TECHM,57535.4,3954.7,61490.1,49772.1,11718.0,11545.8,172.2,11373.6,2113.4,7953.8,8.17,4875.1,381.25,9615.0,,,,,,IT
199,199,2017-04-01,TECHM,59235.8,1585.7,60821.5,51214.8,9606.7,9487.2,119.5,9367.7,1853.4,5857.4,6.03,4867.7,453.1,9237.849609,382.0,9520.900391,-15.69190024277202,3.0640332326284616,Underperform,IT
200,200,2017-01-01,TECHM,59128.6,1783.4,60912.0,48913.6,11998.4,11796.4,202.0,11594.4,1730.9,8518.9,8.78,4862.6,488.0,8179.5,453.1,9237.849609,-7.151639344262291,12.939050174216039,Underperform,IT
201,201,2016-10-01,TECHM,56821.9,3810.2,60632.1,47657.4,12974.7,12804.6,170.1,12634.5,2604.4,8722.1,8.99,4856.8,420.7,8738.099609,488.9,8185.799805,16.211076776800567,-6.320594050348745,Outperform,IT
202,202,2016-07-01,TECHM,56467.6,1750.1,58217.7,47150.3,11067.4,10921.1,146.3,10774.8,2125.3,7374.8,7.61,4852.6,511.4,8328.349609,427.15,8591.25,-16.47438404380133,3.1566925422522716,Underperform,IT
203,203,2017-07-01,DRREDDY,20897.0,488.0,21385.0,19413.0,1972.0,1808.0,164.0,1644.0,-29.0,-73.0,-0.44,829.0,2682.55,9615.0,,,,,,PHARMA
204,204,2017-04-01,BANKBARODA,108752.0,19772.8,128524.0,25389.7,30201.7,0.0,72933.0,-72933.0,2424.8,1547.2,0.67,4620.9,172.4,9237.849609,161.65,9520.900391,-6.235498839907192,3.0640332326284616,Underperform,FINANCIAL SERVICES
205,205,2017-01-01,BANKBARODA,104061.0,17749.6,121810.0,23141.1,25952.1,5157.1,72717.2,-67560.1,2630.4,2526.7,1.1,4620.9,148.9,8179.5,172.4,9237.849609,15.782404298186705,12.939050174216039,Outperform,FINANCIAL SERVICES
206,206,2016-10-01,BANKBARODA,104852.0,15614.3,120466.0,22973.3,26902.0,8943.6,70590.7,-61647.1,3422.4,5521.2,2.39,4620.9,168.9,8738.099609,153.4,8185.799805,-9.177027827116637,-6.320594050348745,Underperform,FINANCIAL SERVICES
207,207,2016-07-01,BANKBARODA,104335.0,14443.9,118779.0,21459.9,26694.9,6654.2,70624.3,-63970.1,2418.0,4236.2,1.84,4620.9,156.6,8328.349609,161.9,8591.25,3.3844189016602884,3.1566925422522716,Outperform,FINANCIAL SERVICES
208,208,2016-04-01,BANKBARODA,110144.0,17746.8,127891.0,25326.3,25724.6,0.0,76839.7,-76839.7,-10550.6,-32301.4,-14.02,4620.9,152.8,7713.049805,153.95,8287.75,0.7526178010471055,7.451011072526069,Underperform,FINANCIAL SERVICES
209,209,2017-07-01,ACC,39585.7,259.6,39845.3,33231.4,6613.9,6388.9,225.0,6163.9,1550.3,3217.5,17.13,1879.9,1587.6,9615.0,,,,,,CEMENT & CEMENT PRODUCTS
210,210,2017-04-01,ACC,36310.5,357.2,36667.7,32149.1,4518.6,4266.9,251.7,4015.2,501.7,2115.0,11.26,1879.9,1461.95,9237.849609,1568.05,9520.900391,7.257430144669784,3.0640332326284616,Outperform,CEMENT & CEMENT PRODUCTS
211,211,2017-01-01,ACC,27313.2,167.9,27481.1,24771.0,2710.1,2097.2,184.8,1912.4,-64.1,482.8,2.57,1879.9,1351.9,8179.5,1461.95,9237.849609,8.140394999630146,12.939050174216039,Underperform,CEMENT & CEMENT PRODUCTS
212,212,2016-10-01,ACC,25191.9,257.7,25449.6,22458.2,2991.4,2794.4,197.0,2597.4,424.0,841.0,4.48,1879.9,1631.95,8738.099609,1331.05,8185.799805,-18.438064891693987,-6.320594050348745,Underperform,CEMENT & CEMENT PRODUCTS
213,213,2016-07-01,ACC,29172.3,212.3,29384.6,24606.6,4778.0,4594.7,183.3,4411.4,806.4,2378.3,12.67,1879.9,1617.4,8328.349609,1588.4,8591.25,-1.7930011128972425,3.1566925422522716,Underperform,CEMENT & CEMENT PRODUCTS
214,214,2017-04-01,TATAPOWER,18904.9,1551.6,20456.5,14290.4,6166.1,-3372.5,3624.1,-6996.6,961.9,-5934.2,-2.3,2705.0,89.2,9237.849609,80.55,9520.900391,-9.697309417040364,3.0640332326284616,Underperform,ENERGY
215,215,2017-01-01,TATAPOWER,17333.8,1948.5,19282.3,13027.2,6255.1,3277.0,3488.1,-211.1,-1162.4,2826.2,0.94,2705.0,75.4,8179.5,89.2,9237.849609,18.302387267904503,12.939050174216039,Outperform,ENERGY
216,216,2016-10-01,TATAPOWER,17203.7,4929.4,22133.1,11857.7,10275.4,7803.3,3202.1,4601.2,1751.2,4473.4,1.55,2704.8,76.45,8738.099609,75.9,8185.799805,-0.7194244604316509,-6.320594050348745,Outperform,ENERGY
217,217,2016-07-01,TATAPOWER,18738.2,1255.4,19993.6,12455.5,7538.1,3695.6,2642.5,1053.1,676.1,1469.1,0.44,2704.8,74.35,8328.349609,73.65,8591.25,-0.9414929388029436,3.1566925422522716,Underperform,ENERGY
218,218,2016-04-01,TATAPOWER,20420.4,1258.5,21678.9,14295.8,7383.1,2320.3,2818.0,-497.7,110.4,517.2,0.05,2704.8,65.2,7713.049805,73.35,8287.75,12.499999999999984,7.451011072526069,Outperform,ENERGY
