,stock_ticker,Year,Sales Turnover,Other Income,Total Income,Total Expenses,Operating profit,Gross Profit,Interest,PBDT,Depreciation,PBT,Tax,Net Profit,Earnings Per Share,Equity,Preference Capital,Reserves,Face Value
0,kotakbank,MAR'17,"1,76,989.00","34,771.60","2,11,761.00","56,185.00","59,848.10",0.00,"95,727.80","-95,727.80",0.00,"51,480.70","17,365.70","34,115.00",18.57,"9,204.50",0.00,"2,66,956.00",5.00
1,kotakbank,MAR'16,"1,63,842.00","26,122.30","1,89,964.00","54,715.20","40,410.90",0.00,"94,838.10","-94,838.10",0.00,"31,237.20","10,339.40","20,897.80",11.42,"9,171.90",0.00,"2,30,419.00",5.00
2,kotakbank,MAR'15,"97,198.70","20,284.50","1,17,483.00","32,547.30","29,974.60",0.00,"54,961.30","-54,961.30",0.00,"28,329.60","9,669.80","18,659.80",24.20,"3,861.80",0.00,"1,37,549.00",5.00
3,kotakbank,MAR'14,"87,671.20","13,997.10","1,01,668.00","25,426.10","25,771.50","22,724.50","50,470.70","-27,746.20",0.00,"22,724.50","7,699.30","15,025.20",19.62,"3,851.60",0.00,"1,18,899.00",5.00
4,kotakbank,MAR'13,"80,424.90","11,606.70","92,031.60","22,097.30","21,566.10","19,720.60","48,368.20","-28,647.60",0.00,"19,720.60","6,113.40","13,607.20",18.31,"3,733.10",0.00,"90,736.50",5.00
0,icicibank,MAR'17,"5,41,563.00","1,95,045.00","7,36,608.00","1,47,551.00","2,64,867.00",0.00,"3,24,190.00","-3,24,190.00",0.00,"1,12,786.00","14,775.20","98,010.90",16.84,"11,651.10",0.00,"9,57,376.00",2.00
1,icicibank,MAR'16,"5,27,394.00","1,53,230.00","6,80,625.00","1,26,836.00","2,38,635.00","1,21,957.00","3,15,154.00","-1,93,197.00",0.00,"1,21,957.00","24,694.30","97,262.90",16.75,"11,631.70",0.00,"8,57,482.00",2.00
2,icicibank,MAR'15,"4,90,911.00","1,21,761.00","6,12,673.00","1,14,958.00","1,97,199.00",0.00,"3,00,515.00","-3,00,515.00",0.00,"1,58,199.00","46,445.70","1,11,754.00",19.32,"11,596.60",0.00,"7,92,623.00",2.00
3,icicibank,MAR'14,"4,41,782.00","1,04,279.00","5,46,060.00","1,03,089.00","1,65,946.00","1,39,682.00","2,77,026.00","-1,37,344.00",0.00,"1,39,682.00","41,576.90","98,104.80",84.99,"11,550.40",0.00,"7,20,517.00",10.00
4,icicibank,MAR'13,"4,00,756.00","83,457.00","4,84,213.00","90,128.80","1,31,992.00","1,13,967.00","2,62,092.00","-1,48,125.00",0.00,"1,13,967.00","30,712.20","83,254.70",72.20,"11,536.40",0.00,"6,55,478.00",10.00
0,ioc,MAR'17,"44,53,730.00","42,085.80","44,95,820.00","41,35,920.00","3,59,896.00","3,25,442.00","34,454.30","2,90,987.70",0.00,"2,63,212.00","72,148.40","1,91,064.00",40.31,"48,559.00",0.00,"9,49,894.00",10.00
1,ioc,MAR'16,"35,06,030.00","22,463.20","35,28,490.00","33,05,210.00","2,23,281.00","2,06,923.00","30,001.00","1,76,922.00",0.00,"1,58,395.00","54,404.70","1,03,990.00",42.83,"24,279.50",0.00,"7,15,208.00",10.00
2,ioc,MAR'15,"43,75,260.00","41,440.50","44,16,700.00","42,73,790.00","1,42,911.00","1,25,240.00","34,352.70","90,887.30",0.00,"79,952.90","27,222.60","52,730.30",21.72,"24,279.50",0.00,"6,55,420.00",10.00
3,ioc,MAR'14,"47,32,100.00","34,172.90","47,66,270.00","45,76,040.00","1,90,232.00","1,56,856.00","50,844.20","1,06,011.80",0.00,"99,255.10","29,064.20","70,190.90",28.91,"24,279.50",0.00,"6,35,641.00",10.00
4,ioc,MAR'13,"44,70,960.00","35,147.90","45,06,110.00","43,33,530.00","1,72,579.00","1,08,488.00","64,091.50","44,396.50",0.00,"56,478.00","6,426.30","50,051.70",20.61,"24,279.50",0.00,"5,86,964.00",10.00
0,bhartiartl,MAR'17,"6,22,763.00","1,843.00","6,24,606.00","3,85,834.00","2,38,772.00","36,939.00","29,125.00","7,814.00",0.00,"-85,095.00","14,161.00","-99,256.00",-24.84,"19,987.00",0.00,"9,92,086.00",5.00
1,bhartiartl,MAR'16,"6,03,002.00","14,856.00","6,17,858.00","3,79,640.00","2,38,218.00","1,95,829.00","35,590.00","1,60,239.00",0.00,"1,00,398.00","24,933.00","75,465.00",18.88,"19,987.00",0.00,"8,24,460.00",5.00
2,bhartiartl,MAR'15,"5,54,964.00","51,930.00","6,06,894.00","3,60,653.00","2,46,241.00","2,32,150.00","14,091.00","2,18,059.00",0.00,"1,56,553.00","24,548.00","1,32,005.00",33.02,"19,987.00",0.00,"7,62,721.00",5.00
3,bhartiartl,MAR'14,"4,99,185.00","8,534.00","5,07,719.00","3,36,197.00","1,71,522.00","1,56,087.00","13,364.00","1,42,723.00",0.00,"83,774.00","17,772.00","66,002.00",16.51,"19,987.00",0.00,"6,47,272.00",5.00
4,bhartiartl,MAR'13,"4,53,509.00","14,631.00","4,68,140.00","3,18,802.00","1,49,338.00","1,32,815.00","16,523.00","1,16,292.00",0.00,"64,548.00","13,585.00","50,963.00",13.42,"18,988.00",0.00,"5,22,453.00",5.00
0,coalindia,MAR'17,"3,111.80","1,50,048.00","1,53,159.00","9,229.70","1,43,930.00","1,45,292.00","-1,362.30","1,46,654.30",0.00,"1,45,117.00",111.40,"1,45,005.00",23.13,"62,074.10",0.00,"77,123.90",10.00
1,coalindia,MAR'16,"1,655.30","1,71,271.00","1,72,926.00","6,538.60","1,66,388.00","1,65,287.00","1,101.10","1,64,185.90",0.00,"1,65,135.00","1,700.00","1,63,435.00",25.87,"63,163.60",0.00,0.00,10.00
2,coalindia,MAR'15,"3,871.20","1,41,434.00","1,45,305.00","6,268.60","1,39,037.00","1,36,591.00","2,438.20","1,34,152.80",0.00,"1,36,519.00","2,685.00","1,33,834.00",21.19,"63,163.60",0.00,0.00,10.00
3,coalindia,MAR'14,"3,142.50","1,60,898.00","1,64,041.00","7,186.80","1,56,854.00","1,54,269.00","2,585.40","1,51,683.60",0.00,"1,54,205.00","4,119.30","1,50,085.00",23.76,"63,163.60",0.00,"1,01,289.00",10.00
4,coalindia,MAR'13,"3,522.50","1,10,880.00","1,14,403.00","7,216.20","1,07,186.00","1,03,430.00","3,756.50","99,673.50",0.00,"1,03,380.00","5,437.10","97,943.20",15.51,"63,163.60",0.00,0.00,10.00
0,ntpc,MAR'17,"7,82,734.00","10,688.60","7,93,423.00","5,66,534.00","2,26,889.00","1,83,087.00","35,972.00","1,47,115.00",0.00,"1,23,879.00","30,026.40","93,852.60",11.38,"82,454.60",0.00,"8,79,858.00",10.00
1,ntpc,MAR'16,"7,05,068.00","11,892.70","7,16,961.00","5,29,938.00","1,87,023.00","1,54,840.00","32,303.60","1,22,536.40",0.00,"1,00,587.00","-1,842.40","1,02,429.00",12.42,"82,454.60",0.00,"8,05,365.00",10.00
2,ntpc,MAR'15,"7,32,460.00","21,163.20","7,53,624.00","5,71,604.00","1,82,019.00","1,54,583.00","27,436.20","1,27,146.80",0.00,"1,05,466.00","2,557.90","1,02,909.00",12.48,"82,454.60",0.00,"7,34,119.00",10.00
3,ntpc,MAR'14,"7,20,189.00","26,888.90","7,47,078.00","5,42,544.00","2,04,534.00","1,80,468.00","24,065.90","1,56,402.10",0.00,"1,39,046.00","29,299.10","1,09,747.00",13.31,"82,454.60",0.00,"7,75,699.00",10.00
4,ntpc,MAR'13,"6,56,739.00","31,015.80","6,87,755.00","4,85,599.00","2,02,156.00","1,99,754.00","19,243.60","1,80,510.40",0.00,"1,65,786.00","39,592.40","1,26,194.00",15.30,"82,454.60",0.00,"7,21,420.00",10.00
0,wipro,MAR'17,"4,60,478.00","25,700.00","4,86,178.00","3,64,909.00","1,21,269.00","1,17,348.00","3,921.00","1,13,427.00",0.00,"1,06,871.00","25,254.00","81,617.00",33.61,"4,861.00",0.00,"4,62,195.00",2.00
1,wipro,MAR'16,"4,47,397.00","27,209.00","4,74,606.00","3,55,819.00","1,18,787.00","1,13,509.00","5,278.00","1,08,231.00",0.00,"1,04,821.00","23,831.00","80,990.00",32.97,"4,941.00",0.00,"4,07,085.00",2.00
2,wipro,MAR'15,"4,12,872.00","24,216.00","4,37,088.00","3,20,105.00","1,16,983.00","1,13,354.00","3,629.00","1,09,725.00",0.00,"1,05,570.00","23,639.00","81,931.00",33.38,"4,937.00",0.00,0.00,2.00
3,wipro,MAR'14,"3,87,927.00","15,757.00","4,03,684.00","2,96,488.00","1,07,196.00","1,03,449.00","3,747.00","99,702.00",0.00,"96,082.00","22,208.00","73,874.00",30.09,"4,932.00",0.00,0.00,2.00
4,wipro,MAR'13,"3,32,420.00","13,098.00","3,45,518.00","2,62,930.00","82,588.00","79,064.00","3,524.00","75,540.00",0.00,"72,051.00","15,549.00","56,502.00",23.03,"4,926.00",0.00,0.00,2.00
0,hcltech,MAR'17,"1,93,183.00","9,553.30","2,02,736.00","1,14,626.00","88,109.90","87,549.60",560.30,"86,989.30",0.00,"82,760.70","14,033.80","68,726.90",48.18,"2,853.60",0.00,0.00,2.00
1,hcltech,MAR'16,"1,34,334.00","9,687.60","1,44,021.00","83,095.30","60,925.80","60,467.60",458.20,"60,009.40",0.00,"57,676.10","10,339.30","47,336.80",33.62,"2,820.80",0.00,"2,12,268.00",2.00
2,hcltech,JUN'15,"1,71,534.00","11,994.90","1,83,529.00","1,02,938.00","80,590.90","79,984.50",606.40,"79,378.10",0.00,"76,985.30","13,525.90","63,459.50",45.17,"2,812.00",0.00,"1,91,245.00",2.00
3,hcltech,JUN'14,"1,64,974.00","6,591.20","1,71,565.00","91,864.80","79,700.10","78,883.60",816.50,"78,067.10",0.00,"73,976.60","14,130.40","59,846.20",85.49,"1,400.00",0.00,"1,56,056.00",2.00
4,hcltech,JUN'13,"1,25,178.00","3,788.40","1,28,967.00","79,270.90","49,695.70","49,866.50",764.60,"49,101.90",0.00,"45,447.40","8,400.20","37,047.20",53.16,"1,393.70",0.00,"1,00,934.00",2.00
0,tatamotors,MAR'17,"4,91,004.00","12,312.90","5,03,317.00","4,78,542.00","24,774.80","5,486.20","15,901.50","-10,415.30",0.00,"-24,207.70",592.20,"-24,799.90",-7.30,"6,792.20",0.00,"2,01,299.00",2.00
1,tatamotors,MAR'16,"4,23,698.00","21,329.20","4,45,027.00","4,00,543.00","44,484.60","26,041.40","14,811.10","11,230.30",0.00,"1,503.90",-838.40,"2,342.30",0.68,"6,791.80",0.00,"2,16,660.00",2.00
2,tatamotors,MAR'15,"3,62,947.00","18,814.10","3,81,762.00","3,75,322.00","6,439.30","-13,715.00","16,116.80","-29,831.80",0.00,"-39,747.20","7,642.30","-47,389.50",-14.72,"6,437.80",0.00,"1,41,959.00",2.00
3,tatamotors,MAR'14,"3,42,881.00","38,330.30","3,81,211.00","3,51,993.00","29,218.80","10,445.00","13,375.20","-2,930.20",0.00,"-10,258.00","-13,603.20","3,345.20",1.03,"6,437.80",0.00,"1,85,100.00",2.00
4,tatamotors,MAR'13,"4,47,657.00","20,882.00","4,68,539.00","4,30,477.00","38,061.80","19,925.50","13,877.60","6,047.90",0.00,"1,749.30","-1,268.80","3,018.10",0.93,"6,380.70",0.00,"1,84,735.00",2.00
0,sunpharma,MAR'17,"78,067.00","5,144.10","83,211.10","77,114.30","6,096.80","3,861.20","2,235.60","1,625.60",0.00,-324.40,25.10,-349.50,-0.10,"2,399.30",0.00,"2,06,326.00",1.00
1,sunpharma,MAR'16,"76,144.60","2,172.40","78,317.00","78,148.60",168.40,"-5,839.30","5,306.40","-11,145.70",0.00,"-10,679.10",54.50,"-10,733.60",-4.50,"2,406.60",0.00,"2,12,424.00",1.00
2,sunpharma,MAR'15,"80,172.00","1,062.00","81,234.00","84,690.70","-3,456.70","-8,969.20","5,512.50","-14,481.70",0.00,"-15,576.00",-848.40,"-14,727.60",-6.12,"2,071.20",0.00,"68,719.50",1.00
3,sunpharma,MAR'14,"27,625.60","1,030.20","28,655.80","23,458.10","5,197.70","5,172.10",25.60,"5,146.50",0.00,"4,163.80","1,155.40","3,008.40",1.45,"2,071.20",0.00,"78,826.00",1.00
4,sunpharma,MAR'13,"24,321.40","1,844.00","26,165.40","18,672.50","7,492.90","7,488.50",4.40,"7,484.10",0.00,"6,630.30","1,464.80","5,165.50",4.99,"1,035.60",0.00,"76,853.20",1.00
0,axisbank,MAR'17,"4,45,422.00","1,16,913.00","5,62,335.00","1,21,999.00","1,75,845.00",0.00,"2,64,490.00","-2,64,490.00",0.00,"54,675.60","17,882.80","36,792.80",15.40,"4,790.10",0.00,"5,52,835.00",2.00
1,axisbank,MAR'16,"4,09,880.00","93,714.60","5,03,595.00","1,01,008.00","1,61,036.00",0.00,"2,41,551.00","-2,41,551.00",0.00,"1,23,938.00","41,700.90","82,236.60",34.59,"4,765.70",0.00,"5,26,883.00",2.00
2,axisbank,MAR'15,"3,54,786.00","83,650.40","4,38,436.00","92,037.40","1,33,854.00",0.00,"2,12,545.00","-2,12,545.00",0.00,"1,10,568.00","36,990.10","73,578.20",31.18,"4,741.00",0.00,"4,42,024.00",2.00
3,axisbank,MAR'14,"3,06,412.00","74,052.20","3,80,464.00","79,007.70","1,14,561.00","93,486.30","1,86,895.00","-93,408.70",0.00,"93,486.30","31,309.60","62,176.70",132.56,"4,698.40",0.00,"3,77,506.00",10.00
4,axisbank,MAR'13,"2,71,826.00","65,511.10","3,37,337.00","69,142.40","93,031.30","75,526.90","1,75,163.00","-99,636.10",0.00,"75,526.90","23,732.60","51,794.30",119.67,"4,679.50",0.00,"3,26,399.00",10.00
0,powergrid,MAR'17,"2,57,165.00","8,649.20","2,65,815.00","31,150.00","2,34,665.00","1,72,326.00","63,038.30","1,09,287.70",0.00,"95,697.60","20,496.10","75,201.50",14.37,"52,315.90",0.00,"4,45,757.00",10.00
1,powergrid,MAR'16,"2,08,022.00","4,789.60","2,12,812.00","24,566.70","1,88,245.00","1,38,015.00","50,229.70","87,785.30",0.00,"76,187.30","15,920.10","60,267.20",11.52,"52,315.90",0.00,"3,75,024.00",10.00
2,powergrid,MAR'15,"1,71,772.00","6,028.10","1,77,800.00","24,259.30","1,53,541.00","1,13,748.00","39,793.20","73,954.80",0.00,"62,893.80","13,102.10","49,791.70",9.52,"52,315.90",0.00,"3,29,350.00",10.00
3,powergrid,MAR'14,"1,52,303.00","4,911.30","1,57,214.00","22,944.60","1,34,270.00","1,02,594.00","31,675.20","70,918.80",0.00,"62,637.50","17,663.30","44,974.20",8.60,"52,315.90",0.00,"2,92,280.00",10.00
4,powergrid,MAR'13,"1,27,578.00","6,448.10","1,34,027.00","18,214.40","1,15,812.00","89,967.80","26,091.40","63,876.40",0.00,"56,448.60","14,103.60","42,345.00",9.15,"46,297.30",0.00,"2,16,097.00",10.00
0,ultracemco,MAR'17,"2,71,624.00","6,599.50","2,78,224.00","2,21,935.00","56,289.00","50,438.20","5,713.90","44,724.30",0.00,"37,759.50","11,482.30","26,277.20",95.74,"2,745.10",0.00,"2,36,665.00",10.00
1,ultracemco,MAR'16,"2,41,074.00","2,351.60","2,43,425.00","1,94,912.00","48,512.80","43,459.90","5,052.90","38,407.00",0.00,"30,569.60","8,823.10","21,746.50",79.25,"2,744.30",0.00,"2,04,617.00",10.00
2,ultracemco,MAR'15,"2,29,362.00","3,717.80","2,33,080.00","1,87,411.00","45,668.10","40,193.60","5,474.50","34,719.10",0.00,"28,862.50","8,715.20","20,147.30",73.44,"2,744.00",0.00,"1,85,833.00",10.00
3,ultracemco,MAR'14,"2,02,798.00","3,290.40","2,06,088.00","1,64,619.00","41,469.40","38,277.70","3,191.70","35,086.00",0.00,"27,755.10","6,310.40","21,444.70",78.20,"2,742.40",0.00,"1,68,233.00",10.00
4,ultracemco,MAR'13,"2,01,749.00","3,050.00","2,04,799.00","1,54,995.00","49,804.80","47,707.70","2,097.10","45,610.60",0.00,"38,254.00","11,699.70","26,554.30",96.85,"2,741.80",0.00,"1,49,606.00",10.00
0,asianpaint,MAR'17,"1,43,604.00","3,009.00","1,46,613.00","1,16,890.00","29,723.40","29,534.80",188.60,"29,346.20",0.00,"26,580.50","8,549.50","18,031.00",18.80,959.20,0.00,"68,550.60",1.00
1,asianpaint,MAR'16,"1,26,459.00","2,253.00","1,28,712.00","1,01,663.00","27,048.60","26,161.10",234.00,"25,927.10",0.00,"23,777.50","7,803.20","15,974.30",16.65,959.20,0.00,"48,672.40",1.00
2,asianpaint,MAR'15,"1,16,488.00","1,868.20","1,18,356.00","96,383.10","21,973.40","21,566.80",271.30,"21,295.50",0.00,"19,335.70","6,061.70","13,274.00",13.84,959.20,0.00,"41,343.40",1.00
3,asianpaint,MAR'14,"1,04,188.00","1,736.60","1,05,924.00","86,415.10","19,509.30","19,148.90",260.80,"18,888.10",0.00,"17,025.70","5,335.10","11,690.60",12.19,959.20,0.00,"35,050.10",1.00
4,asianpaint,MAR'13,"89,717.00","1,261.50","90,978.50","74,244.30","16,734.20","16,428.60",305.60,"16,123.00",0.00,"15,158.80","4,658.80","10,500.00",109.47,959.20,0.00,"29,263.40",10.00
0,bpcl,MAR'17,"24,20,480.00","26,006.80","24,46,480.00","23,12,190.00","1,34,300.00","1,29,341.00","4,958.70","1,24,382.30",0.00,"1,10,428.00","30,034.90","80,393.00",61.31,"13,112.50",0.00,"2,83,571.00",10.00
1,bpcl,MAR'16,"18,93,030.00","20,121.60","19,13,150.00","17,82,470.00","1,30,684.00","1,25,055.00","5,629.40","1,19,425.60",0.00,"1,06,512.00","32,193.00","74,318.80",102.78,"7,230.80",0.00,"2,64,356.00",10.00
2,bpcl,MAR'15,"23,80,870.00","21,999.60","24,02,870.00","22,97,720.00","1,05,146.00","99,315.30","5,831.00","93,484.30",0.00,"74,155.10","23,310.00","50,845.10",70.32,"7,230.80",0.00,"2,17,444.00",10.00
3,bpcl,MAR'14,"26,00,610.00","14,686.60","26,15,290.00","25,19,740.00","95,548.80","81,958.00","13,590.80","68,367.20",0.00,"59,489.80","18,881.00","40,608.80",56.16,"7,230.80",0.00,"1,87,357.00",10.00
4,bpcl,MAR'13,"24,01,160.00","16,802.30","24,17,960.00","23,40,090.00","77,870.30","59,617.90","18,252.40","41,365.50",0.00,"40,356.90","13,927.90","26,429.00",36.55,"7,230.80",0.00,"1,59,109.00",10.00
0,sesagoa,MAR'17,"3,85,404.00","97,049.20","4,82,453.00","3,18,890.00","1,63,564.00","1,37,843.00","38,961.60","98,881.40",0.00,"1,07,980.00","-2,706.90","1,10,687.00",25.72,"2,965.00",0.00,"7,93,964.00",1.00
1,sesagoa,MAR'16,"2,98,106.00","88,238.20","3,86,344.00","2,59,048.00","1,27,296.00","66,978.70","35,413.60","31,565.10",0.00,"54,799.00",80.20,"54,718.80",18.45,"2,965.00",0.00,"3,82,147.00",1.00
2,sesagoa,MAR'15,"3,25,024.00","20,088.60","3,45,113.00","2,78,738.00","66,375.00","29,791.40","36,559.30","-6,767.90",0.00,"19,674.70",402.70,"19,272.00",6.50,"2,965.00",0.00,"3,37,614.00",1.00
3,sesagoa,MAR'14,"2,85,365.00","18,170.60","3,03,536.00","2,62,246.00","41,289.80","4,331.40","35,649.60","-31,318.20",0.00,"-10,716.50","-21,477.40","10,760.90",3.63,"2,965.00",0.00,"3,33,823.00",1.00
4,sesagoa,MAR'13,"21,879.20","3,419.90","25,299.10","18,460.70","6,838.40","2,049.00","4,692.30","-2,643.30",0.00,569.90,-637.80,"1,207.70",1.39,869.10,0.00,"1,29,369.00",1.00
0,indusindbk,MAR'17,"1,44,057.00","41,714.90","1,85,772.00","47,830.80","54,510.10",0.00,"83,430.70","-83,430.70",0.00,"43,596.80","14,917.90","28,678.90",48.06,"5,981.50",0.00,"1,96,734.00",10.00
1,indusindbk,MAR'16,"1,15,807.00","32,969.50","1,48,776.00","36,721.00","41,414.20","34,692.60","70,640.90","-35,948.30",0.00,"34,692.60","11,828.10","22,864.50",39.68,"5,949.90",0.00,"1,67,202.00",10.00
2,indusindbk,MAR'15,"96,919.70","24,038.70","1,20,958.00","27,259.30","30,982.20",0.00,"62,716.90","-62,716.90",0.00,"27,091.70","9,154.50","17,937.20",33.99,"5,294.50",0.00,"97,240.80",10.00
3,indusindbk,MAR'14,"82,535.30","18,905.30","1,01,441.00","21,852.80","25,959.60","21,283.30","53,628.20","-32,344.90",0.00,"21,283.30","7,203.10","14,080.20",26.85,"5,256.40",0.00,"81,200.50",10.00
4,indusindbk,MAR'13,"69,832.30","13,629.60","83,461.90","17,563.60","18,394.60","15,763.60","47,503.70","-31,740.10",0.00,"15,763.60","5,151.80","10,611.80",21.83,"5,228.70",0.00,"68,947.00",10.00
0,adaniports,MAR'17,"48,788.60","14,850.00","63,638.60","14,268.10","49,370.50","38,336.50","11,034.00","27,302.50",0.00,"32,929.40","1,923.30","31,006.10",14.97,"4,141.90",0.00,"1,64,507.00",2.00
1,adaniports,MAR'16,"46,307.50","10,777.30","57,084.80","13,360.20","43,724.60","34,456.60","9,268.00","25,188.60",0.00,"29,237.30",821.50,"28,415.80",13.72,"4,141.90",0.00,"1,32,114.00",2.00
2,adaniports,MAR'15,"39,093.60","7,995.00","47,088.60","13,019.40","34,069.20","26,367.90","7,701.30","18,666.60",0.00,"21,481.70",-349.70,"21,831.40",10.55,"4,140.10",0.00,"1,07,863.00",2.00
3,adaniports,MAR'14,"43,457.80","6,797.50","50,255.30","17,817.00","32,438.30","26,659.60","5,778.70","20,880.90",0.00,"22,102.50","1,940.80","20,161.70",9.74,"4,140.10",0.00,"89,190.70",2.00
4,adaniports,MAR'13,"33,610.50","2,032.40","35,642.90","9,332.40","26,310.50","22,315.70","3,994.80","18,320.90",0.00,"18,891.90","1,350.10","17,541.80",8.76,"4,006.80",0.00,"63,004.80",2.00
0,eichermot,MAR'17,"79,440.60","2,273.10","81,713.70","57,382.50","24,331.20","24,303.30",27.90,"24,275.40",0.00,"22,769.90","7,169.70","15,600.20",573.75,272.10,0.00,0.00,10.00
1,eichermot,MAR'16,"61,880.30","1,782.40","63,662.70","44,575.50","19,087.20","19,073.10",14.10,"19,059.00",0.00,"17,695.80","5,397.30","12,298.50",453.20,271.60,0.00,0.00,10.00
2,eichermot,DEC'13,"17,024.70",801.00,"17,825.70","13,887.40","3,938.30","3,935.60",2.70,"3,932.90",0.00,"3,631.50",845.30,"2,786.20",103.04,270.40,0.00,"7,943.00",10.00
3,eichermot,DEC'12,"10,492.60",457.80,"10,950.40","9,038.30","1,912.10","1,909.50",2.60,"1,906.90",0.00,"1,738.00",290.40,"1,447.60",53.61,270.00,0.00,"6,020.50",10.00
4,eichermot,DEC'11,"6,709.50",758.90,"7,468.40","5,899.70","1,568.70","1,548.50",20.20,"1,528.30",0.00,"1,418.30",172.80,"1,245.50",46.15,269.90,0.00,"5,130.50",10.00
0,bajaj-auto,MAR'17,"2,30,880.00","12,219.70","2,43,100.00","1,86,657.00","56,443.20","56,429.20",14.00,"56,415.20",0.00,"53,356.30","15,080.70","38,275.60",132.30,"2,893.70",0.00,"1,67,448.00",10.00
1,bajaj-auto,MAR'16,"2,26,876.00","9,132.70","2,36,009.00","1,79,080.00","56,928.20","56,923.40",4.80,"56,918.60",0.00,"53,851.80","17,327.70","36,524.10",126.20,"2,893.70",0.00,"1,20,023.00",10.00
2,bajaj-auto,MAR'15,"2,16,120.00","5,824.20","2,21,944.00","1,74,955.00","46,989.70","43,521.90",64.90,"43,457.00",0.00,"40,847.90","12,710.50","28,137.40",97.20,"2,893.70",0.00,"1,04,028.00",10.00
3,bajaj-auto,MAR'14,"2,01,495.00","7,064.10","2,08,559.00","1,60,438.00","48,121.50","48,116.60",4.90,"48,111.70",0.00,"46,320.50","13,887.30","32,433.20",112.08,"2,893.70",0.00,"93,186.50",10.00
4,bajaj-auto,MAR'13,"1,99,972.00","7,954.90","2,07,927.00","1,63,620.00","44,307.40","44,302.00",5.40,"44,296.60",0.00,"42,662.30","12,226.60","30,435.70",105.18,"2,893.70",0.00,"76,125.80",10.00
0,yesbank,MAR'17,"1,64,246.00","41,567.60","2,05,814.00","41,165.40","58,375.20",0.00,"1,06,273.00","-1,06,273.00",0.00,"50,441.10","17,140.20","33,300.90",78.89,"4,564.90",0.00,"2,15,976.00",10.00
1,yesbank,MAR'16,"1,35,334.00","27,121.50","1,62,456.00","29,763.70","43,025.00",0.00,"89,667.20","-89,667.20",0.00,"37,662.00","12,267.50","25,394.50",60.62,"4,205.30",0.00,"1,33,661.00",10.00
2,yesbank,MAR'15,"1,15,720.00","20,464.60","1,36,185.00","22,847.10","32,495.80",0.00,"80,841.70","-80,841.70",0.00,"29,101.10","9,047.50","20,053.60",49.34,"4,177.40",0.00,"1,12,622.00",10.00
3,yesbank,MAR'14,"99,813.50","17,215.80","1,17,029.00","17,498.70","26,879.70","23,262.80","72,650.90","-49,388.10",0.00,"23,262.80","7,085.00","16,177.80",44.92,"3,606.30",0.00,"67,611.10",10.00
4,yesbank,MAR'13,"82,940.00","12,574.30","95,514.30","13,345.40","21,416.80","19,257.30","60,752.10","-41,494.80",0.00,"19,257.30","6,250.50","13,006.80",36.53,"3,586.20",0.00,"54,490.50",10.00
0,heromotoco,MAR'17,"3,08,461.00","5,224.30","3,13,686.00","2,62,113.00","51,572.40","51,511.90",60.50,"51,451.40",0.00,"46,584.60","12,813.40","33,771.20",169.12,399.40,0.00,"1,00,714.00",2.00
1,heromotoco,MAR'16,"2,85,993.00","3,911.20","2,89,904.00","2,41,523.00","48,381.30","48,359.80",21.50,"48,338.30",0.00,"43,945.80","12,622.10","31,323.70",156.86,399.40,0.00,"79,048.10",2.00
2,heromotoco,MAR'15,"2,75,853.00","4,927.40","2,80,780.00","2,40,431.00","40,349.20","38,687.90",110.90,"38,577.00",0.00,"33,288.20","9,431.80","23,856.40",119.46,399.40,0.00,"65,013.90",2.00
3,heromotoco,MAR'14,"2,52,755.00","4,463.80","2,57,218.00","2,17,354.00","39,864.40","39,746.20",118.20,"39,628.00",0.00,"28,672.50","7,581.70","21,090.80",105.61,399.40,0.00,"55,599.30",2.00
4,heromotoco,MAR'13,"2,37,681.00","3,983.80","2,41,665.00","2,04,836.00","36,828.60","36,709.50",119.10,"36,590.40",0.00,"25,292.00","4,110.40","21,181.60",106.07,399.40,0.00,"49,663.00",2.00
0,boschltd,MAR'17,"1,12,426.00","6,173.90","1,18,600.00","92,822.00","25,777.50","25,506.00",271.50,"25,234.50",0.00,"20,943.70","6,503.00","17,411.20",560.90,305.20,0.00,0.00,10.00
1,boschltd,MAR'16,"1,06,128.00","3,826.20","1,09,954.00","87,371.30","22,582.60","22,540.80",41.80,"22,499.00",0.00,"18,590.70","6,131.50","12,459.20",396.80,314.00,0.00,"82,574.90",10.00
2,boschltd,MAR'15,"1,20,855.00","5,653.00","1,26,508.00","1,01,042.00","25,466.30","25,042.70",143.20,"24,899.50",0.00,"19,558.50","6,182.00","13,376.50",426.00,314.00,0.00,0.00,10.00
3,boschltd,DEC'13,"88,200.60","3,526.20","91,726.80","75,290.40","16,436.40","16,407.50",28.90,"16,378.60",0.00,"12,565.50","3,718.70","8,846.80",281.75,314.00,0.00,"62,629.10",10.00
4,boschltd,DEC'12,"86,590.70","3,692.30","90,283.00","73,097.90","17,185.10","17,129.90",55.20,"17,074.70",0.00,"13,460.70","3,879.00","9,581.70",305.15,314.00,0.00,"55,418.60",10.00
0,binfra,MAR'17,"60,847.00","10,221.00","71,068.00","32,595.00","38,473.00","45,014.00","-6,541.00","51,555.00",0.00,"33,357.00","6,307.00","27,050.00",14.49,"18,496.00",0.00,"1,43,404.00",10.00
1,binfra,MAR'16,"55,957.00","6,388.00","62,345.00","30,793.00","31,552.00","31,547.00",5.00,"31,542.00",0.00,"19,843.00","6,609.00","13,234.00",6.98,"18,967.00",0.00,"1,66,765.00",10.00
2,binfra,MAR'15,"53,889.00","20,019.00","73,908.00","29,949.00","43,959.00","43,959.00",0.00,"43,959.00",0.00,"32,737.00","5,485.00","27,252.00",14.42,"18,938.00",0.00,"1,60,697.00",10.00
3,binfra,MAR'14,"49,993.00","5,302.00","55,295.00","29,224.00","26,071.00","25,980.00",91.00,"25,889.00",0.00,"14,966.00","4,067.00","10,899.00",5.77,"18,893.00",0.00,"1,58,593.00",10.00
4,binfra,MAR'13,"44,601.00","6,558.00","51,159.00","26,881.00","24,278.00","24,302.00",7.00,"24,295.00",0.00,"13,216.00","3,118.00","10,098.00",5.35,"18,887.00",0.00,"1,57,837.00",10.00
0,gail,MAR'17,"4,88,830.00","11,762.70","5,00,593.00","4,24,736.00","75,856.90","68,076.00","4,793.60","63,282.40",0.00,"54,108.20","19,079.10","35,029.10",20.71,"16,913.00",0.00,"3,09,948.00",10.00
1,gail,MAR'16,"5,19,142.00","8,577.00","5,27,718.00","4,76,459.00","51,259.30","44,858.90","6,400.40","38,458.50",0.00,"31,728.00","8,739.00","22,989.00",18.12,"12,684.80",0.00,"2,93,164.00",10.00
2,gail,MAR'15,"5,67,420.00","8,608.60","5,76,028.00","5,20,458.00","55,570.60","52,586.20","3,613.00","48,973.20",0.00,"42,843.60","12,451.90","30,391.70",23.96,"12,684.80",0.00,"2,78,510.00",10.00
3,gail,MAR'14,"5,75,079.00","8,985.20","5,84,064.00","5,08,067.00","75,997.10","75,784.70","3,661.90","72,122.80",0.00,"64,023.20","20,270.50","43,752.70",34.49,"12,684.80",0.00,"2,58,038.00",10.00
4,gail,MAR'13,"4,75,227.00","7,645.10","4,82,872.00","4,10,535.00","72,337.30","70,387.10","1,950.20","68,436.90",0.00,"60,577.70","20,355.70","40,222.00",31.71,"12,684.80",0.00,"2,29,593.00",10.00
0,tatasteel,MAR'17,"5,32,610.00","4,144.60","5,36,754.00","4,13,850.00","1,22,904.00","88,984.80","26,885.50","62,099.30",0.00,"53,569.30","19,123.80","34,445.50",33.67,"9,714.10",0.00,"4,86,876.00",10.00
1,tatasteel,MAR'16,"3,82,103.00","38,907.00","4,21,010.00","3,09,986.00","1,11,024.00","80,596.30","14,602.70","65,993.60",0.00,"61,265.20","12,255.70","49,009.50",48.67,"9,714.10",0.00,"6,95,053.00",10.00
2,tatasteel,MAR'15,"4,17,850.00","5,827.80","4,23,678.00","3,17,762.00","1,05,916.00","1,05,065.00","19,759.50","85,305.50",0.00,"85,088.90","20,697.70","64,391.20",64.49,"9,714.10",0.00,"6,56,925.00",10.00
3,tatasteel,MAR'14,"4,17,110.00","7,876.40","4,24,987.00","2,88,941.00","1,36,045.00","1,16,422.00","18,205.80","98,216.20",0.00,"97,135.00","33,013.10","64,121.90",66.01,"9,714.10",0.00,"6,01,766.00",10.00
4,tatasteel,MAR'13,"3,81,994.00","9,020.40","3,91,015.00","2,70,732.00","1,20,283.00","94,769.80","18,767.70","76,002.10",0.00,"78,366.00","27,736.30","50,629.70",52.12,"9,714.10",0.00,"5,42,383.00",10.00
0,ambujacem,DEC'16,"92,678.20","5,762.30","98,440.50","75,851.30","22,589.20","21,874.40",714.80,"21,159.60",0.00,"13,373.10","3,672.20","9,700.90",4.89,"3,971.30",0.00,"1,86,764.00",2.00
1,ambujacem,DEC'15,"94,614.00","3,581.90","98,195.90","79,299.30","18,896.60","17,978.70",917.90,"17,060.80",0.00,"11,722.10","3,646.50","8,075.60",5.21,"3,103.80",0.00,"99,964.90",2.00
2,ambujacem,DEC'14,"99,781.20","4,289.80","1,04,071.00","80,496.80","23,574.20","22,929.40",644.80,"22,284.60",0.00,"17,834.10","2,870.50","14,963.60",9.67,"3,099.50",0.00,"97,933.80",2.00
3,ambujacem,DEC'13,"91,603.50","3,936.20","95,539.70","75,095.20","20,444.50","20,041.90",650.80,"19,391.10",0.00,"15,141.20","2,195.50","12,945.70",8.37,"3,091.70",0.00,"91,763.70",2.00
4,ambujacem,DEC'12,"97,303.00","3,488.70","1,00,792.00","72,573.30","28,218.40","24,670.50",756.60,"23,913.90",0.00,"19,018.30","6,047.70","12,970.60",8.41,"3,084.40",0.00,"84,966.20",2.00
0,zeel,MAR'17,"49,283.70","3,471.40","52,755.10","34,233.90","18,521.20","17,726.90","1,264.50","16,462.40",0.00,"16,955.80","6,615.20","10,340.60",10.77,960.40,0.00,"43,255.40",1.00
1,zeel,MAR'16,"42,065.00","2,226.60","44,291.60","30,306.20","13,985.40","13,957.80",27.60,"13,930.20",0.00,"13,281.40","4,688.10","8,593.30",7.43,960.40,0.00,"29,264.50",1.00
2,zeel,MAR'15,"34,261.80","2,272.90","36,534.70","23,814.90","12,719.80","12,702.10",17.70,"12,684.40",0.00,"12,122.40","3,804.70","8,317.70",7.15,960.40,0.00,"24,721.60",1.00
3,zeel,MAR'14,"30,756.70","1,845.60","32,602.30","20,442.00","12,160.30","12,088.50",71.80,"12,016.70",0.00,"11,750.20","4,026.90","7,723.30",8.04,960.40,0.00,"18,550.60",1.00
4,zeel,MAR'13,"25,658.80","1,189.70","26,848.50","17,036.00","9,812.50","9,799.20",13.30,"9,785.90",0.00,"9,518.90","3,112.00","6,406.90",6.72,954.00,0.00,"32,574.10",1.00
0,ibulhsgfin,MAR'17,"1,00,317.00","12,854.60","1,13,172.00","13,009.20","1,00,162.00","37,014.90","63,147.50","-26,132.60",0.00,"36,807.80","8,384.00","28,423.80",67.28,847.71,0.00,"1,17,841.00",2.00
1,ibulhsgfin,MAR'16,"79,329.30","9,089.87","88,419.20","9,269.12","79,150.10","30,726.00","48,424.10","-17,698.10",0.00,"30,532.30","7,591.02","22,941.20",58.55,842.58,0.00,"1,04,196.00",2.00
2,ibulhsgfin,MAR'15,"62,477.20","9,096.29","71,573.50","7,626.75","63,946.80","25,511.70","38,435.00","-12,923.30",0.00,"25,331.60","5,549.35","19,782.30",57.18,711.13,0.00,"64,211.00",2.00
3,ibulhsgfin,MAR'14,"52,241.10","5,313.50","57,554.60","6,147.67","51,406.90","19,084.40","32,322.50","-13,238.10",0.00,"19,007.90","3,907.89","15,100.00",45.20,668.09,0.00,"54,003.60",2.00
4,ibulhsgfin,MAR'13,"46,580.60",481.37,"47,062.00","4,892.89","42,169.10","16,133.30","26,035.80","-9,902.50",0.00,"16,041.20","3,762.10","12,279.10",196.46,625.02,0.00,"47,637.20",10.00
0,hindalco,MAR'17,"3,93,831.00","10,051.70","4,03,883.00","3,45,696.00","58,186.90","35,807.10","23,228.70","12,578.40",0.00,"21,527.40","5,963.50","15,568.90",7.56,"2,227.20",0.00,0.00,1.00
1,hindalco,MAR'16,"3,43,177.00","10,662.10","3,53,839.00","3,09,995.00","43,843.70","20,096.10","23,747.60","-3,651.50",0.00,"7,326.10","1,253.60","6,072.50",2.94,"2,065.20",0.00,"3,68,614.00",1.00
2,hindalco,MAR'15,"3,45,250.00","8,822.10","3,54,072.00","3,11,085.00","42,987.30","20,839.40","16,370.90","4,468.50",0.00,"12,469.10","3,217.50","9,251.60",4.48,"2,065.20",0.00,0.00,1.00
3,hindalco,MAR'14,"2,78,509.00","11,244.20","2,89,754.00","2,53,590.00","36,163.00","25,086.70","7,116.50","17,970.20",0.00,"16,853.80","2,720.50","14,133.30",6.84,"2,064.80",0.00,0.00,1.00
4,hindalco,MAR'13,"2,60,569.00","9,830.90","2,70,400.00","2,38,532.00","31,868.10","27,508.30","4,359.80","23,148.50",0.00,"20,466.30","3,474.30","16,992.00",8.87,"1,914.80",0.00,0.00,1.00
0,lupin,MAR'17,"1,27,532.00",884.70,"1,28,416.00","82,670.30","45,745.90","45,451.70",294.20,"45,157.50",0.00,"41,790.60","10,377.30","31,413.30",69.63,903.20,0.00,"1,46,899.00",2.00
1,lupin,MAR'16,"1,12,801.00","1,938.80","1,14,740.00","72,480.10","42,259.40","42,111.60",147.80,"41,963.80",0.00,"39,055.50","10,204.80","28,850.70",64.10,901.20,0.00,"1,15,025.00",2.00
2,lupin,MAR'15,"97,524.70","1,806.30","99,331.00","63,792.20","35,538.80","35,489.80",49.00,"35,440.80",0.00,"32,121.90","8,148.40","23,973.50",53.41,899.00,0.00,"89,378.40",2.00
3,lupin,MAR'14,"89,393.80","4,153.80","93,547.60","60,270.50","33,277.10","33,067.20",209.90,"32,857.30",0.00,"31,390.90","8,148.70","23,242.20",51.83,896.80,0.00,"68,893.60",2.00
4,lupin,MAR'13,"71,225.10",233.10,"71,458.20","52,385.90","19,072.30","18,739.50",332.80,"18,406.70",0.00,"17,238.10","4,633.80","12,604.30",28.16,895.10,0.00,"47,572.00",2.00
0,cipla,MAR'17,"1,09,746.00","1,298.50","1,11,044.00","93,783.20","17,261.10","16,869.10",392.00,"16,477.10",0.00,"11,869.40","2,120.00","9,749.40",12.13,"1,609.00",0.00,0.00,2.00
1,cipla,MAR'16,"1,20,341.00","2,591.40","1,22,932.00","99,803.40","23,128.60","21,803.40","1,325.20","20,478.20",0.00,"17,395.30","3,415.00","13,980.30",17.41,"1,606.80",0.00,"1,21,696.00",2.00
2,cipla,MAR'15,"1,01,318.00","1,479.10","1,02,797.00","81,704.70","21,092.20","19,731.70","1,360.50","18,371.20",0.00,"15,399.70","3,588.80","11,810.90",14.71,"1,605.90",0.00,"1,09,206.00",2.00
3,cipla,MAR'14,"93,802.90","2,802.80","96,605.70","73,907.60","22,698.10","21,419.50","1,278.60","20,140.90",0.00,"18,183.40","4,300.00","13,883.40",17.29,"1,605.80",0.00,0.00,2.00
4,cipla,MAR'13,"82,024.20","2,291.30","84,315.50","60,832.80","23,482.70","23,148.90",333.80,"22,815.10",0.00,"20,118.60","5,047.50","15,071.10",18.77,"1,605.80",0.00,"86,999.70",2.00
0,auropharma,MAR'17,"97,812.10","1,359.50","99,171.60","74,072.60","25,099.00","24,647.40",451.60,"24,195.80",0.00,"21,785.70","4,718.10","17,067.60",29.16,585.90,0.00,0.00,1.00
1,auropharma,MAR'16,"91,661.80",392.90,"92,054.70","67,371.50","24,683.20","24,030.50",652.70,"23,377.80",0.00,"21,400.50","5,203.80","16,196.70",27.73,585.20,0.00,"67,520.00",1.00
2,auropharma,MAR'15,"80,951.00",423.20,"81,374.20","58,953.50","22,420.70","21,854.90",565.80,"21,289.10",0.00,"19,403.40","4,240.00","15,163.40",52.01,292.00,0.00,"53,303.40",1.00
3,auropharma,MAR'14,"71,107.10",328.70,"71,435.80","53,515.20","17,920.60","17,054.40",866.20,"16,188.20",0.00,"15,194.70","3,473.80","11,720.90",40.24,291.50,0.00,"39,832.40",1.00
4,auropharma,MAR'13,"54,251.00",150.10,"54,401.10","44,670.40","9,730.70","7,345.10","1,147.40","6,197.70",0.00,"5,631.20",671.30,"4,959.90",17.04,291.20,0.00,"29,099.80",1.00
0,techm,MAR'17,"2,31,654.00","8,929.40","2,40,583.00","1,94,936.00","45,647.30","45,009.40",637.90,"44,371.50",0.00,"38,787.30","8,314.00","30,473.30",31.37,"4,867.70",0.00,"1,64,034.00",5.00
1,techm,MAR'16,"2,09,698.00","11,084.30","2,20,782.00","1,75,561.00","45,221.00","44,687.80",533.20,"44,154.60",0.00,"39,233.00","7,033.00","32,200.00",33.40,"4,839.10",0.00,"1,28,641.00",5.00
2,techm,MAR'15,"1,91,626.00","3,246.20","1,94,873.00","1,61,362.00","33,510.40","34,037.50",85.60,"33,951.90",0.00,"29,304.60","6,742.30","22,562.30",23.58,"4,803.90",0.00,"1,06,975.00",5.00
3,techm,MAR'14,"1,62,951.00","3,130.30","1,66,082.00","1,29,765.00","36,316.50","36,648.20",770.80,"35,877.40",0.00,"32,378.40","5,523.70","26,854.70",115.02,"2,334.70",0.00,"86,168.80",10.00
4,techm,MAR'13,"60,018.90",339.50,"60,358.40","49,681.00","10,677.40","9,742.30",935.10,"8,807.20",0.00,"8,172.20","1,647.00","6,525.20",50.93,"1,281.20",0.00,"37,692.10",10.00
0,drreddy,MAR'17,"97,198.00","5,912.00","1,03,110.00","79,742.00","23,368.00","22,796.00",572.00,"22,224.00",0.00,"15,445.00","1,604.00","13,841.00",83.05,829.00,0.00,"1,15,177.00",5.00
1,drreddy,MAR'16,"1,02,077.00","2,448.00","1,04,525.00","78,037.00","26,488.00","22,291.00",638.00,"21,653.00",0.00,"15,800.00","2,255.00","13,545.00",79.42,853.00,0.00,"1,15,201.00",5.00
2,drreddy,MAR'15,"1,00,109.00","2,228.50","1,02,338.00","76,199.40","26,138.50","25,500.50",638.00,"24,862.50",0.00,"20,598.20","3,804.70","16,793.50",98.60,851.90,0.00,"1,05,485.00",5.00
3,drreddy,MAR'14,"97,280.50","1,514.60","98,795.10","69,663.10","29,132.00","28,348.90",783.10,"27,565.80",0.00,"24,543.90","5,215.50","19,328.40",113.63,850.50,0.00,"92,437.70",5.00
4,drreddy,MAR'13,"84,340.10","1,417.10","85,757.20","64,483.40","21,273.80","20,659.80",614.00,"20,045.80",0.00,"17,531.30","4,876.60","12,654.70",74.51,849.20,0.00,"75,275.10",5.00
0,bankbaroda,MAR'17,"4,21,999.00","67,580.60","4,89,580.00","92,964.00","1,09,751.00",0.00,"2,86,865.00","-2,86,865.00",0.00,"24,726.90","10,895.60","13,831.30",6.00,"4,620.90",0.00,"3,62,652.00",2.00
1,bankbaroda,MAR'16,"4,40,613.00","49,988.60","4,90,601.00","89,231.30","88,155.70","-66,980.80","3,13,214.00","-3,80,194.80",0.00,"-66,980.80","-13,025.30","-53,955.50",-23.89,"4,620.90",0.00,"3,56,107.00",2.00
2,bankbaroda,MAR'15,"4,29,636.00","44,020.00","4,73,656.00","76,741.30","99,151.00",0.00,"2,97,763.00","-2,97,763.00",0.00,"54,206.00","20,221.70","33,984.30",15.83,"4,435.60",0.00,"3,84,045.00",2.00
3,bankbaroda,MAR'14,"3,89,397.00","44,627.40","4,34,024.00","70,748.70","93,532.20","54,973.10","2,69,744.00","-2,14,770.90",0.00,"54,973.10","9,562.30","45,410.80",107.38,"4,306.80",0.00,"3,45,024.00",10.00
4,bankbaroda,MAR'13,"3,51,966.00","36,306.30","3,88,273.00","58,721.10","90,737.80","48,312.30","2,38,814.00","-1,90,501.70",0.00,"48,312.30","3,505.10","44,807.20",108.84,"4,225.20",0.00,"3,04,427.00",10.00
0,accltd,DEC'16,"1,11,583.00","1,127.10","1,12,710.00","97,413.40","15,297.10","14,140.30",728.70,"13,411.60",0.00,"8,088.70","2,064.70","6,024.00",32.08,"1,879.90",0.00,"84,734.50",10.00
1,accltd,DEC'15,"1,17,968.00","1,193.50","1,19,162.00","1,02,597.00","16,565.20","14,360.30",673.20,"13,687.10",0.00,"7,839.70","1,924.00","5,915.70",31.51,"1,879.50",0.00,"82,550.90",10.00
2,accltd,DEC'14,"1,17,382.00","2,682.80","1,20,065.00","1,02,310.00","17,755.40","16,927.80",827.60,"16,100.20",0.00,"11,352.00",-330.90,"11,682.90",62.33,"1,879.50",0.00,"80,476.60",10.00
3,accltd,DEC'13,"1,11,689.00","2,237.90","1,13,927.00","95,401.50","18,525.80","18,009.10",516.70,"17,492.40",0.00,"12,269.60","1,312.00","10,957.60",58.30,"1,879.50",0.00,"76,368.90",10.00
4,accltd,DEC'12,"1,13,580.00","2,648.20","1,16,228.00","91,623.80","24,604.00","20,103.70","1,146.50","18,957.20",0.00,"14,514.90","3,903.00","10,611.90",56.46,"1,879.50",0.00,"71,948.50",10.00
0,tatapower,MAR'17,"72,180.60","9,138.30","81,318.90","51,084.20","30,234.70","11,403.40","12,956.80","-1,553.40",0.00,"5,061.30","2,226.80","2,834.50",0.63,"2,705.00",0.00,"1,47,781.00",1.00
1,tatapower,MAR'16,"88,196.50","5,551.30","93,747.80","57,787.30","35,960.50","18,321.70","11,559.90","6,761.80",0.00,"11,665.20","3,949.00","7,716.20",2.36,"2,704.80",0.00,"1,42,392.00",1.00
2,tatapower,MAR'15,"86,776.90","10,246.80","97,023.70","65,639.70","31,384.00","20,909.40","10,474.60","10,434.80",0.00,"15,156.50","5,053.60","10,102.90",3.30,"2,704.80",0.00,"1,39,736.00",1.00
3,tatapower,MAR'14,"86,270.40","6,557.60","92,828.00","63,362.90","29,465.10","20,783.00","8,682.10","12,100.90",0.00,"14,911.60","5,370.80","9,540.80",4.02,"2,373.30",0.00,"1,14,240.00",1.00
4,tatapower,MAR'13,"95,672.80","7,216.70","1,02,890.00","75,432.20","27,457.30","20,674.80","6,782.50","13,892.30",0.00,"17,033.80","6,786.90","10,246.90",4.32,"2,373.30",0.00,"1,08,035.00",1.00
