,Book Value (in ?),Earnings Per Share (in ?),Employee Cost,Equity Dividend (%),Interest,Net Sales,Operating Profit,Other Income,PBDT,Total Expenditure,Year,stock_ticker
0,886.78,96.66,"4,434.00",110.00,"2,723.00","2,42,025.00","51,965.00","8,709.00","49,242.00","1,98,769.00",MAR'17,reliance
1,783.86,84.52,"4,262.00",105.00,"2,562.00","2,33,158.00","47,168.00","7,821.00","44,606.00","1,93,811.00",MAR'16,reliance
2,667.98,70.21,"3,686.00",100.00,"2,367.00","3,29,076.00","40,323.00","8,721.00","37,956.00","2,97,474.00",MAR'15,reliance
3,609.76,68.02,"3,370.00",95.00,"3,206.00","3,90,117.00","39,813.00","9,047.00","36,607.00","3,59,351.00",MAR'14,reliance
4,554.17,65.04,"3,354.00",90.00,"3,036.00","3,60,297.00","38,785.00","8,071.00","35,749.00","3,29,583.00",MAR'13,reliance
0,393.32,120.07,"48,116.00","4,700.00",16.00,"92,693.00","31,657.00","4,568.00","31,641.00","65,604.00",MAR'17,tcs
1,329.74,117.13,"42,420.00","4,350.00",13.00,"85,864.00","30,811.00","3,757.00","30,798.00","58,810.00",MAR'16,tcs
2,231.87,98.32,"38,255.22","7,900.00",79.57,"73,578.06","25,494.93","4,479.83","25,415.36","52,562.96",MAR'15,tcs
3,224.90,94.18,"30,782.84","3,200.00",23.41,"64,672.93","24,648.43","3,114.83","24,625.02","43,139.33",MAR'14,tcs
4,165.86,65.23,"23,899.59","2,200.00",30.62,"48,426.14","16,536.66","2,230.39","16,506.04","34,119.87",MAR'13,tcs
0,0.00,0.00,,0.00,,,,"12,296.50",,,MAR'17,hdfcbank
1,0.00,0.00,,0.00,,,,"10,751.72",,,MAR'16,hdfcbank
2,0.00,0.00,,0.00,,,,"8,996.35",,,MAR'15,hdfcbank
3,0.00,0.00,,0.00,,,,"7,919.64",,,MAR'14,hdfcbank
4,0.00,0.00,,0.00,,,,"6,852.62",,,MAR'13,hdfcbank
0,36.01,8.40,"2,444.31",475.00,45.33,"40,088.68","16,586.33","2,002.20","16,541.00","25,504.55",MAR'17,itc
1,50.27,11.59,"2,331.59",850.00,71.93,"36,582.67","15,506.68","1,828.15","15,434.75","22,904.14",MAR'16,itc
2,38.28,11.99,"1,780.04",625.00,78.45,"36,507.40","15,037.71","1,613.45","14,959.26","23,083.14",MAR'15,itc
3,32.95,11.05,"1,608.37",600.00,23.63,"33,238.60","13,582.66","1,107.14","13,559.03","20,763.08",MAR'14,itc
4,28.14,9.39,"1,387.01",525.00,105.91,"29,901.27","11,585.65",967.10,"11,479.74","19,282.72",MAR'13,itc
0,249.23,46.85,388.80,900.00,"20,934.56","33,112.79","31,717.16",71.27,,"1,466.90",MAR'17,hdfc
1,215.65,44.90,349.09,850.00,"19,409.15","30,905.12","29,571.53",51.45,,"1,385.04",MAR'16,hdfc
2,196.67,38.04,328.46,750.00,"17,975.09","27,401.16","26,629.01",69.70,,841.85,MAR'15,hdfc
3,179.14,34.86,279.18,700.00,"16,029.37","24,143.01","23,501.48",54.66,,696.19,MAR'14,hdfc
4,161.32,31.35,246.19,625.00,"13,890.89","21,112.50","20,487.32",35.12,,660.30,MAR'13,hdfc
0,0.00,0.00,,0.00,,,,"35,460.93",,,MAR'17,sbin
1,0.00,0.00,,0.00,,,,"27,845.37",,,MAR'16,sbin
2,0.00,0.00,,0.00,,,,"22,575.89",,,MAR'15,sbin
3,0.00,0.00,,0.00,,,,"18,552.92",,,MAR'14,sbin
4,0.00,0.00,,0.00,,,,"16,036.84",,,MAR'13,sbin
0,29.91,20.79,"1,620.00","1,700.00",22.00,"31,890.00","6,573.00",526.00,"6,551.00","25,843.00",MAR'17,hindunilvr
1,28.87,19.15,"1,573.00","1,600.00",15.00,"31,061.00","6,313.00",564.00,"6,298.00","25,312.00",MAR'16,hindunilvr
2,17.02,19.95,"1,578.89","1,500.00",16.82,"30,805.62","5,825.85",640.33,"5,809.03","25,620.10",MAR'15,hindunilvr
3,14.95,17.88,"1,435.95","1,300.00",36.03,"28,019.13","5,095.25",651.07,"5,059.22","23,574.95",MAR'14,hindunilvr
4,12.19,17.56,"1,318.34","1,850.00",25.15,"25,810.21","4,609.85",617.43,"4,584.70","21,817.79",MAR'13,hindunilvr
0,894.28,151.37,"1,988.70",700.00,81.50,"57,746.30","9,440.40",522.10,"9,358.90","48,828.00",MAR'16,maruti
1,784.91,122.89,"1,606.60",500.00,206.00,"49,970.60","7,544.50",900.70,"7,338.50","43,326.80",MAR'15,maruti
2,694.64,92.15,"1,368.10",240.00,175.90,"43,791.80","5,918.80",766.00,"5,742.90","38,639.00",MAR'14,maruti
3,615.20,79.21,"1,069.60",160.00,189.80,"43,587.90","5,042.00",856.20,"4,852.20","39,402.10",MAR'13,maruti
4,525.52,56.58,801.30,150.00,55.20,"35,587.10","3,339.80",869.50,"3,284.60","33,116.80",MAR'12,maruti
0,295.72,60.18,"30,944.00",515.00,0.00,"59,289.00","20,269.00","3,062.00","20,269.00","42,082.00",MAR'17,infy
1,266.00,55.28,"28,207.00",485.00,0.00,"53,983.00","18,715.00","3,051.00","18,715.00","38,319.00",MAR'16,infy
2,418.69,105.96,"25,115.00","1,190.00",8.00,"47,300.00","17,307.00","3,337.00","17,299.00","33,330.00",MAR'15,infy
3,735.87,178.22,"24,350.00","1,260.00",6.00,"44,341.00","15,109.00","2,576.00","15,103.00","31,808.00",MAR'14,infy
4,628.21,158.82,"19,932.00",840.00,3.00,"36,765.00","13,233.00","2,217.00","13,230.00","25,749.00",MAR'13,infy
0,0.00,0.00,,0.00,,,,"3,477.16",,,MAR'17,kotakbank
1,0.00,0.00,,0.00,,,,"2,612.23",,,MAR'16,kotakbank
2,0.00,0.00,,0.00,,,,"2,028.45",,,MAR'15,kotakbank
3,0.00,0.00,,0.00,,,,"1,399.71",,,MAR'14,kotakbank
4,0.00,0.00,,0.00,,,,"1,160.66",,,MAR'13,kotakbank
0,0.00,0.00,,0.00,,,,"19,504.48",,,MAR'17,icicibank
1,0.00,0.00,,0.00,,,,"15,323.05",,,MAR'16,icicibank
2,0.00,0.00,,0.00,,,,"12,176.13",,,MAR'15,icicibank
3,0.00,0.00,,0.00,,,,"10,427.87",,,MAR'14,icicibank
4,0.00,0.00,,0.00,,,,"8,345.70",,,MAR'13,icicibank
0,304.28,42.83,"7,637.09",140.00,"3,016.18","3,51,124.03","22,344.22","5,309.44","19,328.04","3,34,089.25",MAR'16,ioc
1,279.56,21.72,"7,104.78",66.00,"3,458.47","4,38,094.13","14,314.33","5,553.86","10,855.86","4,29,333.66",MAR'15,ioc
2,271.56,28.91,"6,618.97",87.00,"5,120.99","4,73,657.78","19,059.79","3,466.97","13,938.80","4,58,064.97",MAR'14,ioc
3,251.70,20.61,"7,271.27",62.00,"6,479.48","4,47,401.03","17,328.27","3,590.29","10,848.79","4,33,663.06",MAR'13,ioc
4,238.31,16.29,"4,976.96",50.00,"5,642.80","3,98,476.63","21,972.72","4,837.90","16,329.92","3,81,341.81",MAR'12,ioc
0,252.19,-24.83,"1,738.50",20.00,"5,254.60","62,276.30","26,219.30","2,526.40","20,964.70","38,583.40",MAR'17,bhartiartl
1,278.55,19.46,"1,864.80",27.20,"3,545.30","60,300.30","24,054.90","1,743.70","20,509.60","37,989.10",MAR'16,bhartiartl
2,195.21,33.02,"1,691.50",77.00,"1,409.10","55,496.40","24,624.10","5,193.00","23,215.00","36,065.30",MAR'15,bhartiartl
3,166.33,16.51,"1,648.10",36.00,"1,336.40","49,918.50","17,152.20",853.40,"15,815.80","33,619.70",MAR'14,bhartiartl
4,141.83,13.42,"1,511.30",20.00,"1,652.30","45,350.90","14,933.80","1,463.10","13,281.50","31,880.20",MAR'13,bhartiartl
0,24.59,25.87,379.32,274.00,110.39,203.34,"16,639.05","17,170.77","16,528.66",735.06,MAR'16,coalindia
1,26.49,21.19,366.58,207.00,243.92,462.56,"13,902.98","14,151.29","13,659.06",710.87,MAR'15,coalindia
2,26.04,23.76,374.56,290.00,271.58,375.48,"15,698.46","16,120.18","15,426.88",797.20,MAR'14,coalindia
3,32.48,15.51,444.73,140.00,389.38,416.01,"10,732.37","11,112.90","10,342.99",796.54,MAR'13,coalindia
4,30.97,12.77,343.38,100.00,395.33,463.49,"9,002.24","9,137.76","8,606.91",599.01,MAR'12,coalindia
0,107.67,12.42,"3,609.32",33.50,"3,280.27","70,506.80","18,764.26","1,471.94","15,483.99","53,214.48",MAR'16,ntpc
1,99.03,12.48,"3,620.71",25.00,"2,878.13","73,236.94","18,336.43","2,681.65","15,458.30","57,582.16",MAR'15,ntpc
2,104.08,13.31,"3,824.78",57.50,"2,546.49","72,018.93","20,593.33","2,832.16","18,046.84","54,257.76",MAR'14,ntpc
3,97.49,15.30,"3,415.96",57.50,"1,933.03","65,737.04","20,224.31","3,223.55","18,291.28","48,736.28",MAR'13,ntpc
4,87.22,11.19,"3,101.71",40.00,"1,749.06","62,052.23","16,866.92","3,309.73","15,117.86","48,495.04",MAR'12,ntpc
0,189.40,33.58,"21,854.40",100.00,392.10,"46,047.80","12,126.90","2,570.00","11,734.80","36,490.90",MAR'17,wipro
1,164.43,33.19,"21,267.10",300.00,549.90,"44,680.80","12,019.50","2,710.60","11,469.60","35,371.90",MAR'16,wipro
2,139.92,33.19,"19,726.30",600.00,362.90,"41,209.80","11,698.30","2,501.80","11,335.40","32,013.30",MAR'15,wipro
3,118.92,29.96,"18,337.50",400.00,374.70,"38,757.20","10,719.60","1,798.70","10,344.90","29,836.30",MAR'14,wipro
4,98.15,22.94,"15,904.20",350.00,352.40,"33,226.50","8,258.80","1,325.30","7,906.40","26,293.00",MAR'13,wipro
0,150.49,33.56,"4,854.22",800.00,45.82,"13,433.35","6,092.58",969.17,"6,046.76","8,309.94",MAR'16,hcltech
1,135.60,45.13,"5,924.62","1,500.00",60.64,"17,153.44","8,059.10","1,199.90","7,998.46","10,294.24",JUN'15,hcltech
2,220.09,85.49,"5,123.95",500.00,81.65,"16,497.37","7,970.01",659.51,"7,888.36","9,186.87",JUN'14,hcltech
3,141.86,51.82,"4,628.61",600.00,76.46,"12,517.82","4,969.57",379.12,"4,893.11","7,927.37",JUN'13,hcltech
4,89.88,28.13,"3,923.06",600.00,97.27,"8,907.22","2,811.08",301.22,"2,713.81","6,397.36",JUN'12,hcltech
0,61.28,-7.30,"3,558.52",0.00,"1,590.15","44,364.00","2,477.48","1,231.29",887.33,"43,117.81",MAR'17,tatamotors
1,65.81,0.69,"3,026.75",10.00,"1,481.11","42,369.82","4,448.46","2,132.92","2,967.35","40,054.28",MAR'16,tatamotors
2,46.11,-14.72,"3,091.46",0.00,"1,611.68","36,301.63",643.93,"1,881.41",-967.75,"37,539.11",MAR'15,tatamotors
3,59.51,1.04,"2,877.69",100.00,"1,353.18","34,288.11","2,937.54","3,833.03","1,584.36","35,183.60",MAR'14,tatamotors
4,59.91,0.95,"2,837.00",100.00,"1,387.76","44,765.72","3,796.51","2,088.20","2,408.75","43,057.41",MAR'13,tatamotors
0,89.25,-4.46,"1,480.51",100.00,530.64,"7,614.46",-3.16,561.22,-533.80,"8,178.84",MAR'16,sunpharma
1,109.74,-7.12,"1,487.65",300.00,551.25,"8,028.44",-347.04,317.78,-898.29,"8,693.26",MAR'15,sunpharma
2,35.77,-13.66,279.63,150.00,18.38,"2,828.79",194.83,245.42,176.45,"2,879.38",MAR'14,sunpharma
3,75.21,4.99,234.87,500.00,0.44,"2,432.14",749.29,270.75,748.85,"1,953.60",MAR'13,sunpharma
4,76.07,16.39,316.56,425.00,0.43,"4,015.56","2,101.90",364.54,"2,101.47","2,278.20",MAR'12,sunpharma
0,0.00,0.00,,0.00,,,,"11,691.31",,,MAR'17,axisbank
1,0.00,0.00,,0.00,,,,"9,371.46",,,MAR'16,axisbank
2,0.00,0.00,,0.00,,,,"8,365.05",,,MAR'15,axisbank
3,0.00,0.00,,0.00,,,,"7,405.22",,,MAR'14,axisbank
4,0.00,0.00,,0.00,,,,"6,551.11",,,MAR'13,axisbank
0,81.68,11.52,"1,480.82",23.10,"7,261.88","20,802.22","21,063.37",550.63,"13,801.49",289.48,MAR'16,powergrid
1,72.95,9.52,"1,596.86",20.00,"6,438.92","17,177.23","17,813.71",795.49,"11,374.79",159.01,MAR'15,powergrid
2,65.87,8.60,"1,397.81",25.80,"5,442.14","15,230.28","15,701.57",792.93,"10,259.43",321.64,MAR'14,powergrid
3,56.68,9.15,"1,325.55",27.50,"5,032.04","12,757.85","14,028.82","1,649.82","8,996.78",378.85,MAR'13,powergrid
4,50.73,7.03,"1,199.99",21.10,"4,198.41","10,164.27","11,368.55","1,463.32","7,170.14",259.04,MAR'12,powergrid
0,871.37,95.72,"1,413.44",100.00,571.39,"23,891.43","5,628.90",659.95,"5,057.51","18,922.48",MAR'17,ultracemco
1,787.33,86.37,"1,343.02",95.00,511.66,"23,708.79","5,107.26",480.66,"4,595.60","19,082.19",MAR'16,ultracemco
2,686.92,73.42,"1,218.29",90.00,547.45,"22,927.19","4,566.81",371.78,"4,019.36","18,732.16",MAR'15,ultracemco
3,623.29,78.20,"1,014.63",90.00,319.17,"20,279.80","4,146.94",329.04,"3,827.77","16,461.90",MAR'14,ultracemco
4,555.54,96.85,968.35,90.00,209.71,"20,179.96","4,980.48",305.00,"4,770.77","15,504.48",MAR'13,ultracemco
0,72.47,18.80,742.83,"1,030.00",22.30,"12,647.11","2,975.78",300.90,"2,953.48","9,972.23",MAR'17,asianpaint
1,61.78,16.92,666.83,750.00,27.00,"11,830.33","2,729.96",249.43,"2,702.96","9,349.80",MAR'16,asianpaint
2,44.10,13.84,606.94,610.00,31.16,"11,648.83","2,201.37",186.82,"2,170.21","9,634.28",MAR'15,asianpaint
3,37.54,12.19,482.43,530.00,28.97,"10,418.78","1,953.82",174.20,"1,924.85","8,639.16",MAR'14,asianpaint
4,315.08,109.47,404.59,460.00,33.93,"8,960.07","1,676.79",126.12,"1,642.86","7,409.40",MAR'13,asianpaint
0,374.47,102.78,"2,879.05",310.00,562.94,"1,89,303.33","13,068.42","2,012.16","12,505.48","1,78,247.06",MAR'16,bpcl
1,309.74,70.32,"2,085.60",225.00,583.10,"2,38,086.91","10,514.63","2,199.96","9,931.53","2,29,772.23",MAR'15,bpcl
2,267.72,56.16,"2,896.35",170.00,"1,359.08","2,60,074.98","9,554.88","1,454.20","8,195.80","2,51,974.31",MAR'14,bpcl
3,229.68,36.55,"2,768.87",110.00,"1,825.24","2,40,115.75","7,787.03","1,844.15","5,961.79","2,34,172.88",MAR'13,bpcl
4,412.51,36.27,"2,261.07",110.00,"1,799.59","2,11,972.97","5,568.63","1,760.34","3,769.04","2,08,164.69",MAR'12,bpcl
0,214.16,29.77,784.35,"1,945.00","3,896.16","36,663.26","16,356.36","9,710.49","12,460.20","30,017.39",MAR'17,sesagoa
1,212.48,-32.03,706.26,350.00,"3,600.44","34,094.28","15,716.04","9,926.64","12,115.60","28,304.88",MAR'16,sesagoa
2,114.63,6.50,650.13,410.00,"3,655.93","32,502.41","6,637.50","2,008.86","2,981.57","27,873.77",MAR'15,sesagoa
3,113.24,3.63,559.08,325.00,"3,564.96","28,536.53","4,128.98","1,817.06",564.02,"26,224.61",MAR'14,sesagoa
4,149.85,1.39,184.62,10.00,469.23,"2,347.63",683.84,341.99,214.61,"2,005.78",MAR'13,sesagoa
0,0.00,0.00,,0.00,,,,"4,171.49",,,MAR'17,indusindbk
1,0.00,0.00,,0.00,,,,"3,296.95",,,MAR'16,indusindbk
2,0.00,0.00,,0.00,,,,"2,548.00",,,MAR'15,indusindbk
3,0.00,0.00,,0.00,,,,"1,890.53",,,MAR'14,indusindbk
4,0.00,0.00,,0.00,,,,"1,362.96",,,MAR'13,indusindbk
0,81.44,14.97,210.99,65.00,"1,198.40","4,878.86","5,032.05","1,485.00","3,833.65","1,331.81",MAR'17,adaniports
1,65.51,14.31,178.92,55.00,929.75,"4,619.17","4,555.34","1,248.07","3,625.59","1,311.90",MAR'16,adaniports
2,53.89,10.55,157.56,55.00,708.79,"3,909.36","3,345.58",738.16,"2,636.79","1,301.94",MAR'15,adaniports
3,44.79,9.74,117.00,50.00,753.86,"4,350.26","3,419.82",682.03,"2,665.96","1,612.47",MAR'14,adaniports
4,33.45,8.76,104.38,50.00,441.90,"3,361.05","2,673.47",203.24,"2,231.57",890.82,MAR'13,adaniports
0,"1,425.01",573.33,385.05,"1,000.00",2.79,"7,037.97","2,433.12",227.31,"2,430.33","4,832.16",MAR'17,eichermot
1,850.95,482.04,342.22,"1,000.00",2.12,"6,186.19","1,991.68",283.49,"1,989.56","4,478.00",MAR'16,eichermot
2,455.23,206.24,160.90,500.00,1.67,"3,031.22",849.86,116.85,848.19,"2,298.21",DEC'14,eichermot
3,303.75,103.04,110.90,300.00,0.27,"1,702.47",393.83,80.14,393.56,"1,388.78",DEC'13,eichermot
4,232.98,53.61,78.86,200.00,0.26,"1,049.26",191.21,45.78,190.95,903.83,DEC'12,eichermot
0,588.66,132.27,960.52,550.00,1.40,"21,766.68","5,644.32","1,223.21","5,642.92","17,345.57",MAR'17,bajaj-auto
1,458.46,135.80,883.42,550.00,1.05,"22,586.52","5,855.53","1,073.59","5,854.48","17,804.58",MAR'16,bajaj-auto
2,369.50,97.24,865.24,500.00,6.49,"21,612.01","4,695.74",586.92,"4,689.25","17,503.19",MAR'15,bajaj-auto
3,332.03,112.08,696.48,500.00,0.49,"20,149.51","4,810.11",739.37,"4,809.62","16,078.77",MAR'14,bajaj-auto
4,273.07,105.18,611.76,450.00,0.54,"19,997.25","4,429.40",854.45,"4,428.86","16,422.30",MAR'13,bajaj-auto
0,0.00,0.00,,0.00,,,,"4,156.76",,,MAR'17,yesbank
1,0.00,0.00,,0.00,,,,"2,712.15",,,MAR'16,yesbank
2,0.00,0.00,,0.00,,,,"2,046.46",,,MAR'15,yesbank
3,0.00,0.00,,0.00,,,,"1,721.58",,,MAR'14,yesbank
4,0.00,0.00,,0.00,,,,"1,257.43",,,MAR'13,yesbank
0,506.13,169.11,"1,396.01","4,250.00",6.05,"28,474.99","5,157.24",522.43,"5,151.19","23,840.18",MAR'17,heromotoco
1,442.32,158.25,"1,315.93","3,600.00",4.89,"28,442.70","4,877.40",422.43,"4,872.51","23,987.73",MAR'16,heromotoco
2,327.52,119.46,"1,172.87","3,000.00",11.09,"27,585.30","4,034.92",583.52,"4,023.83","24,133.90",MAR'15,heromotoco
3,280.41,105.61,930.04,"3,250.00",11.82,"25,275.47","3,986.44",539.23,"3,974.62","21,828.26",MAR'14,heromotoco
4,250.69,106.07,820.92,"3,000.00",11.91,"23,768.11","3,682.86",491.83,"3,670.95","20,577.08",MAR'13,heromotoco
0,"2,639.75",396.78,"1,393.20",850.00,4.20,"10,612.80","2,258.30",382.60,"2,254.10","8,737.10",MAR'16,boschltd
1,"2,339.81",426.02,"1,663.10",850.00,14.30,"12,085.50","2,546.60",565.30,"2,532.30","10,104.20",MAR'15,boschltd
2,"2,004.55",281.75,"1,179.20",550.00,0.50,"8,756.70","1,641.30",352.60,"1,640.80","7,468.00",DEC'13,boschltd
3,"1,774.94",305.19,"1,037.10",600.00,5.50,"8,659.10","1,718.70",369.20,"1,713.20","7,309.60",DEC'12,boschltd
4,"1,505.86",357.55,896.10,"1,350.00",0.40,"8,165.80","1,832.20",320.30,"1,831.80","6,653.90",DEC'11,boschltd
0,87.79,14.62,274.60,160.00,39.40,"6,084.70","4,540.80","2,462.40","4,501.40","4,006.30",MAR'17,binfra
1,99.80,7.00,257.80,30.00,33.00,"5,558.30","3,060.30",640.80,"3,027.30","3,138.80",MAR'16,binfra
2,94.55,14.39,244.40,110.00,-6.50,"5,388.90","4,389.40","2,002.60","4,395.90","3,002.10",MAR'15,binfra
3,93.26,5.77,215.10,44.00,9.10,"4,999.30","2,607.10",532.00,"2,598.00","2,924.20",MAR'14,binfra
4,92.86,5.35,208.70,55.00,0.70,"4,460.10","2,427.80",686.40,"2,427.10","2,718.70",MAR'13,binfra
0,241.11,18.12,993.57,55.00,640.04,"51,914.15","5,125.93",859.88,"4,485.89","47,648.10",MAR'16,gail
1,229.56,23.96,902.62,60.00,361.30,"56,741.98","5,557.06",878.75,"5,195.76","52,063.67",MAR'15,gail
2,213.42,34.49,843.50,104.00,366.19,"57,507.93","7,599.71",919.38,"7,233.52","50,827.60",MAR'14,gail
3,191.00,31.71,782.30,96.00,195.02,"47,522.69","7,233.73",873.94,"7,038.71","41,162.90",MAR'13,gail
4,170.49,28.80,717.97,87.00,116.46,"40,440.76","6,247.18",674.64,"6,130.72","34,868.22",MAR'12,gail
0,0.00,0.00,"4,605.13",100.00,"2,688.55","47,993.02","12,290.41",488.32,"9,601.86","36,190.93",MAR'17,tatasteel
1,0.00,0.00,"4,319.89",80.00,"1,848.05","38,221.49","8,002.95",392.37,"6,154.90","30,610.91",MAR'16,tatasteel
2,684.62,66.30,"4,601.92",80.00,"1,975.95","41,785.00","10,591.58",660.19,"8,615.63","31,853.61",MAR'15,tatasteel
3,627.59,66.02,"3,673.08",100.00,"1,820.58","41,711.03","13,604.54",854.26,"11,783.96","28,960.75",MAR'14,tatasteel
4,566.94,52.13,"3,602.27",80.00,"1,876.77","38,199.43","12,028.28","1,032.97","10,151.51","27,204.12",MAR'13,tatasteel
0,96.06,4.89,593.72,140.00,71.48,"9,239.88","2,258.92",576.23,"2,187.44","7,557.19",DEC'16,ambujacem
1,66.41,5.20,589.52,140.00,91.79,"9,431.43","1,889.66",358.19,"1,797.87","7,899.96",DEC'15,ambujacem
2,65.13,9.66,581.58,250.00,64.48,"9,951.97","2,357.42",428.98,"2,292.94","8,023.53",DEC'14,ambujacem
3,61.24,8.37,502.17,180.00,65.08,"9,149.45","2,044.45",377.51,"1,979.37","7,482.51",DEC'13,ambujacem
4,56.94,8.41,478.51,180.00,75.66,"9,686.18","2,821.84",348.87,"2,746.18","7,213.21",DEC'12,ambujacem
0,46.06,10.77,288.90,250.00,126.40,"4,928.40","1,852.10",347.10,"1,725.70","3,423.40",MAR'17,zeel
1,37.58,6.86,301.50,225.00,148.60,"4,206.50","1,338.40",249.50,"1,189.80","3,117.60",MAR'16,zeel
2,26.75,7.40,272.90,225.00,1.80,"3,426.20","1,272.00",239.70,"1,270.20","2,393.90",MAR'15,zeel
3,20.32,7.96,217.30,200.00,7.20,"3,075.70","1,216.00",185.50,"1,208.80","2,045.20",MAR'14,zeel
4,35.14,6.72,184.80,200.00,1.30,"2,565.90",981.20,118.90,979.90,"1,703.60",MAR'13,zeel
0,249.25,54.45,368.63,"2,250.00","4,842.41","8,007.49","7,915.01",908.99,,"1,001.47",MAR'16,ibulhsgfin
1,182.51,55.64,279.28,"1,300.00","3,843.50","6,291.52","6,394.68",907.22,,804.06,MAR'15,ibulhsgfin
2,163.58,45.20,220.57,"1,450.00","3,232.25","5,253.86","5,140.69",474.82,,587.99,MAR'14,ibulhsgfin
3,154.34,39.29,203.62,"1,000.00","2,603.58","4,460.97","4,216.91",267.25,,511.31,MAR'13,ibulhsgfin
4,61.35,16.06,12.03,0.00,380.69,785.51,727.01,3.44,,61.94,MAR'12,ibulhsgfin
0,179.36,2.94,"1,698.06",100.00,"2,374.76","34,317.66","4,384.37","1,077.72","2,009.61","31,011.01",MAR'16,hindalco
1,180.30,4.48,"1,589.48",100.00,"1,641.83","34,525.03","4,303.47",932.22,"2,661.64","31,153.78",MAR'15,hindalco
2,177.83,6.84,"1,345.47",100.00,736.83,"27,850.93","3,641.48","1,498.73","2,904.65","25,708.18",MAR'14,hindalco
3,174.54,8.87,"1,200.80",140.00,538.22,"26,056.93","3,289.05","1,089.76","2,750.83","23,857.64",MAR'13,hindalco
4,164.41,11.68,"1,113.35",155.00,311.43,"26,596.78","3,738.35",764.13,"3,426.92","23,622.56",MAR'12,hindalco
0,323.44,69.56,"1,403.03",375.00,29.42,"12,753.15","4,574.59",88.47,"4,545.17","8,267.03",MAR'17,lupin
1,261.84,62.82,"1,218.09",375.00,24.11,"11,343.77","4,173.85",186.85,"4,149.74","7,356.77",MAR'16,lupin
2,199.59,53.33,"1,052.55",375.00,4.90,"9,752.47","3,553.88",180.63,"3,548.98","6,379.22",MAR'15,lupin
3,155.06,51.83,844.32,300.00,20.99,"8,939.38","3,327.71",415.38,"3,306.72","6,027.05",MAR'14,lupin
4,108.14,28.16,726.44,200.00,33.28,"7,122.51","1,907.23",23.31,"1,873.95","5,238.59",MAR'13,lupin
0,158.37,12.12,"1,728.97",100.00,39.20,"10,768.49","1,726.11",129.85,"1,686.91","9,172.23",MAR'17,cipla
1,148.08,18.20,"1,778.56",100.00,147.07,"11,950.69","2,333.73",280.30,"2,186.66","9,897.26",MAR'16,cipla
2,137.12,14.71,"1,499.63",100.00,136.05,"10,131.78","2,109.22",147.91,"1,973.17","8,170.47",MAR'15,cipla
3,125.31,17.29,"1,284.75",100.00,127.86,"9,456.90","2,269.81",280.28,"2,141.95","7,467.37",MAR'14,cipla
4,110.36,18.77,969.28,100.00,33.38,"8,202.42","2,348.27",229.13,"2,314.89","6,083.28",MAR'13,cipla
0,116.38,27.68,809.79,250.00,229.31,"9,166.18","2,632.36",183.32,"2,403.05","6,717.14",MAR'16,auropharma
1,183.55,51.93,668.75,450.00,132.14,"8,095.10","2,317.64",67.22,"2,185.50","5,844.68",MAR'15,auropharma
2,137.65,40.21,514.21,300.00,288.84,"7,110.71","1,994.27",74.80,"1,705.43","5,191.24",MAR'14,auropharma
3,100.93,17.03,431.42,150.00,250.06,"5,425.10",984.57,26.51,734.51,"4,467.04",MAR'13,auropharma
4,85.65,-1.46,364.10,100.00,267.58,"4,281.45",592.55,19.06,324.97,"3,707.96",MAR'12,auropharma
0,167.89,31.30,"7,744.40",180.00,63.80,"23,165.40","4,564.70","1,260.00","4,500.90","19,860.70",MAR'17,techm
1,149.29,32.81,"7,429.00",240.00,53.30,"20,969.80","4,471.30","1,204.70","4,418.00","17,703.20",MAR'16,techm
2,112.87,23.48,"7,201.20",120.00,47.90,"19,162.70","3,382.80",476.40,"3,334.90","16,256.30",MAR'15,techm
3,358.44,115.01,"6,971.50",200.00,86.80,"16,295.10","3,631.60",507.10,"3,544.80","13,170.60",MAR'14,techm
4,319.34,50.94,"2,513.80",50.00,109.00,"6,001.90","1,083.20",36.00,974.20,"4,954.70",MAR'13,techm
0,694.83,83.48,"1,803.30",400.00,57.20,"9,719.80","2,336.80",591.20,"2,279.60","7,974.20",MAR'17,drreddy
1,702.69,80.56,"1,693.40",400.00,64.10,"10,291.90","2,390.20",324.90,"2,326.10","8,226.60",MAR'16,drreddy
2,618.75,98.56,"1,490.90",400.00,63.80,"10,011.00","2,613.90",222.80,"2,550.10","7,619.90",MAR'15,drreddy
3,543.33,113.56,"1,419.90",360.00,78.30,"9,728.00","2,913.20",189.70,"2,834.90","7,004.50",MAR'14,drreddy
4,454.35,74.53,"1,138.10",300.00,61.40,"8,434.00","2,127.40",141.70,"2,066.00","6,448.30",MAR'13,drreddy
0,0.00,0.00,,0.00,,,,"6,758.06",,,MAR'17,bankbaroda
1,0.00,0.00,,0.00,,,,"4,998.86",,,MAR'16,bankbaroda
2,0.00,0.00,,0.00,,,,"4,402.00",,,MAR'15,bankbaroda
3,0.00,0.00,,0.00,,,,"4,462.74",,,MAR'14,bankbaroda
4,0.00,0.00,,0.00,,,,"3,630.62",,,MAR'13,bankbaroda
0,461.22,32.08,778.31,170.00,72.87,"11,158.34","1,529.71",118.67,"1,456.84","9,747.30",DEC'16,accltd
1,449.69,31.51,769.87,170.00,67.32,"11,796.83","1,656.52",128.67,"1,589.20","10,268.98",DEC'15,accltd
2,438.64,62.23,746.59,340.00,82.76,"11,738.21","1,775.54",285.94,"1,692.78","10,248.61",DEC'14,accltd
3,416.76,58.36,661.27,300.00,113.55,"11,149.61","1,914.46",293.13,"1,800.91","9,528.28",DEC'13,accltd
4,393.21,56.52,616.65,300.00,189.26,"11,357.96","2,535.01",339.43,"2,345.75","9,162.38",DEC'12,accltd
0,53.61,1.05,660.80,130.00,"1,295.68","7,202.25","3,087.47","1,069.43","1,791.79","5,184.21",MAR'17,tatapower
1,54.61,5.01,648.47,130.00,"1,146.12","8,690.51","3,484.87","1,035.63","2,338.75","6,241.27",MAR'16,tatapower
2,54.86,3.74,686.52,130.00,"1,047.46","8,250.19","3,138.40","1,452.18","2,090.94","6,563.97",MAR'15,tatapower
3,51.64,4.02,544.95,125.00,868.21,"8,675.53","2,946.51",655.76,"2,078.30","6,384.78",MAR'14,tatapower
4,48.98,4.32,547.60,115.00,684.41,"9,567.28","2,751.89",722.54,"2,067.48","7,537.93",MAR'13,tatapower
